archivo,piezas,ref,ours,delta,refLayer,ourLayer,refType2,ourType2,refMov,ourMov,refM,ourM,ms,estado,detalle
"4000012__gloria adriana_cortines4000012.xml","25","3","3","0","4","4","16","23","22","22","15.024","11.179","424","OK",""
"4000022__Diego_Morlino4000022.xml","48","4","4","0","4","5","31","41","44","44","37.18059999999999","28.0081","565","OK",""
"4000032__gloria adriana_cortines4000032.xml","12","2","2","0","4","5","10","11","10","10","5.755","5.97","64","OK",""
"4000040__Martin_Quiroga4000040.xml","92","3","2","-1","4","6","41","35","89","90","39.596","29.088","266","OK",""
"4000044__Andrea_Almada4000044.xml","61","2","2","0","4","5","33","50","59","59","30.877599999999997","21.560599999999997","533","OK",""
"4000052__Martin_Quiroga4000052.xml","92","3","2","-1","4","6","41","35","89","90","39.588","29.082","250","OK",""
"4000053__Mega_Maderas4000053.xml","15","1","1","0","4","5","9","13","14","14","5.306599999999999","6.260599999999998","194","OK",""
"4000056__Ramiro_Hernandez4000056.xml","24","2","2","0","4","5","19","24","22","22","12.864799999999997","9.916799999999997","149","OK",""
"4000060__Cesar_Carpintero4000060.xml","78","10","10","0","4","6","53","81","68","68","35.9996","32.476600000000005","829","OK",""
"4000062__Antonio_Franco4000062.xml","170","13","13","0","4","6","94","131","157","157","78.1575","79.3355","18049","OK",""
"4000074__ELSA_M4000074.xml","11","1","1","0","4","5","6","10","10","10","4.85","3.385","61","OK",""
"4000076__Ramiro_Hernandez4000076.xml","5","1","1","0","4","5","3","6","4","4","2.4716","1.5095999999999998","23","OK",""
"4000079__Dinorah_Contreras4000079.xml","9","1","1","0","4","4","8","11","8","8","4.152","3.0023999999999997","42","OK",""
"4000122__CARELY MARIA_MARTINEZ HERRERA4000122.xml","56","5","5","0","3","4","18","15","51","51","29.653000000000002","24.382","179","OK",""
"4000145__Jose_Nava4000145.xml","20","1","1","0","3","5","11","15","19","19","4.6055","4.4955","50","OK",""
"4000195__Agustin _Fortunato 4000195.xml","","","","","","","","","","","","","","SKIP","formato excluido: raíz distinta de <project>"
"4000259__Mega_Maderas4000259.xml","57","5","5","0","4","4","23","32","52","52","30.651999999999994","28.19879999999999","332","OK",""
"4000270__Mega_Maderas4000270.xml","23","3","3","0","4","6","9","27","20","20","11.422","7.4734","54","OK",""
"4000310__Andrea_Almada4000310.xml","123","2","2","0","4","5","55","35","121","121","65.14800000000005","26.75020000000001","127","OK",""
"4000325__Adrian _Ferrer4000325.xml","","","","","","","","","","","","","","SKIP","formato excluido: raíz distinta de <project>"
"4000335__mgmb10_mgmb104000335.xml","7","2","2","0","4","4","3","4","5","5","3.325","3.265","20","OK",""
"4000339__mgmb10_mgmb104000339.xml","7","2","2","0","4","4","3","4","5","5","3.325","3.265","24","OK",""
"4000357__Andrea_Almada4000357.xml","61","2","2","0","4","4","24","33","59","59","22.543999999999993","16.201400000000007","355","OK",""
"4000375__Nelly_Araujo4000375.xml","33","1","1","0","4","4","28","26","32","32","8.757","7.292","139","OK",""
"4000376__Mega_Maderas4000376.xml","16","5","5","0","3","6","9","16","11","11","9.1434","6.4172","1659","OK",""
"4000382__Nelly_Araujo4000382.xml","33","1","1","0","4","4","28","26","32","32","8.757","7.292","145","OK",""
"4000393__Adrian _Ferrer4000393.xml","","","","","","","","","","","","","","SKIP","formato excluido: raíz distinta de <project>"
"4000417__Adrian _Ferrer4000417.xml","","","","","","","","","","","","","","SKIP","formato excluido: raíz distinta de <project>"
"4000428__Andrea_Almada4000428.xml","66","3","3","0","4","5","37","47","63","63","34.121","27.4542","610","OK",""
"4000431__Adrian _Ferrer4000431.xml","","","","","","","","","","","","","","SKIP","formato excluido: raíz distinta de <project>"
"4000444__snrodriguez_snrodriguez4000444.xml","43","4","4","0","4","5","22","37","39","39","26.932","25.683","208","OK",""
"4000452__snrodriguez_snrodriguez4000452.xml","20","1","1","0","4","6","5","18","19","19","7.786","2.095","59","OK",""
"4000484__Ramiro_Montes4000484.xml","86","4","4","0","4","6","35","49","82","82","36.958","30.888","331","OK",""
"4000487__Andrea_Almada4000487.xml","72","2","2","0","4","5","28","47","70","70","28.22119999999999","21.443199999999997","451","OK",""
"4000507__Nelly_Araujo4000507.xml","8","1","1","0","3","3","2","8","7","7","3.0015","2.1315","16","OK",""
"4000509__Nelly_Araujo4000509.xml","12","1","1","0","3","5","3","9","11","11","4.5195","3.9495","18","OK",""
"4000518__lupita_lopez4000518.xml","9","1","1","0","3","5","3","4","8","8","4.4566","3.4825999999999993","30","OK",""
"4000530__alexandra_de la fuente hernandez4000530.xml","4","1","","","","","","","","","","","0","ERROR","La pieza ""P1"" (2440×400 mm) no entra en una placa útil de 2435×1215 mm."
"4000542__Adrian _Ferrer4000542.xml","","","","","","","","","","","","","","SKIP","formato excluido: raíz distinta de <project>"
"4000551__gloria adriana_cortines4000551.xml","16","3","3","0","4","3","9","9","13","13","10.0025","7.1235","48","OK",""
"4000552__Jair_Rivas4000552.xml","74","5","5","0","4","6","28","33","69","69","30.9205","26.287","797","OK",""
"4000556__christian_chavez4000556.xml","7","1","1","0","3","6","4","6","6","6","4.438","2.563","14","OK",""
"4000559__Jair_Rivas4000559.xml","21","3","3","0","4","6","13","20","18","18","12.271","13.185","465","OK",""
"4000560__Jair_Rivas4000560.xml","18","3","3","0","4","6","13","16","15","15","13.5375","11.5435","66","OK",""
"4000565__Carlos Gustavo_San Miguel4000565.xml","20","2","2","0","4","4","12","14","18","18","8.544399999999998","6.647399999999999","76","OK",""
"4000570__Jair_Rivas4000570.xml","11","1","1","0","3","3","2","2","10","10","4.354","4.354","24","OK",""
"4000591__gloria adriana_cortines4000591.xml","38","4","4","0","4","4","19","23","34","34","18.297","18.478","198","OK",""
"4000592__CTO_PRETINI MUEBLES4000592.xml","35","2","2","0","4","6","29","37","33","33","18.715199999999996","16.6846","173","OK",""
"4000608__gloria adriana_cortines4000608.xml","3","1","1","0","3","3","2","2","2","2","1.326","1.27","10","OK",""
"4000614__Mega_Maderas4000614.xml","31","3","3","0","4","5","17","30","28","28","11.504599999999998","12.68","176","OK",""
"4000616__Mega_Maderas4000616.xml","84","4","4","0","4","5","52","48","80","80","33.317","32.267199999999995","573","OK",""
"4000618__Mega_Maderas4000618.xml","44","2","2","0","4","5","31","39","42","42","13.352799999999998","13.700600000000001","371","OK",""
"4000620__Mega_Maderas4000620.xml","45","2","2","0","4","4","36","37","43","43","13.157199999999994","12.852199999999995","339","OK",""
"4000622__alexandra_de la fuente hernandez4000622.xml","7","1","1","0","4","4","5","5","6","6","2.997","2.136","29","OK",""
"4000627__gloria adriana_cortines4000627.xml","3","1","1","0","3","3","2","2","2","2","1.3278","1.2724000000000002","6","OK",""
"4000633__Andrea_Almada4000633.xml","163","5","5","0","4","5","88","109","158","158","71.0618","68.34979999999999","400","OK",""
"4000635__Carlos Gustavo_San Miguel4000635.xml","113","11","11","0","6","6","76","99","102","102","77.43879999999999","68.5564","798","OK",""
"4000641__Nelly_Araujo4000641.xml","14","2","2","0","3","3","5","7","12","12","6.054","6.054","18","OK",""
"4000644__christian_chavez4000644.xml","7","1","1","0","3","6","4","6","6","6","4.438","2.563","10","OK",""
"4000657__Carlos Gustavo_San Miguel4000657.xml","47","1","1","0","5","6","18","50","46","46","11.736399999999989","13.127599999999987","213","OK",""
"4000694__Andrea_Almada4000694.xml","16","2","2","0","4","5","16","15","14","14","9.3676","6.5935999999999995","90","OK",""
"4000708__alexandra_de la fuente hernandez4000708.xml","6","1","1","0","4","4","4","5","5","5","3.8085","2.0435","20","OK",""
"4000720__alexandra_de la fuente hernandez4000720.xml","12","2","2","0","4","5","10","15","10","10","6.747","5.29","62","OK",""
"4000727__Martin_Quiroga4000727.xml","90","2","2","0","4","5","26","36","88","88","28.569","27.165","258","OK",""
"4000729__lupita_lopez4000729.xml","20","3","3","0","4","4","17","11","17","17","10.5465","10.0265","88","OK",""
"4000731__Franco_Mouzo4000731.xml","","","","","","","","","","","","","","SKIP","formato excluido: raíz distinta de <project>"
"4000737__Edgar Efrain_Renero Hernandez4000737.xml","85","8","8","0","4","6","49","73","77","77","41.307300000000005","37.77890000000001","450","OK",""
"4000750__Martin_Quiroga4000750.xml","24","2","2","0","4","6","13","13","22","22","12.682","11.427","87","OK",""
"4000774__Paul_Vega4000774.xml","","","","","","","","","","","","","","SKIP","formato excluido: raíz distinta de <project>"
"4000776__Martin_Quiroga4000776.xml","22","2","2","0","4","6","10","12","20","20","12.402","10.869","64","OK",""
"4000794__Edgar Efrain_Renero Hernandez4000794.xml","51","4","4","0","4","5","19","32","47","47","21.7237","18.481299999999997","315","OK",""
"4000798__Martin_Quiroga4000798.xml","22","2","2","0","4","6","10","12","20","20","12.402","10.869","70","OK",""
"4000806__Mega_Maderas4000806.xml","81","8","8","0","4","6","44","53","73","73","42.21939999999999","36.995","834","OK",""
"4000808__Mega_Maderas4000808.xml","24","3","3","0","4","6","14","28","21","21","10.4294","8.959400000000002","150","ERROR","multiset piezas; "
"4000812__Mega_Maderas4000812.xml","8","3","3","0","4","6","7","10","5","5","4.512","3.477","758","OK",""
"4000819__Nelly_Araujo4000819.xml","74","9","8","-1","4","6","54","61","65","66","34.6625","35.2065","1369","OK",""
"4000820__Martin_Quiroga4000820.xml","25","2","2","0","4","4","13","10","23","23","13.642","8.93","83","OK",""
"4000824__Martin_Quiroga4000824.xml","25","2","2","0","4","4","13","10","23","23","13.642","8.93","76","OK",""
"4000828__Diego Ezequiel_Diaz Giunta4000828.xml","","","","","","","","","","","","","","SKIP","formato excluido: raíz distinta de <project>"
"4000853__Mega_Maderas4000853.xml","37","2","2","0","4","6","23","27","35","35","8.273999999999997","7.703999999999998","360","ERROR","multiset piezas; "
"4000855__Mega_Maderas4000855.xml","4","1","1","0","3","3","3","1","3","3","1.0131999999999999","1.0131999999999999","16","ERROR","multiset piezas; "
"4000857__Martin_Quiroga4000857.xml","28","2","2","0","4","4","23","15","26","26","22.358","12.256","105","OK",""
"4000860__Martin_Quiroga4000860.xml","25","2","2","0","4","4","13","10","23","23","13.642","8.93","79","OK",""
"4000861__Isidro_Reyes4000861.xml","17","1","1","0","4","4","14","15","16","16","6.749599999999999","6.0454","110","OK",""
"4000864__Nelly_Araujo4000864.xml","29","5","","","","","","","","","","","0","ERROR","La pieza ""P11"" (2440×70 mm) no entra en una placa útil de 2435×1215 mm."
"4000866__Martin_Quiroga4000866.xml","28","2","2","0","4","4","23","15","26","26","22.358","12.256","103","OK",""
"4000868__Martin_Quiroga4000868.xml","28","2","2","0","4","4","23","15","26","26","22.358","12.256","100","OK",""
"4000870__Isidro_Reyes4000870.xml","22","1","1","0","4","5","13","17","21","21","7.379699999999999","7.5722999999999985","87","OK",""
"4000877__Martin_Quiroga4000877.xml","28","2","2","0","4","4","23","15","26","26","22.358","12.256","109","OK",""
"4000884__Isidro_Reyes4000884.xml","35","2","2","0","4","5","24","22","33","33","12.433699999999996","11.624099999999999","262","OK",""
"4000893__Mega_Maderas4000893.xml","27","2","2","0","4","4","12","19","25","25","8.928799999999999","7.428","92","OK",""
"4000912__Nelly_Araujo4000912.xml","62","3","3","0","4","6","39","64","59","59","20.2815","19.7065","538","OK",""
"4000917__Nelly_Araujo4000917.xml","22","2","2","0","4","6","13","18","20","20","9.31","7.545","134","OK",""
"4000930__FANY_PUENTE4000930.xml","14","2","2","0","4","4","10","8","12","12","11.064","8.154","45","OK",""
"4000939__mariano_cenzano4000939.xml","30","3","3","0","4","6","16","24","27","27","17.323799999999995","17.340799999999994","193","OK",""
"4001018__Alan martin_Flores Machado4001018.xml","20","1","1","0","4","6","11","32","19","19","8.753599999999997","6.653599999999998","97","OK",""
"4001026__FANY_PUENTE4001026.xml","56","2","2","0","4","6","31","45","54","54","16.308","15.6725","371","OK",""
"4001039__Nayla_Augier4001039.xml","87","7","","","","","","","","","","","0","ERROR","La pieza ""P3"" (2600×600 mm) no entra en una placa útil de 2595×1825 mm."
"4001050__Nayla_Augier4001050.xml","14","3","3","0","4","4","10","10","11","11","7.344","6.42","26","OK",""
"4001063__Nayla_Augier4001063.xml","114","8","8","0","4","5","57","71","106","106","66.044","54.072","572","OK",""
"4001084__Alan_Cruz4001084.xml","61","4","4","0","4","6","30","51","57","57","27.381199999999996","22.044399999999992","686","OK",""
"4001118__Florencia_Van kerckhoven4001118.xml","","","","","","","","","","","","","","SKIP","formato excluido: raíz distinta de <project>"
"4001124__Carlos Gustavo_San Miguel4001124.xml","91","8","8","0","6","5","66","69","83","83","50.5856","45.7722","9602","OK",""
"4001144__Gustavo Antonio_Soda4001144.xml","9","1","1","0","4","6","6","8","8","8","3.8517","2.8556","40","OK",""
"4001187__Alan_Cruz4001187.xml","52","5","5","0","4","6","31","60","47","47","22.1872","24.39999999999999","591","OK",""
"4001191__Gustavo_Viglione4001191.xml","","","","","","","","","","","","","","SKIP","formato excluido: raíz distinta de <project>"
"4001192__dario.siciliani_dario.siciliani4001192.xml","4","1","1","0","3","3","2","2","3","3","2.825","1.87","8","OK",""
"4001195__Ruben_Cisneros4001195.xml","23","3","3","0","4","6","12","25","20","20","9.976399999999998","7.808799999999999","106","OK",""
"4001204__dario.siciliani_dario.siciliani4001204.xml","2","1","1","0","3","3","2","2","1","1","1.139","0.635","6","OK",""
"4001219__Marcos_Pagella4001219.xml","31","2","2","0","5","6","29","34","29","29","15.198599999999999","12.103599999999997","185","OK",""
"4001223__Ruben_Cisneros4001223.xml","26","2","2","0","4","5","18","25","24","24","13.581599999999998","10.360100000000001","120","OK",""
"4001233__dario.siciliani_dario.siciliani4001233.xml","16","2","2","0","4","5","7","12","14","14","8.35","7.64","43","OK",""
"4001236__Pablo Hernan_Ursino4001236.xml","43","3","3","0","4","6","28","38","40","40","21.934399999999997","17.344","359","OK",""
"4001243__gloria adriana_cortines4001243.xml","19","2","2","0","4","6","11","14","17","17","10.7015","5.8315","70","OK",""
"4001244__Rogelio_Morales ramirez4001244.xml","55","4","4","0","4","5","24","34","51","51","20.5361","19.572300000000002","222","OK",""
"4001246__dario.siciliani_dario.siciliani4001246.xml","16","2","2","0","4","4","8","12","14","14","7.19","8.37","45","OK",""
"4001248__Rogelio_Morales ramirez4001248.xml","16","2","2","0","4","6","10","10","14","14","7.0718","6.5166","39","OK",""
"4001252__Jorge Ivan_Garcia Perez4001252.xml","30","4","3","-1","4","6","20","28","26","27","12.719","11.6605","139","OK",""
"4001259__Ruben_Cisneros4001259.xml","50","3","3","0","4","6","25","39","47","47","25.7771","18.6379","444","OK",""
"4001260__Alan_Cruz4001260.xml","35","4","4","0","4","6","26","35","31","31","17.522","16.2714","404","OK",""
"4001270__Gustavo_Viglione4001270.xml","","","","","","","","","","","","","","SKIP","formato excluido: raíz distinta de <project>"
"4001274__Mega_Maderas4001274.xml","21","2","2","0","3","4","2","22","19","19","2.1233999999999997","2.0784","25","OK",""
"4001284__Andrea_Almada4001284.xml","76","5","5","0","4","5","36","41","71","71","48.5472","36.860800000000005","403","ERROR","multiset piezas; "
"4001286__Jorge Ivan_Garcia Perez4001286.xml","72","6","6","0","4","5","37","47","66","66","30.792","29.0035","393","OK",""
"4001290__Andrea_Almada4001290.xml","1","1","1","0","3","3","1","1","0","0","0","0","1","OK",""
"4001292__Pablo Hernan_Ursino4001292.xml","33","2","2","0","4","6","22","26","31","31","16.8726","13.837199999999998","234","OK",""
"4001295__fernando_bravo4001295.xml","80","4","4","0","4","5","35","53","76","76","38.253399999999985","34.582399999999986","568","OK",""
"4001303__Pablo Hernan_Ursino4001303.xml","10","2","2","0","4","5","7","8","8","8","5.936199999999999","4.8351999999999995","703","OK",""
"4001307__marcos_de leon4001307.xml","55","3","3","0","4","6","33","34","52","52","25.622799999999994","27.943799999999996","349","OK",""
"4001313__Nelly_Araujo4001313.xml","8","2","2","0","3","3","5","5","6","6","4.019","4.019","22","OK",""
"4001317__Alan_Cruz4001317.xml","18","2","2","0","4","4","13","15","16","16","9.100400000000002","6.7344","96","OK",""
"4001325__Gustavo Antonio_Soda4001325.xml","42","6","6","0","4","6","33","57","36","36","20.0379","19.7167","260","OK",""
"4001337__mariann.tissino_mariann.tissino4001337.xml","57","2","2","0","4","5","32","40","55","55","29.429","23.097","283","OK",""
"4001342__mariann.tissino_mariann.tissino4001342.xml","57","2","2","0","4","5","32","40","55","55","29.429","23.097","292","OK",""
"4001346__Paulo_Ledesma4001346.xml","120","8","8","0","7","6","78","80","112","112","68.11099999999999","62.23999999999998","849","OK",""
"4001352__Gustavo Antonio_Soda4001352.xml","24","4","4","0","4","5","22","26","20","20","19.9235","12.6615","177","OK",""
"4001364__Carpinteria Arcidiacono_Arcidiacono4001364.xml","","","","","","","","","","","","","","SKIP","formato excluido: raíz distinta de <project>"
"4001367__Nelly_Araujo4001367.xml","2","1","1","0","3","3","1","1","1","1","0.6045","0.6045","3","OK",""
"4001380__mariann.tissino_mariann.tissino4001380.xml","28","1","1","0","4","5","15","27","27","27","8.367","3.534","107","OK",""
"4001385__mariann.tissino_mariann.tissino4001385.xml","29","1","1","0","4","6","18","23","28","28","17.516","13.295","251","OK",""
"4001392__Carmen_Canet4001392.xml","166","9","9","0","4","6","97","123","157","157","85.665","92.283","300","OK",""
"4001398__Gustavo Antonio_Soda4001398.xml","7","1","1","0","4","6","6","7","6","6","6.5179","4.108899999999999","33","OK",""
"4001403__Juan Pablo_Gauna4001403.xml","","","","","","","","","","","","","","SKIP","formato excluido: raíz distinta de <project>"
"4001405__Carpinteria Arcidiacono_Arcidiacono4001405.xml","","","","","","","","","","","","","","SKIP","formato excluido: raíz distinta de <project>"
"4001409__fernando_bravo4001409.xml","11","2","1","-1","4","6","6","15","9","10","7.196599999999998","7.3973999999999975","141","OK",""
"4001419__Juan Pablo_Gauna4001419.xml","","","","","","","","","","","","","","SKIP","formato excluido: raíz distinta de <project>"
"4001424__Carmen_Canet4001424.xml","29","3","3","0","4","5","16","24","26","26","17.424","16.408","135","OK",""
"4001432__Gustavo_Viglione4001432.xml","","","","","","","","","","","","","","SKIP","formato excluido: raíz distinta de <project>"
"4001437__fernando_bravo4001437.xml","10","2","2","0","4","6","7","11","8","8","6.9352","5.389600000000001","76","OK",""
"4001442__mariann.tissino_mariann.tissino4001442.xml","7","2","2","0","3","3","4","2","5","5","3.742","2.025","20","OK",""
"4001448__mariann.tissino_mariann.tissino4001448.xml","7","1","1","0","4","3","3","3","6","6","4.409","3.095","18","OK",""
"4001455__ELSA_M4001455.xml","31","4","4","0","4","5","14","16","27","27","15.4405","13.9655","125","OK",""
"4001462__Jorge_Garcia Cortes4001462.xml","96","10","10","0","4","6","60","83","86","86","55.67","51.4715","333","OK",""
"4001463__Carmen_Canet4001463.xml","16","3","","","","","","","","","","","0","ERROR","La pieza ""P1"" (2750×80 mm) no entra en una placa útil de 2745×1825 mm."
"4001469__ivan_chavez4001469.xml","","","","","","","","","","","","","","SKIP","formato excluido: raíz distinta de <project>"
"4001491__dariosm78_dariosm784001491.xml","32","2","2","0","4","6","23","37","30","30","18.359","10.614","153","OK",""
"4001494__dariosm78_dariosm784001494.xml","32","2","2","0","4","6","23","37","30","30","18.359","10.614","162","OK",""
"4001502__ELSA_M4001502.xml","68","7","7","0","4","6","33","51","61","61","32.1895","29.079","294","OK",""
"4001509__dariosm78_dariosm784001509.xml","47","2","2","0","4","4","30","42","45","45","25.63","15.643","310","OK",""
"4001511__dariosm78_dariosm784001511.xml","47","2","2","0","4","4","30","42","45","45","25.63","15.643","251","OK",""
"4001535__Claudio Hugo_Maderea4001535.xml","91","7","7","0","4","6","66","67","84","84","60.374599999999994","52.928599999999996","756","OK",""
"4001543__dariosm78_dariosm784001543.xml","50","2","2","0","4","5","29","42","48","48","26.115","17.803","261","OK",""
"4001548__dariosm78_dariosm784001548.xml","50","2","2","0","4","5","29","42","48","48","26.115","17.803","257","OK",""
"4001551__alexandra_de la fuente hernandez4001551.xml","5","1","1","0","3","5","3","6","4","4","3.028","1.048","18","OK",""
"4001555__alexandra_de la fuente hernandez4001555.xml","5","1","1","0","3","5","3","6","4","4","3.028","1.048","28","OK",""
"4001560__Mega_Maderas4001560.xml","10","2","2","0","4","4","9","12","8","8","4.7951999999999995","3.7241999999999997","44","OK",""
"4001562__Cesar_Carpintero4001562.xml","53","4","4","0","4","6","27","47","49","49","22.1552","20.464599999999997","433","OK",""
"4001567__Jonatan_Estigarribia4001567.xml","","","","","","","","","","","","","","SKIP","formato excluido: raíz distinta de <project>"
"4001574__martin_maineri4001574.xml","3","1","1","0","3","3","2","2","2","2","2.8588","1.3488","33","OK",""
"4001579__ivan_chavez4001579.xml","","","","","","","","","","","","","","SKIP","formato excluido: raíz distinta de <project>"
"4001590__Nerina_Scazzola4001590.xml","9","2","2","0","4","5","7","8","7","7","4.934799999999999","3.9488000000000003","38","OK",""
"4001594__Claudio Hugo_Maderea4001594.xml","9","2","2","0","4","4","6","6","7","7","7.034800000000001","5.2658000000000005","34","OK",""
"4001596__Santiago Nicolas_Maldonado4001596.xml","33","1","1","0","4","6","28","45","32","32","13.929799999999995","9.772799999999995","170","OK",""
"4001597__Cesar_Carpintero4001597.xml","20","4","4","0","4","4","10","14","16","16","8.524799999999999","7.939","83","OK",""
"4001598__Nayla_Augier4001598.xml","57","4","4","0","4","5","39","40","53","53","35.895","30.007","653","OK",""
"4001616__dariosm78_dariosm784001616.xml","52","3","3","0","4","6","36","72","49","49","28.276","22.476","4040","OK",""
"4001622__dariosm78_dariosm784001622.xml","52","3","3","0","4","6","36","72","49","49","28.276","22.476","4071","OK",""
"4001623__dariosm78_dariosm784001623.xml","49","3","2","-1","4","6","31","52","46","47","26.466","18.182","287","OK",""
"4001627__dariosm78_dariosm784001627.xml","49","3","2","-1","4","6","31","52","46","47","26.466","18.182","257","OK",""
"4001629__Dinorah_Contreras4001629.xml","25","3","3","0","4","3","11","11","22","22","9.27","8.553","1756","OK",""
"4001639__dariosm78_dariosm784001639.xml","46","2","2","0","4","4","30","37","44","44","22.196","13.882","251","OK",""
"4001642__dariosm78_dariosm784001642.xml","46","2","2","0","4","4","30","37","44","44","22.196","13.882","270","OK",""
"4001646__ARIEL FABIAN_RICHETTI4001646.xml","","","","","","","","","","","","","","SKIP","formato excluido: raíz distinta de <project>"
"4001647__Nayla_Augier4001647.xml","18","2","2","0","4","5","15","18","16","16","9.06","7.646","86","OK",""
"4001652__Jorge_Garcia Cortes4001652.xml","29","3","3","0","4","4","26","23","26","26","17.2016","14.2156","229","OK",""
"4001663__Dinorah_Contreras4001663.xml","124","12","12","0","4","6","71","85","112","112","67.986","64.702","366","OK",""
"4001673__martin_maineri4001673.xml","34","2","2","0","4","5","18","27","32","32","19.234799999999996","14.990799999999995","242","OK",""
"4001689__Nayla_Augier4001689.xml","21","2","2","0","4","6","13","22","19","19","11.435","11.364","85","OK",""
"4001697__Nayla_Augier4001697.xml","38","5","5","0","4","6","26","39","33","33","25.784","22.332","5644","OK",""
"4001720__jose luis_capdevila4001720.xml","","","","","","","","","","","","","","SKIP","formato excluido: raíz distinta de <project>"
"4001728__Mega_Maderas4001728.xml","87","4","4","0","4","6","58","86","83","83","40.221199999999996","28.6594","662","OK",""
"4001744__Richard_Torres4001744.xml","12","3","3","0","4","5","10","12","9","9","12.667","9.606800000000002","54","OK",""
"4001745__Richard_Torres4001745.xml","53","5","5","0","4","4","30","38","48","48","29.4542","22.171400000000002","392","OK",""
"4001746__Richard_Torres4001746.xml","10","3","","","","","","","","","","","0","ERROR","La pieza ""P1"" (2600×456 mm) no entra en una placa útil de 2595×1825 mm."
"4001775__Maria_Diaz4001775.xml","41","3","3","0","4","5","29","29","38","38","15.602199999999998","15.091199999999997","298","OK",""
"4001782__Carlos Gustavo_San Miguel4001782.xml","112","10","10","0","6","5","76","80","102","102","68.58279999999999","68.58019999999998","893","OK",""
"4001784__Nerina_Scazzola4001784.xml","73","4","4","0","4","6","55","50","70","69","40.038999999999994","34.46499999999999","1078","OK",""
"4001788__Andrea_Almada4001788.xml","62","2","2","0","4","6","32","89","60","60","32.022200000000005","23.6114","323","OK",""
"4001789__Carlos Gustavo_San Miguel4001789.xml","48","1","1","0","5","4","16","21","47","47","18.836399999999994","7.448799999999992","165","OK",""
"4001792__ruben_gualtieri_59_ruben_gualtieri_594001792.xml","47","3","3","0","4","6","25","63","44","44","24.117","24.25","292","OK",""
"4001794__ruben_gualtieri_59_ruben_gualtieri_594001794.xml","47","3","3","0","4","6","25","63","44","44","24.117","24.25","274","OK",""
"4001805__Carlos Gustavo_San Miguel4001805.xml","20","2","2","0","4","3","9","13","18","18","7.705999999999997","6.3222","59","OK",""
"4001806__Maria_Diaz4001806.xml","22","1","1","0","3","4","2","13","21","21","4.962399999999998","3.9324000000000003","35","OK",""
"4001809__ruben_gualtieri_59_ruben_gualtieri_594001809.xml","54","3","3","0","4","6","25","35","51","51","30.153","27.988","446","OK",""
"4001833__Francisco Javier_Arevalo Portilla4001833.xml","","","","","","","","","","","","","","SKIP","formato excluido: raíz distinta de <project>"
"4001836__jose luis_capdevila4001836.xml","","","","","","","","","","","","","","SKIP","formato excluido: raíz distinta de <project>"
"4001853__ruben_gualtieri_59_ruben_gualtieri_594001853.xml","31","2","2","0","4","4","14","14","29","29","13.571","11.23","119","OK",""
"4001862__Carlos_Rojas4001862.xml","15","1","1","0","4","4","2","4","14","14","2.1566","1.4516000000000004","43","OK",""
"4001878__gustavodg70_gustavodg704001878.xml","11","1","1","0","4","6","7","21","10","10","3.688","3.431","52","OK",""
"4001882__Jesus Alejandro Blancas Flores_Blancas Flores4001882.xml","98","9","","","","","","","","","","","0","ERROR","La pieza ""P25"" (2440×105 mm) no entra en una placa útil de 2435×1215 mm."
"4001883__DIEGO RICARDO_LAFUENTE4001883.xml","29","3","3","0","4","4","11","18","26","26","18.216199999999997","13.821599999999998","2646","OK",""
"4001887__Mario_Fuentes4001887.xml","44","3","3","0","4","4","35","32","41","41","19.830399999999994","20.555399999999995","505","OK",""
"4001893__DIEGO RICARDO_LAFUENTE4001893.xml","30","3","3","0","4","4","12","18","27","27","17.4958","14.349999999999998","2924","OK",""
"4001898__Mario_Fuentes4001898.xml","10","1","1","0","4","5","5","8","9","9","6.1876","5.9536","31","OK",""
"4001899__DIEGO RICARDO_LAFUENTE4001899.xml","30","3","2","-1","4","5","11","22","27","28","14.585999999999999","12.678799999999999","180","OK",""
"4001905__DIEGO RICARDO_LAFUENTE4001905.xml","6","1","1","0","3","3","2","2","5","5","4.46","2.657","6","OK",""
"4001923__Mario_Fuentes4001923.xml","23","1","1","0","4","5","11","8","22","22","11.118799999999995","7.588799999999997","97","ERROR","multiset piezas; "
"4001926__Mario_Fuentes4001926.xml","3","1","1","0","4","4","2","2","2","2","1.7988","1.3888","9","OK",""
"4001932__Leandro david_Profita4001932.xml","46","4","4","0","4","5","26","25","42","42","30.64529999999999","25.671799999999994","309","OK",""
"4001954__Patricio_Gonzalez Diaz4001954.xml","29","3","3","0","4","6","15","17","26","26","13.793899999999997","10.5968","104","OK",""
"4001964__dario.siciliani_dario.siciliani4001964.xml","50","2","2","0","4","5","30","39","48","48","23.998","18.948","362","OK",""
"4001967__dario.siciliani_dario.siciliani4001967.xml","11","2","2","0","4","4","7","7","9","9","6.315","5.351","43","OK",""
"4001969__Steve_Castano4001969.xml","26","2","2","0","4","4","9","8","24","24","13.428","12.048","112","OK",""
"4001971__dario.siciliani_dario.siciliani4001971.xml","11","2","2","0","4","4","7","7","9","9","6.315","5.351","41","OK",""
"4001976__Steve_Castano4001976.xml","26","2","2","0","4","4","9","8","24","24","13.428","12.048","73","OK",""
"4001988__dario.siciliani_dario.siciliani4001988.xml","58","3","3","0","4","5","34","41","55","55","31.856","26.925","578","OK",""
"4001990__dario.siciliani_dario.siciliani4001990.xml","8","1","1","0","3","3","2","3","7","7","4.805","4.245","32","OK",""
"4001995__Luis Enrique_Oviedo Sanchez4001995.xml","6","1","1","0","4","5","6","8","5","5","3.7605","3.3575","23","OK",""
"4002006__Steve_Castano4002006.xml","24","2","2","0","4","3","10","7","22","22","14.31","11.136","26","OK",""
"4002007__Steve_Castano4002007.xml","26","2","2","0","4","4","9","8","24","24","13.428","12.048","91","OK",""
"4002011__Steve_Castano4002011.xml","24","2","2","0","4","3","10","7","22","22","14.31","11.136","26","OK",""
"4002024__Steve_Castano4002024.xml","24","2","2","0","4","3","10","7","22","22","14.31","11.136","28","OK",""
"4002030__Nataly_Arredondo4002030.xml","9","1","1","0","4","4","7","5","8","8","6.500599999999999","4.5462","24","OK",""
"4002034__Noelia_Arguello4002034.xml","115","7","7","0","4","6","79","86","108","108","73.02119999999998","65.21119999999998","357","OK",""
"4002043__Martin_Quiroga4002043.xml","96","3","3","0","4","5","38","29","93","93","33.131","34.309","348","OK",""
"4002046__Martin_Quiroga4002046.xml","96","3","3","0","4","5","38","29","93","93","33.131","34.309","330","OK",""
"4002047__Martin_Quiroga4002047.xml","96","3","3","0","4","5","38","29","93","93","33.131","34.309","350","OK",""
"4002049__Franco_Bandini4002049.xml","5","2","2","0","4","3","4","5","3","3","2.1431999999999998","2.1431999999999998","14","OK",""
"4002069__leandro_bruni4002069.xml","28","2","2","0","4","5","17","22","27","26","12.388799999999996","9.182399999999998","178","OK",""
"4002072__Matias_Sosa4002072.xml","20","1","1","0","4","5","15","17","19","19","8.536","7.2445","101","OK",""
"4002080__leandro_bruni4002080.xml","14","2","2","0","4","6","7","14","12","12","7.989799999999999","8.553799999999999","56","OK",""
"4002087__Alaida_Susana4002087.xml","9","1","1","0","4","5","4","6","8","8","5.075200000000001","4.975200000000001","10","OK",""
"4002141__Matias_Sosa4002141.xml","30","1","1","0","4","6","16","55","29","29","12.786","12.29","214","OK",""
"4002157__Matias_Sosa4002157.xml","67","3","3","0","4","6","32","57","64","64","31.742","27.72","408","OK",""
"4002161__alejandro_velazque4002161.xml","","","","","","","","","","","","","","SKIP","formato excluido: raíz distinta de <project>"
"4002254__GABRIEL_TUMBACO CRUZ4002254.xml","","","","","","","","","","","","","","SKIP","formato excluido: raíz distinta de <project>"
"4002256__GABRIEL_TUMBACO CRUZ4002256.xml","","","","","","","","","","","","","","SKIP","formato excluido: raíz distinta de <project>"
"4002273__Nataly_Arredondo4002273.xml","49","2","2","0","4","6","24","27","47","47","23.13679999999999","13.041799999999993","215","OK",""
"4002317__lucas_marcos4002317.xml","28","3","3","0","4","6","14","28","25","25","16.5325","17.321999999999996","144","OK",""
"4002321__lucas_marcos4002321.xml","17","3","3","0","4","4","12","11","14","14","12.3586","11.177900000000001","102","OK",""
"4002322__Sergio_Benitez4002322.xml","15","1","1","0","5","4","10","6","14","14","6.814999999999999","5.488599999999998","56","OK",""
"4002332__Miguel Alberto_Villarruel4002332.xml","16","2","2","0","4","4","10","15","14","14","9.1756","7.3356","79","OK",""
"4002339__Sergio_Benitez4002339.xml","30","3","3","0","6","6","22","38","27","27","16.3296","18.3508","177","OK",""
"4002344__ignacio_vocouber4002344.xml","18","1","1","0","8","6","19","21","17","17","10.010799999999998","10.250799999999996","115","OK",""
"4002353__Carlos_Rojas4002353.xml","33","3","3","0","7","5","24","23","30","30","19.483399999999996","18.7294","226","OK",""
"4002363__Miguel Alberto_Villarruel4002363.xml","29","2","2","0","4","6","13","24","27","27","15.054799999999995","10.740799999999997","148","OK",""
"4002365__VICTORIA_CORDOBA4002365.xml","1","1","1","0","3","3","1","1","0","0","0","0","5","OK",""
"4002372__Samuel_Chamochumbi4002372.xml","7","1","1","0","4","4","6","6","6","6","3.2204","2.0834","24","OK",""
"4002381__Samuel_Chamochumbi4002381.xml","8","1","1","0","4","5","7","9","7","7","4.393800000000001","4.3238","22","OK",""
"4002385__martin_pereyra foschiatti4002385.xml","28","3","3","0","5","6","20","29","25","25","15.230799999999999","15.2518","178","OK",""
"4002387__martin_pereyra foschiatti4002387.xml","2","1","1","0","3","3","2","2","1","1","1.6044","0.5044","6","OK",""
"4002406__Cristian_de la Rosa4002406.xml","","","","","","","","","","","","","","SKIP","formato excluido: raíz distinta de <project>"
"4002410__cristian david_caceres4002410.xml","","","","","","","","","","","","","","SKIP","formato excluido: raíz distinta de <project>"
"4002411__lujan agustin_encinas4002411.xml","","","","","","","","","","","","","","SKIP","formato excluido: raíz distinta de <project>"
"4002432__ignacio_vocouber4002432.xml","64","5","6","1","6","6","45","49","59","58","44.43919999999999","35.3148","6364","OK",""
"4002434__ignacio_vocouber4002434.xml","10","2","2","0","3","6","4","10","8","8","6.0452","5.9362","41","OK",""
"4002438__Jeremias_Lasa4002438.xml","88","3","3","0","4","6","31","61","85","85","33.41299999999998","32.56699999999998","640","OK",""
"4002443__paulo_aguero4002443.xml","30","2","2","0","4","6","19","24","28","28","15.945199999999996","12.182199999999998","173","OK",""
"4002445__Diego_Manavella4002445.xml","2","1","1","0","2","3","0","1","1","1","0.9564","0.9564","2","OK",""
"4002446__Jeremias_Lasa4002446.xml","111","9","9","0","4","6","58","88","102","102","75.7348","71.82639999999999","1047","OK",""
"4002448__Ricardo_Rivera4002448.xml","27","2","2","0","3","5","10","10","25","25","14.369999999999996","13.324999999999998","71","OK",""
"4002453__Jeremias_Lasa4002453.xml","49","8","8","0","4","6","26","42","41","41","39.0784","31.091399999999997","728","OK",""
"4002457__Matias Guillermo_Mattus Fernandez Cendoya4002457.xml","40","3","2","-1","3","3","10","9","37","38","17.099799999999995","18.427199999999992","58","OK",""
"4002459__Diego_Alvarez4002459.xml","50","2","2","0","4","5","42","41","48","48","22.80919999999999","17.5752","422","OK",""
"4002472__Carlos_Rojas4002472.xml","15","1","1","0","4","4","2","4","14","14","2.1566","1.4516000000000004","45","OK",""
"4002477__Diego_Alvarez4002477.xml","9","1","1","0","4","4","9","8","8","8","3.8817","3.3517","40","OK",""
"4002503__Jeremias_Lasa4002503.xml","145","3","3","0","4","5","54","89","142","142","57.30880000000002","33.01279999999996","331","OK",""
"4002507__JAVIER DELGADO_DELGADO4002507.xml","41","4","","","","","","","","","","","0","ERROR","La pieza ""P2"" (2600×600 mm) no entra en una placa útil de 2595×1825 mm."
"4002522__Facundo_Contreras4002522.xml","22","1","1","0","3","6","6","13","21","21","10.089399999999996","9.102599999999997","64","OK",""
"4002527__Danilo_Gonzalez4002527.xml","","","","","","","","","","","","","","SKIP","formato excluido: raíz distinta de <project>"
"4002528__Damian Ponce_ponce4002528.xml","70","5","5","0","4","6","48","58","65","65","46.696999999999996","46.3154","689","OK",""
"4002533__Damian Ponce_ponce4002533.xml","8","2","2","0","4","3","4","4","6","6","4.946400000000001","4.1164000000000005","13","OK",""
"4002545__Pablo_Carrieri4002545.xml","","","","","","","","","","","","","","SKIP","formato excluido: raíz distinta de <project>"
"4002546__Mauricio Alejandro_Saracho4002546.xml","84","6","6","0","4","6","56","59","78","78","43.8316","42.748799999999996","524","OK",""
"4002553__Mauricio Alejandro_Saracho4002553.xml","5","1","1","0","4","4","5","4","4","4","3.7616","2.4876","12","OK",""
"4002564__Marcelo_Gauna diaz4002564.xml","50","1","1","0","4","6","14","71","49","49","16.962","8.348","227","OK",""
"4002575__Carmen_Canet4002575.xml","13","1","1","0","4","4","9","14","12","12","4.821","3.884","66","OK",""
"4002589__Matias_Protopapa4002589.xml","8","2","2","0","4","4","6","6","6","6","5.0114","5.0114","31","OK",""
"4002593__Rosario Itati_Gomez4002593.xml","200","7","7","0","8","6","124","171","193","193","82.76099999999995","72.55419999999997","9161","OK",""
"4002597__Rober_Benvenuto4002597.xml","44","2","2","0","4","6","30","38","42","42","23.88679999999999","21.003799999999995","343","OK",""
"4002605__Rosario Itati_Gomez4002605.xml","28","3","3","0","5","5","15","16","25","25","15.2134","13.870999999999999","101","OK",""
"4002618__Joel _Verber4002618.xml","","","","","","","","","","","","","","SKIP","formato excluido: raíz distinta de <project>"
"4002625__Gabriel Luciano_Morales4002625.xml","2","1","1","0","3","3","2","2","1","1","0.8994","0.3994","8","OK",""
"4002632__javier ary_garcia4002632.xml","","","","","","","","","","","","","","SKIP","formato excluido: raíz distinta de <project>"
"4002646__Leonel_Vignatti4002646.xml","","","","","","","","","","","","","","SKIP","formato excluido: raíz distinta de <project>"
"4002648__Mariano_Zlopasa4002648.xml","42","2","2","0","4","6","25","23","40","40","22.502999999999993","19.06299999999999","319","OK",""
"4002654__Santiago_Gentile4002654.xml","20","2","2","0","3","3","7","7","18","18","10.879199999999999","10.879199999999999","30","OK",""
"4002657__Marcelo_Gauna diaz4002657.xml","11","1","2","1","4","5","9","9","10","9","4.424","5.14","751","OK",""
"4002664__David_Medina4002664.xml","8","1","1","0","4","5","7","7","7","7","5.428799999999999","5.118799999999999","28","OK",""
"4002665__diego_cazal4002665.xml","10","1","1","0","4","4","5","5","9","9","7.871599999999998","5.791600000000001","49","OK",""
"4002666__Carlos_Caiza4002666.xml","","","","","","","","","","","","","","SKIP","formato excluido: raíz distinta de <project>"
"4002667__Matias_Avila4002667.xml","9","1","1","0","4","5","6","9","8","8","5.7852","2.9952","47","OK",""
"4002669__David_Medina4002669.xml","97","6","6","0","4","5","71","78","91","91","48.66939999999999","46.84239999999999","11617","OK",""
"4002672__Esteban_Rulfi4002672.xml","","","","","","","","","","","","","","SKIP","formato excluido: raíz distinta de <project>"
"4002681__Leonardo_Hansen4002681.xml","","","","","","","","","","","","","","SKIP","formato excluido: raíz distinta de <project>"
"4002691__Marcos _Cumini Londero4002691.xml","","","","","","","","","","","","","","SKIP","formato excluido: raíz distinta de <project>"
"4002699__Marcos _Cumini Londero4002699.xml","","","","","","","","","","","","","","SKIP","formato excluido: raíz distinta de <project>"
"4002705__Leonel_Vignatti4002705.xml","","","","","","","","","","","","","","SKIP","formato excluido: raíz distinta de <project>"
"4002709__Carlos_Rojas4002709.xml","13","2","2","0","5","5","7","10","11","11","9.033400000000002","6.5834","19","OK",""
"4002720__adrian_cuello4002720.xml","40","4","3","-1","4","5","21","23","36","37","19.307399999999998","17.5478","150","OK",""
"4002722__cristian_macieszonek4002722.xml","","","","","","","","","","","","","","SKIP","formato excluido: raíz distinta de <project>"
"4002727__adrian_cuello4002727.xml","1","1","1","0","3","3","1","1","0","0","0","0","3","OK",""
"4002736__kina.hogar_kina.hogar4002736.xml","8","1","1","0","4","6","5","11","7","7","3.135","1.94","38","OK",""
"4002743__kina.hogar_kina.hogar4002743.xml","2","1","1","0","3","3","1","1","1","1","1.545","1.055","3","OK",""
"4002747__Joel _Verber4002747.xml","","","","","","","","","","","","","","SKIP","formato excluido: raíz distinta de <project>"
"4002748__kina.hogar_kina.hogar4002748.xml","2","1","1","0","3","3","1","1","1","1","1.545","1.055","6","OK",""
"4002749__Diego_Morlino4002749.xml","48","4","4","0","4","5","31","41","44","44","37.18059999999999","28.0081","579","OK",""
"4002756__kina.hogar_kina.hogar4002756.xml","13","1","1","0","4","4","5","5","12","12","8.121","4.199","37","OK",""
"4002772__adrian_cuello4002772.xml","40","3","3","0","4","6","19","23","37","37","17.1638","17.710999999999995","146","OK",""
"4002777__jose luis acevedo_ACEVEDO4002777.xml","10","2","2","0","4","4","8","6","8","8","6.499200000000001","6.475199999999999","35","OK",""
"4002778__kina.hogar_kina.hogar4002778.xml","8","1","1","0","4","6","5","11","7","7","3.135","1.94","12","OK",""
"4002782__kina.hogar_kina.hogar4002782.xml","8","1","1","0","4","6","5","11","7","7","3.135","1.94","39","OK",""
"4002791__Carlos_Rojas4002791.xml","25","2","2","0","6","5","16","13","23","23","18.941999999999997","16.828199999999995","53","OK",""
"4002794__kina.hogar_kina.hogar4002794.xml","8","1","1","0","4","6","5","11","7","7","3.135","1.94","19","OK",""
"4002795__adrian_cuello4002795.xml","40","3","3","0","4","6","19","25","37","37","17.1638","17.304599999999994","130","OK",""
"4002798__Carlos_Rojas4002798.xml","25","2","2","0","5","5","18","14","23","23","17.711999999999996","12.0102","131","OK",""
"4002800__Carlos_Rojas4002800.xml","3","1","1","0","3","3","2","2","2","2","1.9378000000000002","1.3588","4","OK",""
"4002801__Jorge_Haza4002801.xml","29","2","2","0","4","5","19","22","27","27","12.0183","13.334799999999996","159","OK",""
"4002806__kina.hogar_kina.hogar4002806.xml","8","1","1","0","4","6","5","11","7","7","3.135","1.94","22","OK",""
"4002810__Jorge_Haza4002810.xml","17","1","1","0","4","6","8","19","16","16","9.724899999999998","4.4243999999999994","71","OK",""
"4002816__Mariano Andres_Penzo4002816.xml","99","5","5","0","7","6","77","86","94","94","47.67759999999998","51.12359999999998","787","OK",""
"4002819__Matias_Sosa4002819.xml","27","2","2","0","4","6","20","21","25","25","13.115","9.795","157","OK",""
"4002825__kina.hogar_kina.hogar4002825.xml","9","1","1","0","4","5","5","10","8","8","3.34","2.34","37","OK",""
"4002836__Walter_Garmasar4002836.xml","49","2","2","0","5","5","27","25","47","47","19.006799999999995","18.34379999999999","364","OK",""
"4002840__Miguel Angel_Montiel4002840.xml","52","1","2","1","8","6","44","52","51","50","16.420399999999987","16.75339999999999","4268","OK",""
"4002841__Patricio_Gonzalez Diaz4002841.xml","23","2","2","0","4","5","12","14","21","21","14.128399999999997","11.9914","91","OK",""
"4002843__RODRIGO_MEDINA4002843.xml","60","2","2","0","4","4","26","31","58","58","21.08069999999999","18.27669999999999","373","OK",""
"4002845__kina.hogar_kina.hogar4002845.xml","9","1","1","0","4","5","5","10","8","8","3.34","2.34","48","OK",""
"4002847__Matias_Farias4002847.xml","5","1","1","0","3","3","3","3","4","4","3.9375999999999998","2.4776","23","OK",""
"4002849__Luis_Gonzalez4002849.xml","12","1","1","0","4","6","6","7","11","11","7.4175","4.1985","27","OK",""
"4002858__Magali_Giache4002858.xml","1","1","1","0","3","3","1","1","0","0","0","0","12","OK",""
"4002862__Nicolas_Almaraz4002862.xml","90","5","5","0","6","6","57","74","85","85","47.09159999999998","45.08359999999998","844","OK",""
"4002864__Daniel_Buttazzoni4002864.xml","40","2","2","0","4","5","27","30","38","38","19.350199999999994","13.238199999999996","389","OK",""
"4002867__norman_mutti4002867.xml","7","1","1","0","4","6","4","9","6","6","1.9464","2.4657999999999998","46","OK",""
"4002875__cristian david_caceres4002875.xml","","","","","","","","","","","","","","SKIP","formato excluido: raíz distinta de <project>"
"4002890__Sabrina_Scopetta4002890.xml","","","","","","","","","","","","","","SKIP","formato excluido: raíz distinta de <project>"
"4002891__emporio_madera4002891.xml","","","","","","","","","","","","","","SKIP","formato excluido: raíz distinta de <project>"
"4002894__Sabrina_Scopetta4002894.xml","","","","","","","","","","","","","","SKIP","formato excluido: raíz distinta de <project>"
"4002895__Sabrina_Scopetta4002895.xml","","","","","","","","","","","","","","SKIP","formato excluido: raíz distinta de <project>"
"4002898__Eduardo Horacio_Moras4002898.xml","95","6","6","0","4","6","52","59","89","89","47.133599999999994","47.98979999999999","12997","OK",""
"4002901__daniel_miniovich4002901.xml","21","1","1","0","4","6","17","18","20","20","9.458999999999994","7.206999999999998","155","OK",""
"4002910__Alejandro_De Stefano4002910.xml","","","","","","","","","","","","","","SKIP","formato excluido: raíz distinta de <project>"
"4002932__Ernesto_jordan4002932.xml","21","1","1","0","4","6","11","24","20","20","7.995999999999998","4.2124","98","OK",""
"4002934__Guillermo nicolas_Diaz4002934.xml","34","3","2","-1","4","5","26","27","31","32","14.332399999999998","7.809799999999999","269","ERROR","multiset piezas; "
"4002938__Azul_Gutierrez4002938.xml","","","","","","","","","","","","","","SKIP","formato excluido: raíz distinta de <project>"
"4002944__Joel _Verber4002944.xml","","","","","","","","","","","","","","SKIP","formato excluido: raíz distinta de <project>"
"4002948__Azul_Gutierrez4002948.xml","","","","","","","","","","","","","","SKIP","formato excluido: raíz distinta de <project>"
"4002951__Dalmasio_Rossetti4002951.xml","40","3","3","0","4","5","25","31","37","37","24.683299999999996","22.064799999999995","526","OK",""
"4002955__Cesar Abraham_Sanchez Gonzalez4002955.xml","47","6","6","0","4","6","36","58","41","41","29.8905","23.3895","8446","OK",""
"4002996__diego alberto_modon4002996.xml","20","4","4","0","4","6","12","18","16","16","12.903399999999998","8.026399999999999","88","OK",""
"4003000__Joel _Verber4003000.xml","","","","","","","","","","","","","","SKIP","formato excluido: raíz distinta de <project>"
"4003006__Damian_Vazquez4003006.xml","51","3","3","0","4","6","31","104","48","48","21.967199999999995","22.04679999999999","541","OK",""
"4003014__Dalmasio_Rossetti4003014.xml","43","3","3","0","4","6","26","45","40","40","27.100499999999993","23.887999999999998","524","OK",""
"4003027__VENTAS_EGGER RG4003027.xml","1","1","1","0","3","3","1","1","0","0","0","0","3","OK",""
"4003029__Walter_Garmasar4003029.xml","49","2","2","0","5","5","27","25","47","47","19.006799999999995","18.34379999999999","382","OK",""
"4003036__Dalmasio_Rossetti4003036.xml","65","5","5","0","4","6","38","42","60","60","40.081999999999994","37.38699999999999","601","OK",""
"4003038__gloria adriana_cortines4003038.xml","5","1","","","","","","","","","","","0","ERROR","La pieza ""P3"" (2440×139 mm) no entra en una placa útil de 2435×1215 mm."
"4003043__Diego_Aquino4003043.xml","3","1","1","0","3","3","3","3","2","2","1.0088","0.8088","7","OK",""
"4003050__Dalmasio_Rossetti4003050.xml","23","3","3","0","4","4","19","23","20","20","16.396","13.515","131","OK",""
"4003051__Dalmasio_Rossetti4003051.xml","8","3","3","0","4","4","8","8","5","5","5.963","3.318","1089","OK",""
"4003052__Daniel_Buttazzoni4003052.xml","3","1","1","0","4","3","3","2","2","2","1.3718000000000001","1.0088","18","OK",""
"4003056__Damian_Vazquez4003056.xml","35","2","2","0","4","4","24","23","33","33","15.745199999999997","12.536199999999996","236","OK",""
"4003057__Nelson_Lenis4003057.xml","","","","","","","","","","","","","","SKIP","formato excluido: raíz distinta de <project>"
"4003070__Javier_Boher4003070.xml","76","6","6","0","4","5","46","50","70","70","40.818","33.38999999999999","694","OK",""
"4003075__Adrian_SEIF4003075.xml","68","5","4","-1","5","6","50","56","63","64","38.698199999999986","40.302199999999985","4502","OK",""
"4003087__Adrian_SEIF4003087.xml","9","1","1","0","6","5","8","9","8","8","6.935199999999999","4.895200000000001","50","OK",""
"4003089__lujan agustin_encinas4003089.xml","","","","","","","","","","","","","","SKIP","formato excluido: raíz distinta de <project>"
"4003107__emporio_madera4003107.xml","","","","","","","","","","","","","","SKIP","formato excluido: raíz distinta de <project>"
"4003108__Luca_Vicario4003108.xml","","","","","","","","","","","","","","SKIP","formato excluido: raíz distinta de <project>"
"4003118__gloria adriana_cortines4003118.xml","17","2","","","","","","","","","","","0","ERROR","La pieza ""P8"" (2440×400 mm) no entra en una placa útil de 2435×1215 mm."
"4003121__David_Medina4003121.xml","16","1","1","0","4","5","10","13","15","15","8.804999999999998","6.896999999999999","64","OK",""
"4003125__Guillermo nicolas_Diaz4003125.xml","161","8","8","0","4","6","90","129","153","153","83.14119999999998","72.48499999999999","390","OK",""
"4003134__Diego_Malin4003134.xml","","","","","","","","","","","","","","SKIP","formato excluido: raíz distinta de <project>"
"4003141__daniel_Miniovich4003141.xml","","","","","","","","","","","","","","SKIP","formato excluido: raíz distinta de <project>"
"4003149__daniel_Miniovich4003149.xml","","","","","","","","","","","","","","SKIP","formato excluido: raíz distinta de <project>"
"4003152__daniel_Miniovich4003152.xml","","","","","","","","","","","","","","SKIP","formato excluido: raíz distinta de <project>"
"4003155__daniel_Miniovich4003155.xml","","","","","","","","","","","","","","SKIP","formato excluido: raíz distinta de <project>"
"4003158__Matias Guillermo_Mattus Fernandez Cendoya4003158.xml","3","1","1","0","3","2","3","0","2","2","1.2127999999999999","1.2127999999999999","3","ERROR","multiset piezas; "
"4003160__daniel_Miniovich4003160.xml","","","","","","","","","","","","","","SKIP","formato excluido: raíz distinta de <project>"
"4003171__cristian david_caceres4003171.xml","","","","","","","","","","","","","","SKIP","formato excluido: raíz distinta de <project>"
"4003178__Luis_Hildebrant4003178.xml","","","","","","","","","","","","","","SKIP","formato excluido: raíz distinta de <project>"
"4003194__Luca_Vicario4003194.xml","","","","","","","","","","","","","","SKIP","formato excluido: raíz distinta de <project>"
"4003206__Luca_Vicario4003206.xml","","","","","","","","","","","","","","SKIP","formato excluido: raíz distinta de <project>"
"4003207__Ernesto_Malcherczyk4003207.xml","","","","","","","","","","","","","","SKIP","formato excluido: raíz distinta de <project>"
"4003211__juan_rivero4003211.xml","13","1","1","0","4","4","8","11","12","12","5.450400000000001","4.1224","67","OK",""
"4003216__Ernesto_Malcherczyk4003216.xml","","","","","","","","","","","","","","SKIP","formato excluido: raíz distinta de <project>"
"4003233__Ernesto_Malcherczyk4003233.xml","","","","","","","","","","","","","","SKIP","formato excluido: raíz distinta de <project>"
"4003235__Nelly_Araujo4003235.xml","46","8","","","","","","","","","","","0","ERROR","La pieza ""P4"" (2790×524 mm) no entra en una placa útil de 2785×2055 mm."
"4003239__VENTAS_EGGER RG4003239.xml","31","2","2","0","4","5","19","17","29","29","19.243599999999997","13.792599999999998","140","OK",""
"4003241__Ernesto_Malcherczyk4003241.xml","","","","","","","","","","","","","","SKIP","formato excluido: raíz distinta de <project>"
"4003243__Nelly_Araujo4003243.xml","46","8","","","","","","","","","","","0","ERROR","La pieza ""P4"" (2790×524 mm) no entra en una placa útil de 2785×2055 mm."
"4003245__Ernesto_Malcherczyk4003245.xml","","","","","","","","","","","","","","SKIP","formato excluido: raíz distinta de <project>"
"4003252__Nelly_Araujo4003252.xml","9","1","1","0","4","3","3","3","8","8","4.11","4.07","29","OK",""
"4003256__Luca_Vicario4003256.xml","","","","","","","","","","","","","","SKIP","formato excluido: raíz distinta de <project>"
"4003262__Nelly_Araujo4003262.xml","13","1","1","0","4","4","4","4","12","12","5.01","5.01","34","OK",""
"4003269__VENTAS_EGGER RG4003269.xml","33","2","2","0","4","6","22","29","31","31","16.182399999999998","12.496399999999998","174","OK",""
"4003272__Agustin_Picco4003272.xml","38","1","1","0","4","6","20","32","37","37","11.510299999999992","9.35099999999999","192","OK",""
"4003284__Gabriela_Gudino4003284.xml","2","1","1","0","4","3","2","2","1","1","1.0044","0.6544","8","OK",""
"4003296__ignacio_vocouber4003296.xml","146","5","5","0","8","6","69","102","141","141","50.53419999999997","53.01139999999998","308","OK",""
"4003306__Nelly_Araujo4003306.xml","8","2","2","0","3","3","4","3","6","6","3.861","2.903","74","OK",""
"4003309__ignacio_vocouber4003309.xml","14","1","1","0","4","3","3","7","13","13","4.277200000000001","3.6102000000000007","45","OK",""
"4003344__Cesar_Carpintero4003344.xml","2","2","2","0","3","3","2","2","0","0","0","0","4","OK",""
"4003364__Alfredo Alejandro_Gulino4003364.xml","116","8","8","0","4","6","88","105","108","108","64.01469999999999","60.21069999999999","373","OK",""
"4003366__Sabrina_Scopetta4003366.xml","","","","","","","","","","","","","","SKIP","formato excluido: raíz distinta de <project>"
"4003369__Maximiliano_Santoro4003369.xml","15","3","3","0","3","3","7","9","12","12","7.5228","7.5228","55","OK",""
"4003377__Juan Carlos_Rojas4003377.xml","","","","","","","","","","","","","","SKIP","formato excluido: raíz distinta de <project>"
"4003406__Alfredo Alejandro_Gulino4003406.xml","7","1","1","0","4","6","6","11","6","6","5.6114","4.4998000000000005","27","OK",""
"4003413__Nelly_Araujo4003413.xml","19","2","2","0","4","5","10","18","17","17","6.9785","6.3795","61","OK",""
"4003431__Ricardo_Lopez Taliente4003431.xml","132","7","7","0","4","5","79","88","125","125","65.416","70.15310000000001","392","OK",""
"4003432__Nicolas_Quintana4003432.xml","108","7","7","0","4","6","57","67","101","101","63.592399999999984","58.76079999999999","326","OK",""
"4003444__Ricardo_Lopez Taliente4003444.xml","132","7","7","0","4","5","79","88","125","125","65.416","70.15310000000001","368","OK",""
"4003457__Nicolas_Quintana4003457.xml","108","7","7","0","4","6","57","67","101","101","63.592399999999984","58.76079999999999","311","OK",""
"4003461__Ricardo_Lopez Taliente4003461.xml","132","7","7","0","4","5","79","88","125","125","65.416","70.15310000000001","355","OK",""
"4003470__Nelly_Araujo4003470.xml","8","1","1","0","4","6","5","10","7","7","4.3415","2.1615","36","OK",""
"4003479__Mega_Maderas4003479.xml","11","2","2","0","3","4","4","12","9","9","5.1526000000000005","3.4295999999999998","26","OK",""
"4003524__Nicolas_Scalko4003524.xml","28","2","2","0","4","5","21","22","26","26","22.4898","15.273599999999998","152","OK",""
"4003530__Mega_Maderas4003530.xml","11","2","2","0","4","4","6","11","9","9","5.4946","3.9255999999999998","38","OK",""
"4003533__Nicolas_Scalko4003533.xml","5","1","1","0","3","4","3","4","4","4","1.1867999999999999","1.116","10","OK",""
"4003544__Nicolas_Quintana4003544.xml","66","3","3","0","4","5","34","37","63","63","35.37319999999999","30.766199999999994","264","OK",""
"4003553__juan manuel_vigouroux4003553.xml","25","4","4","0","4","5","17","21","21","21","14.087399999999999","16.5758","3726","OK",""
"4003556__Mega_Maderas4003556.xml","32","5","5","0","3","3","13","17","27","27","15.117","13.971599999999999","94","OK",""
"4003566__David_Rengifo4003566.xml","","","","","","","","","","","","","","SKIP","formato excluido: raíz distinta de <project>"
"4003567__Jonny_reyes4003567.xml","","","","","","","","","","","","","","SKIP","formato excluido: raíz distinta de <project>"
"4003572__Cesar Abraham_Sanchez Gonzalez4003572.xml","47","6","6","0","4","6","36","58","41","41","27.0305","23.3895","10933","OK",""
"4003589__JAVIER GUSTAVO_RICHARD4003589.xml","9","2","1","-1","4","4","10","6","8","8","1.7952000000000001","1.7952000000000001","34","OK",""
"4003618__Mega_Maderas4003618.xml","16","1","1","0","4","4","8","14","15","15","5.7799999999999985","4.176","47","OK",""
"4003620__Mega_Maderas4003620.xml","34","3","3","0","4","4","17","21","31","31","15.382399999999997","14.4434","177","OK",""
"4003632__Mega_Maderas4003632.xml","26","2","2","0","4","5","21","24","24","24","9.1046","10.048","156","OK",""
"4003635__Nicolas_Quintana4003635.xml","252","12","12","0","4","5","163","199","240","240","151.56099999999995","140.47799999999998","16260","OK",""
"4003641__leandro_Sevilla4003641.xml","23","1","1","0","4","5","10","22","22","22","7.1105","6.9605","108","OK",""
"4003651__Ariel Ignacio_Ayala4003651.xml","81","3","3","0","6","5","49","55","78","78","36.23879999999999","32.391199999999984","769","OK",""
"4003656__Nicolas_Quintana4003656.xml","48","6","6","0","4","6","38","40","42","42","37.28179999999999","25.897399999999998","819","OK",""
"4003661__Leonel_Vignatti4003661.xml","","","","","","","","","","","","","","SKIP","formato excluido: raíz distinta de <project>"
"4003662__Nelly_Araujo4003662.xml","8","1","1","0","4","6","5","10","7","7","3.6265","2.1615","45","OK",""
"4003671__Leonel_Vignatti4003671.xml","","","","","","","","","","","","","","SKIP","formato excluido: raíz distinta de <project>"
"4003674__Ariel Ignacio_Ayala4003674.xml","2","1","1","0","4","3","2","2","1","1","1.0024","1.0024","22","OK",""
"4003678__Nicolas_Quintana4003678.xml","56","3","3","0","4","6","33","33","53","53","35.01119999999999","27.50519999999999","303","OK",""
"4003682__Leonel_Vignatti4003682.xml","","","","","","","","","","","","","","SKIP","formato excluido: raíz distinta de <project>"
"4003695__Alan martin_Flores Machado4003695.xml","20","1","1","0","4","6","11","32","19","19","8.753599999999997","6.653599999999998","96","OK",""
"4003700__Nicolas_Quintana4003700.xml","48","7","7","0","4","6","30","73","41","41","30.603399999999997","28.536","545","OK",""
"4003757__Nicolas_Quintana4003757.xml","26","4","4","0","4","5","23","30","22","22","20.721799999999998","15.4218","5578","OK",""
"4003764__Nicolas_Quintana4003764.xml","23","7","7","0","4","4","16","16","16","16","13.899400000000002","12.892399999999999","4301","OK",""
"4003775__gloria adriana_cortines4003775.xml","12","2","2","0","4","6","8","8","10","10","7.695","7.69","46","OK",""
"4003789__Federico_Jauregui4003789.xml","56","2","2","0","4","5","30","35","54","54","23.78259999999999","18.37759999999999","434","OK",""
"4003793__Federico_Jauregui4003793.xml","31","2","2","0","4","6","23","32","30","29","18.418999999999997","12.253599999999997","147","OK",""
"4003794__Ramon_Mata4003794.xml","12","2","2","0","4","3","9","9","10","10","6.893","4.517","49","OK",""
"4003797__Federico_Jauregui4003797.xml","12","2","2","0","4","4","6","8","10","10","6.901999999999999","8.778","43","OK",""
"4003799__cristian david_caceres4003799.xml","","","","","","","","","","","","","","SKIP","formato excluido: raíz distinta de <project>"
"4003802__Federico_Jauregui4003802.xml","26","4","4","0","4","5","18","27","22","22","18.302799999999998","17.1058","143","OK",""
"4003809__Federico_Jauregui4003809.xml","6","1","1","0","4","5","6","7","6","5","4.288399999999999","0.462","59","OK",""
"4003816__Luis_Mendez4003816.xml","152","14","14","0","4","6","92","128","138","138","78.817","74.7655","38164","OK",""
"4003835__cristian david_caceres4003835.xml","","","","","","","","","","","","","","SKIP","formato excluido: raíz distinta de <project>"
"4003837__Dinorah_Contreras4003837.xml","9","2","2","0","3","3","4","4","7","7","7.7055","7.7055","20","OK",""
"4003844__Luis_Arriaga4003844.xml","8","1","2","1","4","5","5","8","7","6","4.0695","3.23","833","OK",""
"4003852__Luis_Mendez4003852.xml","4","1","1","0","4","4","4","4","3","3","2.2585","1.1535","14","OK",""
"4003853__Proyecto_Melanina4003853.xml","105","5","5","0","4","6","53","77","100","100","54.810999999999986","47.442399999999985","30930","OK",""
"4003870__Eduardo Horacio_Moras4003870.xml","95","6","6","0","4","6","52","59","89","89","47.133599999999994","47.98979999999999","12778","OK",""
"4003874__Dinorah_Contreras4003874.xml","4","1","1","0","3","3","1","1","3","3","1.0185","0.6535","5","OK",""
"4003885__gloria adriana_cortines4003885.xml","10","1","1","0","3","3","3","3","9","9","7.5005","5.4805","34","OK",""
"4003892__Eliu_Perez4003892.xml","","","","","","","","","","","","","","SKIP","formato excluido: raíz distinta de <project>"
"4003897__gloria adriana_cortines4003897.xml","20","2","2","0","3","3","6","7","18","18","15.001","11.041","29","OK",""
"4003900__alexandra_de la fuente hernandez4003900.xml","54","6","6","0","4","6","32","45","48","48","30.361","28.46","435","OK",""
"4003930__MATIAS_KEBIN4003930.xml","18","1","1","0","5","4","10","10","17","17","8.941999999999998","7.464799999999998","67","OK",""
"4003940__Guillermo nicolas_Diaz4003940.xml","5","2","2","0","3","3","2","5","3","3","1.8981999999999999","1.8981999999999999","17","OK",""
"4003942__emporio_madera4003942.xml","","","","","","","","","","","","","","SKIP","formato excluido: raíz distinta de <project>"
"4003945__Luis_Mendez4003945.xml","18","2","2","0","4","6","13","31","16","16","9.994","10.5515","293","OK",""
"4003946__matias_rivas4003946.xml","3","1","1","0","3","4","2","3","2","2","2.1988000000000003","1.6088","5","OK",""
"4003949__Eduardo_Olalla4003949.xml","","","","","","","","","","","","","","SKIP","formato excluido: raíz distinta de <project>"
"4003951__cristian david_caceres4003951.xml","","","","","","","","","","","","","","SKIP","formato excluido: raíz distinta de <project>"
"4003952__Luis_Mendez4003952.xml","2","1","1","0","3","4","1","2","1","1","1.4145","0.6045","8","OK",""
"4003956__Dinorah_Contreras4003956.xml","36","5","4","-1","4","6","22","49","31","32","14.6569","14.3224","405","OK",""
"4003963__Emanuel _ramirez4003963.xml","","","","","","","","","","","","","","SKIP","formato excluido: raíz distinta de <project>"
"4003965__cristian david_caceres4003965.xml","","","","","","","","","","","","","","SKIP","formato excluido: raíz distinta de <project>"
"4003969__Emanuel _ramirez4003969.xml","","","","","","","","","","","","","","SKIP","formato excluido: raíz distinta de <project>"
"4003977__Gustavo_Alvarez4003977.xml","32","3","3","0","4","4","13","17","29","29","15.440599999999998","12.4991","138","OK",""
"4003982__cristian david_caceres4003982.xml","","","","","","","","","","","","","","SKIP","formato excluido: raíz distinta de <project>"
"4003990__Luis_Mendez4003990.xml","45","5","6","1","4","4","27","43","40","39","25.438","15.9085","5410","OK",""
"4004003__Marcelo Alfredo_Gaitan4004003.xml","47","2","2","0","4","6","20","50","45","45","24.15599999999999","15.501999999999995","281","OK",""
"4004014__Dinorah_Contreras4004014.xml","36","5","4","-1","4","6","22","49","31","32","14.6569","14.3224","381","OK",""
"4004036__Pablo_Herranz4004036.xml","","","","","","","","","","","","","","SKIP","formato excluido: raíz distinta de <project>"
"4004040__Pablo_Herranz4004040.xml","","","","","","","","","","","","","","SKIP","formato excluido: raíz distinta de <project>"
"4004044__Matias_Piragine4004044.xml","3","1","1","0","3","3","3","3","2","2","1.0188","1.0188","8","OK",""
"4004045__Pablo_Herranz4004045.xml","","","","","","","","","","","","","","SKIP","formato excluido: raíz distinta de <project>"
"4004051__Pablo_Herranz4004051.xml","","","","","","","","","","","","","","SKIP","formato excluido: raíz distinta de <project>"
"4004066__Pablo_Herranz4004066.xml","","","","","","","","","","","","","","SKIP","formato excluido: raíz distinta de <project>"
"4004075__lupita_lopez4004075.xml","56","4","4","0","4","6","22","36","52","52","21.753","20.1516","369","OK",""
"4004078__Pablo_Herranz4004078.xml","","","","","","","","","","","","","","SKIP","formato excluido: raíz distinta de <project>"
"4004100__Virginia_Filippa4004100.xml","4","1","1","0","3","3","2","2","3","3","3.4972000000000003","3.1052000000000004","9","OK",""
"4004107__Raul_Calderon4004107.xml","","","","","","","","","","","","","","SKIP","formato excluido: raíz distinta de <project>"
"4004110__claudio alberto_rodriguez4004110.xml","43","4","4","0","4","6","22","26","39","39","25.363599999999998","21.5916","165","OK",""
"4004111__Virginia_Filippa4004111.xml","4","1","1","0","3","3","2","2","3","3","3.4972000000000003","3.1052000000000004","3","OK",""
"4004116__Virginia_Filippa4004116.xml","4","1","1","0","3","3","2","2","3","3","3.4972000000000003","3.1052000000000004","3","OK",""
"4004125__Jose alejandro_Tapia4004125.xml","11","1","1","0","4","5","7","8","10","10","4.562","3.4360000000000004","48","OK",""
"4004129__lujan agustin_encinas4004129.xml","","","","","","","","","","","","","","SKIP","formato excluido: raíz distinta de <project>"
"4004133__Diego Antonio_Leonardelli4004133.xml","57","3","3","0","4","5","35","39","54","54","30.13119999999999","24.726599999999998","641","OK",""
"4004138__alexandra_de la fuente hernandez4004138.xml","6","1","1","0","4","4","4","3","5","5","3.0885","1.7185","24","OK",""
"4004149__alexandra_de la fuente hernandez4004149.xml","11","1","","","","","","","","","","","0","ERROR","La pieza ""P1"" (2440×99.6 mm) no entra en una placa útil de 2435×1215 mm."
"4004150__cristian david_caceres4004150.xml","","","","","","","","","","","","","","SKIP","formato excluido: raíz distinta de <project>"
"4004151__Alejandro_Campal4004151.xml","53","6","6","0","4","6","35","51","47","47","41.572799999999994","35.5678","715","OK",""
"4004161__cristian david_caceres4004161.xml","","","","","","","","","","","","","","SKIP","formato excluido: raíz distinta de <project>"
"4004162__Luis_Mendez4004162.xml","23","4","4","0","4","6","16","31","19","19","11.5045","10.9895","120","OK",""
"4004170__cristian david_caceres4004170.xml","","","","","","","","","","","","","","SKIP","formato excluido: raíz distinta de <project>"
"4004179__alexandra_de la fuente hernandez4004179.xml","8","1","1","0","4","4","4","6","7","7","3.7408999999999994","2.8709","28","OK",""
"4004181__Alfredo_Soto4004181.xml","10","2","2","0","4","4","10","10","8","8","5.5898","3.0898000000000003","37","OK",""
"4004186__cristian david_caceres4004186.xml","","","","","","","","","","","","","","SKIP","formato excluido: raíz distinta de <project>"
"4004190__Matias_Piragine4004190.xml","17","2","2","0","3","6","5","12","15","15","7.9025","8.2515","61","OK",""
"4004198__Alejandro_Campal4004198.xml","8","2","2","0","4","5","4","6","6","6","5.3664","4.6164000000000005","23","OK",""
"4004202__Juan Roberto_Martinez4004202.xml","22","2","2","0","7","5","22","18","20","20","11.756999999999996","7.288","98","OK",""
"4004223__emporio_madera4004223.xml","","","","","","","","","","","","","","SKIP","formato excluido: raíz distinta de <project>"
"4004226__Diego Antonio_Leonardelli4004226.xml","57","5","4","-1","4","6","45","52","52","53","36.098","28.8556","920","OK",""
"4004237__Diego Antonio_Leonardelli4004237.xml","9","2","2","0","4","5","9","9","7","7","5.7608","4.5008","690","OK",""
"4004253__Marcelo_Palenque4004253.xml","","","","","","","","","","","","","","SKIP","formato excluido: raíz distinta de <project>"
"4004262__Juan Roberto_Martinez4004262.xml","27","1","1","0","10","6","17","22","26","26","13.195399999999992","7.379399999999996","101","OK",""
"4004270__VENTAS_EGGER RG4004270.xml","13","1","1","0","3","5","9","14","12","12","5.748399999999999","1.8367999999999998","54","OK",""
"4004277__Nelly_Araujo4004277.xml","12","2","2","0","4","3","9","9","10","10","6.893","4.517","42","OK",""
"4004283__Nelly_Araujo4004283.xml","8","1","1","0","4","4","5","7","7","7","4.8995","2.4815","39","OK",""
"4004288__Fabian_ponce4004288.xml","22","1","1","0","4","4","9","18","21","21","7.7074","5.652799999999999","86","OK",""
"4004290__Juan Roberto_Martinez4004290.xml","83","4","4","0","9","6","55","67","79","79","43.79619999999999","38.933199999999985","733","OK",""
"4004294__ELSA_M4004294.xml","1","1","1","0","3","3","1","1","0","0","0","0","2","OK",""
"4004295__gloria adriana_cortines4004295.xml","18","2","2","0","3","3","7","7","16","16","7.432","5.952","26","OK",""
"4004303__Nelly_Araujo4004303.xml","26","2","2","0","4","5","13","17","24","24","12.378","11.168","743","OK",""
"4004329__cristian david_caceres4004329.xml","","","","","","","","","","","","","","SKIP","formato excluido: raíz distinta de <project>"
"4004331__Joel_Ayala4004331.xml","141","9","9","0","5","6","85","101","132","132","80.69579999999999","77.98679999999999","10454","OK",""
"4004337__victor_moneta4004337.xml","","","","","","","","","","","","","","SKIP","formato excluido: raíz distinta de <project>"
"4004367__matias facundo_oyola4004367.xml","62","3","3","0","4","6","32","73","59","59","22.5426","23.950599999999987","436","OK",""
"4004385__Lizandro_Chirinos del Angel4004385.xml","32","4","4","0","4","6","14","29","28","28","10.806199999999999","11.3652","3087","OK",""
"4004397__Fabian_ponce4004397.xml","24","1","1","0","4","5","12","15","23","23","8.141000000000002","6.8942000000000005","105","OK",""
"4004409__Joel_Ayala4004409.xml","8","4","4","0","4","5","6","11","4","4","4.5946","2.6176","1683","OK",""
"4004415__Joel_Ayala4004415.xml","8","4","4","0","4","5","6","11","4","4","4.5946","2.6176","1627","OK",""
"4004417__Joel_Ayala4004417.xml","8","4","4","0","4","5","6","11","4","4","4.5946","2.6176","1650","OK",""
"4004430__Mariano_Centeno Crowley4004430.xml","29","2","2","0","4","5","22","28","27","27","13.879299999999999","11.3818","291","OK",""
"4004439__Juan Fernando _Maldonado4004439.xml","","","","","","","","","","","","","","SKIP","formato excluido: raíz distinta de <project>"
"4004445__Pablo_Morganti4004445.xml","10","1","1","0","4","6","6","17","9","9","4.5396","4.339600000000001","29","OK",""
"4004449__Danilo_Gonzalez4004449.xml","","","","","","","","","","","","","","SKIP","formato excluido: raíz distinta de <project>"
"4004452__Marcelo Alfredo_Gaitan4004452.xml","60","1","1","0","4","4","17","17","59","59","19.465600000000006","14.253599999999985","256","OK",""
"4004466__Leonel_Vignatti4004466.xml","","","","","","","","","","","","","","SKIP","formato excluido: raíz distinta de <project>"
"4004467__Matias_Piragine4004467.xml","12","2","2","0","4","4","9","9","10","10","8.395","5.902","46","OK",""
"4004472__Pablo Javier_Giacobino Ruibal4004472.xml","26","2","2","0","5","6","22","39","24","24","13.466599999999996","11.920299999999997","145","OK",""
"4004478__Danilo_Gonzalez4004478.xml","","","","","","","","","","","","","","SKIP","formato excluido: raíz distinta de <project>"
"4004482__matias facundo_oyola4004482.xml","116","6","6","0","4","6","73","66","110","110","53.56399999999998","57.49799999999998","12598","OK",""
"4004485__Marcos _Cumini Londero4004485.xml","","","","","","","","","","","","","","SKIP","formato excluido: raíz distinta de <project>"
"4004494__matias facundo_oyola4004494.xml","62","3","3","0","4","6","32","73","59","59","22.5426","23.950599999999987","464","OK",""
"4004502__claudio alberto_rodriguez4004502.xml","99","10","10","0","4","6","48","70","89","89","63.6796","58.0736","11017","OK",""
"4004503__Matias_Piragine4004503.xml","30","3","3","0","4","5","12","14","27","27","16.366799999999998","16.0363","99","OK",""
"4004519__Karen_Crespo4004519.xml","11","1","1","0","4","4","10","9","10","10","9.644","3.9440000000000004","40","OK",""
"4004530__Mariano_Centeno Crowley4004530.xml","20","1","1","0","4","5","12","21","19","19","13.854599999999996","5.5985999999999985","110","OK",""
"4004534__Mega_Maderas4004534.xml","10","1","1","0","3","3","2","2","9","9","4.3296","4.3296","12","OK",""
"4004536__Mega_Maderas4004536.xml","38","1","1","0","4","4","23","31","37","37","9.744799999999993","7.174799999999998","143","OK",""
"4004542__lujan agustin_encinas4004542.xml","","","","","","","","","","","","","","SKIP","formato excluido: raíz distinta de <project>"
"4004552__Jose_Nava4004552.xml","30","2","2","0","3","4","8","10","28","28","10.976","10.876","187","OK",""
"4004559__alexandra_de la fuente hernandez4004559.xml","8","2","2","0","4","4","8","8","6","6","3.597","3.427","24","OK",""
"4004560__Marcos _Cumini Londero4004560.xml","","","","","","","","","","","","","","SKIP","formato excluido: raíz distinta de <project>"
"4004561__Nelly_Araujo4004561.xml","47","3","3","0","4","4","17","11","44","44","15.133","17.791","539","OK",""
"4004567__Rodrigo_Baio4004567.xml","8","1","1","0","4","4","7","6","7","7","5.380799999999999","3.4808000000000003","15","OK",""
"4004569__alexandra_de la fuente hernandez4004569.xml","3","1","1","0","3","3","2","2","2","2","1.759","1.759","3","OK",""
"4004573__claudio alberto_rodriguez4004573.xml","16","3","3","0","4","5","10","11","13","13","12.3072","10.657200000000001","87","OK",""
"4004577__Pedro_Pliachikas4004577.xml","19","1","1","0","4","6","13","43","18","18","10.707199999999997","8.952399999999997","103","OK",""
"4004588__lujan agustin_encinas4004588.xml","","","","","","","","","","","","","","SKIP","formato excluido: raíz distinta de <project>"
"4004597__Rodrigo_Baio4004597.xml","24","1","1","0","4","5","11","18","23","23","7.371199999999997","6.111199999999999","89","OK",""
"4004604__ruben_gualtieri_59_ruben_gualtieri_594004604.xml","37","2","2","0","4","4","24","21","35","35","14.85","12.943","276","OK",""
"4004610__Agustin_Finci4004610.xml","","","","","","","","","","","","","","SKIP","formato excluido: raíz distinta de <project>"
"4004611__Nelly_Araujo4004611.xml","10","2","2","0","3","4","6","8","8","8","5.836","3.236","49","OK",""
"4004614__JOSE PABLO_TOMAS VALENCIA4004614.xml","12","1","1","0","3","5","3","9","11","11","4.1095","3.6695","69","OK",""
"4004619__Nelly_Araujo4004619.xml","4","1","1","0","3","4","3","5","3","3","2.0635","2.0635","19","OK",""
"4004621__JOSE PABLO_TOMAS VALENCIA4004621.xml","24","2","2","0","4","5","17","17","22","22","9.622","8.602","162","OK",""
"4004622__Matias_Mariangeli4004622.xml","","","","","","","","","","","","","","SKIP","formato excluido: raíz distinta de <project>"
"4004624__Matias_Mariangeli4004624.xml","","","","","","","","","","","","","","SKIP","formato excluido: raíz distinta de <project>"
"4004627__Matias_Mariangeli4004627.xml","","","","","","","","","","","","","","SKIP","formato excluido: raíz distinta de <project>"
"4004635__Cesar Norberto_Molina 4004635.xml","","","","","","","","","","","","","","SKIP","formato excluido: raíz distinta de <project>"
"4004637__Alberto_Aguilera4004637.xml","10","2","2","0","4","5","6","9","8","8","5.1756","5.2836","48","OK",""
"4004644__Mauro Miguel_Sliwinski Vera4004644.xml","11","1","1","0","4","4","7","9","10","10","5.446","4.19","93","OK",""
"4004650__Julio_Ali4004650.xml","","","","","","","","","","","","","","SKIP","formato excluido: raíz distinta de <project>"
"4004660__emporio_madera4004660.xml","","","","","","","","","","","","","","SKIP","formato excluido: raíz distinta de <project>"
"4004661__CAOBA_CAOBA4004661.xml","39","6","6","0","4","6","24","49","33","33","28.64","24.755","255","OK",""
"4004662__Cesar Norberto_Molina 4004662.xml","","","","","","","","","","","","","","SKIP","formato excluido: raíz distinta de <project>"
"4004664__Nelly_Araujo4004664.xml","18","1","1","0","4","5","9","13","17","17","9.7795","5.403","43","OK",""
"4004690__Alejandro_Villafane4004690.xml","4","1","1","0","3","5","2","4","3","3","2.1132","1.5131999999999999","10","OK",""
"4004722__Carpinteross_Rio grandee4004722.xml","73","6","6","0","4","6","42","49","67","67","45.98279999999999","36.74159999999999","8008","OK",""
"4004723__Carpinteross_Rio grandee4004723.xml","73","6","6","0","4","6","42","49","67","67","45.98279999999999","36.74159999999999","7971","OK",""
"4004727__Nicolas_Scalko4004727.xml","54","1","1","0","3","3","9","9","53","53","15.263199999999987","15.263199999999987","58","OK",""
"4004735__Sara_Benedict4004735.xml","","","","","","","","","","","","","","SKIP","formato excluido: raíz distinta de <project>"
"4004741__Martin_Da costa4004741.xml","7","1","1","0","4","6","5","9","6","6","3.5304","3.1304000000000003","31","OK",""
"4004760__Cesar Norberto_Molina 4004760.xml","","","","","","","","","","","","","","SKIP","formato excluido: raíz distinta de <project>"
"4004761__Carpinteross_Rio grandee4004761.xml","13","2","2","0","4","4","6","7","11","11","6.304399999999999","5.934399999999999","21","OK",""
"4004799__daniel_miniovich4004799.xml","21","1","1","0","4","6","17","18","20","20","9.472999999999995","7.2189999999999985","108","OK",""
"4004804__Pablo_Gorgal4004804.xml","10","2","2","0","4","4","6","5","8","8","5.115","5.03","617","OK",""
"4004805__emporio_madera4004805.xml","","","","","","","","","","","","","","SKIP","formato excluido: raíz distinta de <project>"
"4004824__Pablo_Gorgal4004824.xml","8","1","1","0","3","3","2","2","7","7","4.55","4.55","10","OK",""
"4004836__Ernesto_Malcherczyk4004836.xml","","","","","","","","","","","","","","SKIP","formato excluido: raíz distinta de <project>"
"4004845__Nicolas_Scalko4004845.xml","2","1","1","0","4","4","2","2","1","1","0.9544","0.4294","10","OK",""
"4004864__Angeles _Echenique4004864.xml","","","","","","","","","","","","","","SKIP","formato excluido: raíz distinta de <project>"
"4004875__Pablo_Carrieri4004875.xml","","","","","","","","","","","","","","SKIP","formato excluido: raíz distinta de <project>"
"4004880__SILVIO HERNAL_TORRES4004880.xml","7","1","1","0","3","3","3","3","6","6","5.506399999999999","5.3564","15","OK",""
"4004885__Pablo_Carrieri4004885.xml","","","","","","","","","","","","","","SKIP","formato excluido: raíz distinta de <project>"
"4004921__Angeles _Echenique4004921.xml","","","","","","","","","","","","","","SKIP","formato excluido: raíz distinta de <project>"
"4004925__Virginia_Filippa4004925.xml","4","1","1","0","3","3","2","2","3","3","3.4972000000000003","3.1052000000000004","5","OK",""
"4004964__CAOBA_CAOBA4004964.xml","27","1","1","0","4","6","23","21","26","26","11.8715","9.486","156","OK",""
"4004967__emporio_madera4004967.xml","","","","","","","","","","","","","","SKIP","formato excluido: raíz distinta de <project>"
"4004986__emporio_madera4004986.xml","","","","","","","","","","","","","","SKIP","formato excluido: raíz distinta de <project>"
"4005011__fabricio_paz perez4005011.xml","4","1","1","0","3","3","2","2","3","3","3.1132000000000004","3.1132000000000004","4","OK",""
"4005016__JOSE MARIA_BRACAMONTE4005016.xml","","","","","","","","","","","","","","SKIP","formato excluido: raíz distinta de <project>"
"4005017__fabricio_paz perez4005017.xml","4","1","1","0","3","3","2","2","3","3","3.4932000000000003","3.1032","4","OK",""
"4005030__JOSE MARIA_BRACAMONTE4005030.xml","","","","","","","","","","","","","","SKIP","formato excluido: raíz distinta de <project>"
"4005032__VENTAS_EGGER RG4005032.xml","3","2","","","","","","","","","","","0","ERROR","La pieza ""P1"" (2440×430 mm) no entra en una placa útil de 2435×1215 mm."
"4005034__matias facundo_oyola4005034.xml","66","4","4","0","4","6","46","78","62","62","31.929799999999993","31.307199999999995","713","OK",""
"4005036__jonathan_cardozo4005036.xml","99","8","8","0","4","6","65","62","91","91","68.019","63.632","876","OK",""
"4005037__Emiliano Martin_Fernandez4005037.xml","47","3","3","0","4","6","22","33","44","44","21.4076","20.743999999999993","252","OK",""
"4005053__JOSE MARIA_BRACAMONTE4005053.xml","","","","","","","","","","","","","","SKIP","formato excluido: raíz distinta de <project>"
"4005055__Miriam_Dominguez4005055.xml","23","1","1","0","4","5","11","8","22","22","10.106799999999996","7.588799999999997","116","ERROR","multiset piezas; "
"4005057__lujan agustin_encinas4005057.xml","","","","","","","","","","","","","","SKIP","formato excluido: raíz distinta de <project>"
"4005067__Diego_Villalba4005067.xml","67","2","2","0","4","5","37","54","65","65","31.946","19.108999999999988","783","OK",""
"4005073__Mega_Maderas4005073.xml","46","3","3","0","4","5","19","29","43","43","25.797199999999993","16.729599999999998","209","OK",""
"4005082__JOSE MARIA_BRACAMONTE4005082.xml","","","","","","","","","","","","","","SKIP","formato excluido: raíz distinta de <project>"
"4005087__Damian Ponce_ponce4005087.xml","8","1","1","0","3","3","2","2","7","7","3.9508","3.6008","20","OK",""
"4005090__Jonny_Catuto4005090.xml","","","","","","","","","","","","","","SKIP","formato excluido: raíz distinta de <project>"
"4005093__Damian Ponce_ponce4005093.xml","78","6","7","1","4","5","37","56","72","71","47.3388","35.740199999999994","4960","OK",""
"4005097__Diego_Villalba4005097.xml","21","1","1","0","4","5","9","18","20","20","7.7029999999999985","7.496999999999998","75","OK",""
"4005105__Maximiliano_Barrera4005105.xml","6","1","1","0","4","5","5","6","5","5","2.022","1.672","29","OK",""
"4005111__VENTAS_EGGER RG4005111.xml","43","4","3","-1","4","5","32","34","39","40","25.8848","23.615199999999998","1426","OK",""
"4005120__Luis_Mendez4005120.xml","200","17","17","0","4","6","137","193","183","183","109.2075","102.5225","21364","OK",""
"4005123__Fernando _VICINI4005123.xml","","","","","","","","","","","","","","SKIP","formato excluido: raíz distinta de <project>"
"4005125__Fernando _VICINI4005125.xml","","","","","","","","","","","","","","SKIP","formato excluido: raíz distinta de <project>"
"4005132__JOSE MARIA_BRACAMONTE4005132.xml","","","","","","","","","","","","","","SKIP","formato excluido: raíz distinta de <project>"
"4005133__Fernando _VICINI4005133.xml","","","","","","","","","","","","","","SKIP","formato excluido: raíz distinta de <project>"
"4005134__Dalmasio_Rossetti4005134.xml","10","3","3","0","5","4","6","6","7","7","3.5338000000000003","1.3878","942","OK",""
"4005139__JOSE MARIA_BRACAMONTE4005139.xml","","","","","","","","","","","","","","SKIP","formato excluido: raíz distinta de <project>"
"4005162__VENTAS_EGGER RG4005162.xml","83","5","5","0","4","6","53","62","78","78","48.50639999999999","42.50599999999999","450","OK",""
"4005165__Jorge_Cobe4005165.xml","41","2","2","0","4","6","29","32","39","39","13.163099999999996","12.446099999999994","367","OK",""
"4005171__JOSE MARIA_BRACAMONTE4005171.xml","","","","","","","","","","","","","","SKIP","formato excluido: raíz distinta de <project>"
"4005180__Maximiliano_Santoro4005180.xml","22","1","1","0","4","6","12","50","21","21","11.666400000000001","8.5944","279","OK",""
"4005199__Ramon_Mata4005199.xml","6","1","1","0","3","3","3","3","5","5","3.1325","3.1325","12","OK",""
"4005201__Carlos Gustavo_San Miguel4005201.xml","93","9","9","0","6","5","50","58","84","84","60.42319999999999","51.5576","1453","OK",""
"4005203__matias facundo_oyola4005203.xml","16","2","2","0","4","5","16","18","14","14","8.996599999999999","7.9266000000000005","299","OK",""
"4005214__alexandra_de la fuente hernandez4005214.xml","7","1","1","0","4","5","3","8","6","6","4.297","3.457","15","OK",""
"4005217__mario_da costa4005217.xml","20","3","3","0","4","6","16","17","18","17","8.6142","5.481599999999999","218","OK",""
"4005226__VENTAS_EGGER RG4005226.xml","60","3","3","0","4","5","35","39","57","57","33.1942","29.5178","1998","OK",""
"4005233__Matias_Sosa4005233.xml","6","1","1","0","3","5","2","4","5","5","2.924","2.301","7","OK",""
"4005237__Mauricio_Bazan4005237.xml","48","2","2","0","4","5","29","38","46","46","20.216399999999993","16.784399999999994","480","OK",""
"4005250__Carlos Gustavo_San Miguel4005250.xml","26","3","3","0","4","4","9","19","23","23","12.620399999999998","10.4562","152","OK",""
"4005251__VENTAS_EGGER RG4005251.xml","10","2","2","0","4","5","9","11","8","8","6.8292","6.0762","77","OK",""
"4005263__Carlos Gustavo_San Miguel4005263.xml","7","1","1","0","4","4","6","7","6","6","3.3032000000000004","1.1488000000000003","21","OK",""
"4005294__Mauricio_Bazan4005294.xml","9","1","1","0","3","6","2","4","8","8","3.3182","2.0932000000000004","43","OK",""
"4005296__Adrian_Maru4005296.xml","2","1","1","0","3","3","2","2","1","1","0.7044","0.7044","3","OK",""
"4005299__l Hugo Horacio_Mercadal4005299.xml","171","13","12","-1","4","6","105","147","158","159","96.11319999999995","86.01079999999996","877","OK",""
"4005304__Pablo_Camps4005304.xml","19","1","1","0","4","4","10","10","18","18","9.669199999999996","7.3291999999999975","97","OK",""
"4005308__carlos_ithuralde4005308.xml","27","3","3","0","4","6","19","39","25","24","16.060999999999996","15.854399999999996","217","OK",""
"4005323__carlos_ithuralde4005323.xml","2","1","1","0","3","3","2","2","1","1","0.4794","0.4794","3","OK",""
"4005332__l Hugo Horacio_Mercadal4005332.xml","17","2","2","0","4","4","9","12","15","15","10.066","8.942","108","OK",""
"4005349__DARIO ABEL_LUCIANI4005349.xml","46","1","1","0","4","5","21","32","45","45","11.436499999999988","11.710499999999994","1179","OK",""
"4005368__Ezequiel_Palomino4005368.xml","4","1","1","0","3","3","3","3","3","3","3.1872","1.3132","48","OK",""
"4005394__damian_espada4005394.xml","","","","","","","","","","","","","","SKIP","formato excluido: raíz distinta de <project>"
"4005402__NELSON_MONTENEGRO4005402.xml","10","1","1","0","3","3","3","2","9","9","3.0596000000000005","2.3596","108","OK",""
"4005406__NELSON_MONTENEGRO4005406.xml","65","2","2","0","4","6","21","49","63","63","22.85919999999999","20.829199999999993","1650","OK",""
"4005409__mario_da costa4005409.xml","20","3","3","0","4","6","16","17","18","17","8.6142","5.481599999999999","546","OK",""
"4005416__NELSON_MONTENEGRO4005416.xml","12","1","1","0","4","6","8","10","11","11","6.7474","4.4414","351","OK",""
"4005445__Nelly_Araujo4005445.xml","9","2","2","0","3","4","4","12","7","7","5.0755","3.1155","85","OK",""
"4005450__Gerardo_Legue4005450.xml","108","1","1","0","3","4","11","29","107","107","26.60159999999996","17.33120000000002","1579","OK",""
"4005457__Nelly_Araujo4005457.xml","19","4","","","","","","","","","","","0","ERROR","La pieza ""P13"" (2440×799 mm) no entra en una placa útil de 2435×1215 mm."
"4005458__Augusto Scocco_Augusto Scocco4005458.xml","70","3","3","0","7","6","56","45","67","67","36.94439999999999","30.999799999999993","6154","OK",""
"4005462__Jeremias_Romero4005462.xml","20","2","2","0","4","6","16","22","18","18","10.3142","8.657","967","OK",""
"4005464__Alejandro_Herrera4005464.xml","","","","","","","","","","","","","","SKIP","formato excluido: raíz distinta de <project>"
"4005468__Esteban_Mercadal4005468.xml","","","","","","","","","","","","","","SKIP","formato excluido: raíz distinta de <project>"
"4005487__Jeremias_Romero4005487.xml","21","2","2","0","4","6","11","30","19","19","9.8806","8.819599999999998","629","OK",""
"4005489__VENTAS_EGGER RG4005489.xml","24","3","3","0","4","5","14","16","21","21","11.6418","10.9356","698","OK",""
"4005499__Jeremias_Romero4005499.xml","5","2","2","0","3","3","2","2","3","3","1.7832000000000001","1.7832000000000001","85","OK",""
"4005501__Luis_Mendez4005501.xml","19","3","3","0","4","6","18","22","16","16","12.148","8.729","1084","OK",""
"4005512__Mauricio_Bazan4005512.xml","52","2","2","0","4","4","28","33","50","50","15.813999999999997","16.642999999999994","2205","OK",""
"4005514__Jeremias_Romero4005514.xml","6","1","1","0","4","4","3","5","5","5","2.9020000000000006","2.192","57","OK",""
"4005580__Diego_Bachmann4005580.xml","","","","","","","","","","","","","","SKIP","formato excluido: raíz distinta de <project>"
"4005582__Omar_MENDIETA4005582.xml","35","4","3","-1","7","6","22","27","31","32","17.5796","19.132399999999997","1478","OK",""
"4005585__fernando javier_cattaneo4005585.xml","48","5","4","-1","4","6","35","83","43","44","28.5182","28.3216","45343","OK",""
"4005586__fernando javier_cattaneo4005586.xml","21","2","2","0","4","6","13","26","19","19","13.759599999999999","10.180599999999998","616","OK",""
"4005590__Omar_MENDIETA4005590.xml","104","5","5","0","8","6","61","110","99","99","51.79219999999998","45.01399999999998","5171","OK",""
"4005597__lupita_lopez4005597.xml","81","8","7","-1","4","6","52","73","73","74","40.2525","37.4248","7360","OK",""
"4005612__lupita_lopez4005612.xml","20","2","2","0","4","6","12","14","18","18","8.858","8.281","825","OK",""
"4005620__Carpinteross_Rio grandee4005620.xml","3","1","1","0","3","5","1","3","2","2","1.0288","0.1288","14","OK",""
"4005636__fernando javier_cattaneo4005636.xml","48","4","4","0","4","6","33","58","44","44","28.74059999999999","27.23399999999999","7197","OK",""
"4005666__Selene_Casas4005666.xml","22","3","3","0","4","6","17","22","19","19","7.786899999999999","7.265599999999999","1128","OK",""
"4005695__Luis_Bonsignore4005695.xml","","","","","","","","","","","","","","SKIP","formato excluido: raíz distinta de <project>"
"4005703__Maximiliano_Santoro4005703.xml","48","2","2","0","4","4","12","14","46","46","11.299399999999995","13.43839999999999","10387","OK",""
"4005744__Dinorah_Contreras4005744.xml","72","5","5","0","4","5","33","39","67","67","35.108700000000006","26.411900000000006","2056","OK",""
"4005755__Dinorah_Contreras4005755.xml","13","2","2","0","3","5","3","11","11","11","3.5107","5.241099999999999","213","OK",""
"4005763__VALKA_VALKA SRL4005763.xml","19","1","1","0","5","6","10","30","18","18","5.766599999999999","3.7422000000000013","540","OK",""
"4005770__Selene_Casas4005770.xml","25","2","2","0","4","5","17","20","23","23","14.213700000000001","14.118","5300","OK",""
"4005771__Juan Roberto_Martinez4005771.xml","19","2","2","0","7","5","16","15","17","17","11.487599999999997","6.3388","953","OK",""
"4005773__Juan Roberto_Martinez4005773.xml","92","4","4","0","7","6","52","72","88","88","48.36959999999999","42.77919999999999","4167","OK",""
"4005777__Nicolas_Scalko4005777.xml","42","3","3","0","4","5","24","29","39","39","27.032","20.299599999999998","399","OK",""
"4005779__Maximiliano_Santoro4005779.xml","1308","5","4","-1","4","6","74","119","1303","1304","98.22820000000074","98.44760000000068","3149","OK",""
"4005785__Gleb_Velichko4005785.xml","96","7","7","0","4","5","74","86","89","89","60.827599999999975","51.709599999999995","409","OK",""
"4005793__Selene_Casas4005793.xml","10","1","1","0","3","3","1","10","9","9","1.0305","1.0305","13","OK",""
"4005800__Gleb_Velichko4005800.xml","21","1","1","0","4","6","16","20","20","20","10.995999999999997","8.056999999999999","115","OK",""
"4005803__Patricio_Fernandez4005803.xml","18","2","2","0","4","4","15","18","16","16","9.8292","7.4926","86","OK",""
"4005805__Gleb_Velichko4005805.xml","9","1","1","0","4","5","9","11","8","8","5.4112","4.3031999999999995","47","OK",""
"4005809__Esteban_Mercadal4005809.xml","","","","","","","","","","","","","","SKIP","formato excluido: raíz distinta de <project>"
"4005819__Dinorah_Contreras4005819.xml","68","4","4","0","4","6","28","41","64","64","30.697600000000005","22.019800000000004","270","OK",""
"4005824__Lizandro_Chirinos del Angel4005824.xml","36","4","4","0","4","5","19","26","32","32","17.193199999999997","15.423800000000002","207","OK",""
"4005826__Nelly_Araujo4005826.xml","48","5","","","","","","","","","","","0","ERROR","La pieza ""P8"" (2440×550 mm) no entra en una placa útil de 2435×1215 mm."
"4005840__Patricio_Fernandez4005840.xml","32","2","2","0","4","4","16","20","30","30","10.022399999999998","11.5908","255","OK",""
"4005861__Luis_Mendez4005861.xml","3","1","","","","","","","","","","","0","ERROR","La pieza ""P1"" (2440×260 mm) no entra en una placa útil de 2435×1215 mm."
"4005880__Luis_Mendez4005880.xml","3","1","","","","","","","","","","","0","ERROR","La pieza ""P1"" (2440×260 mm) no entra en una placa útil de 2435×1215 mm."
"4005894__JV_4005894.xml","28","3","3","0","4","6","14","26","25","25","13.106","15.027","106","OK",""
"4005896__Marcelo_Gauna diaz4005896.xml","83","3","3","0","4","5","49","54","80","80","37.67","27.848","814","OK",""
"4005911__ruben_gualtieri_59_ruben_gualtieri_594005911.xml","1","1","1","0","3","3","1","1","0","0","0","0","3","OK",""
"4005925__ruben_gualtieri_59_ruben_gualtieri_594005925.xml","4","1","1","0","3","4","2","3","3","3","1.811","1.509","11","OK",""
"4005932__ALDANA_HANSEN4005932.xml","73","4","4","0","4","6","43","49","69","69","40.459599999999995","34.962999999999994","446","OK",""
"4005939__JV_4005939.xml","9","3","3","0","4","4","8","7","6","6","8.016399999999999","1.5364","850","OK",""
"4005991__gustavo_bolano4005991.xml","38","1","1","0","4","5","20","19","37","37","16.356799999999993","12.913799999999991","188","OK",""
"4006071__DANIEL_ACUNA4006071.xml","78","4","4","0","7","6","47","60","74","74","37.588999999999984","33.075599999999994","615","OK",""
"4006079__Mega_Maderas4006079.xml","14","1","1","0","3","3","5","5","13","13","5.757199999999999","5.757199999999999","12","OK",""
"4006096__lupita_lopez4006096.xml","28","4","4","0","4","6","18","28","24","24","16.6226","14.4736","196","OK",""
"4006100__ALDANA_HANSEN4006100.xml","30","3","3","0","4","5","16","19","27","27","16.2588","16.617799999999995","160","OK",""
"4006105__lupita_lopez4006105.xml","2","1","","","","","","","","","","","0","ERROR","La pieza ""P1"" (2435×299.2 mm) no entra en una placa útil de 2430×1210 mm."
"4006109__Dinorah_Contreras4006109.xml","3","1","1","0","4","3","2","2","2","2","0.9957999999999999","0.9957999999999999","9","OK",""
"4006127__Mega_Maderas4006127.xml","34","5","4","-1","4","5","21","38","29","30","12.802200000000001","13.957","110","OK",""
"4006129__Mega_Maderas4006129.xml","75","12","11","-1","4","6","53","75","63","64","26.662200000000002","34.333400000000005","17608","OK",""
"4006131__Gustavo_Molina4006131.xml","","","","","","","","","","","","","","SKIP","formato excluido: raíz distinta de <project>"
"4006133__Mega_Maderas4006133.xml","61","6","6","0","4","6","25","43","55","55","29.9384","29.014599999999998","836","OK",""
"4006136__sofia_schunk4006136.xml","20","1","1","0","4","6","16","20","19","19","6.572599999999999","6.373599999999999","87","OK",""
"4006145__Gustavo_Molina4006145.xml","","","","","","","","","","","","","","SKIP","formato excluido: raíz distinta de <project>"
"4006150__Nelly_Araujo4006150.xml","12","2","2","0","3","3","6","6","10","10","6.571","6.094","43","OK",""
"4006171__Gustavo_Molina4006171.xml","","","","","","","","","","","","","","SKIP","formato excluido: raíz distinta de <project>"
"4006177__Nelly_Araujo4006177.xml","51","7","7","0","4","6","37","42","44","44","29.054","28.0275","309","OK",""
"4006179__Mega_Maderas4006179.xml","16","1","1","0","4","5","6","17","15","15","7.586","3.8460000000000005","55","OK",""
"4006189__Nelly_Araujo4006189.xml","8","2","2","0","4","4","6","7","6","6","5.421","3.12","28","OK",""
"4006193__Nelly_Araujo4006193.xml","21","4","4","0","3","5","12","15","17","17","11.5185","11.4925","123","OK",""
"4006233__Ailen Micaela_Salvo4006233.xml","15","1","1","0","4","6","6","8","14","14","7.612599999999999","6.358599999999998","26","OK",""
"4006243__Ailen Micaela_Salvo4006243.xml","18","3","3","0","4","4","11","11","15","15","10.27","9.925999999999998","1197","OK",""
"4006252__Mega_Maderas4006252.xml","32","1","1","0","3","3","3","3","31","31","6.416399999999998","6.746399999999994","41","OK",""
"4006259__Mega_Maderas4006259.xml","32","1","1","0","4","3","4","3","31","31","6.746399999999994","6.746399999999994","37","OK",""
"4006271__Mega_Maderas4006271.xml","9","1","1","0","4","3","4","3","8","8","4.7202","2.9252000000000002","22","OK",""
"4006273__gloria adriana_cortines4006273.xml","5","1","1","0","4","3","3","2","4","4","4.888","2.198","14","OK",""
"4006280__Mario_Fuentes4006280.xml","2","1","1","0","3","3","2","2","1","1","0.4664","0.45439999999999997","3","OK",""
"4006282__Mega_Maderas4006282.xml","32","1","1","0","4","3","7","3","31","31","7.076399999999994","6.746399999999994","30","OK",""
"4006283__Ailen Micaela_Salvo4006283.xml","79","4","4","0","4","5","40","48","75","75","39.143999999999984","37.42299999999999","453","OK",""
"4006286__Mega_Maderas4006286.xml","9","1","1","0","4","3","4","3","8","8","4.7202","2.9252000000000002","26","OK",""
"4006297__Pablo_Ravetta4006297.xml","22","1","1","0","4","5","14","13","21","21","9.315399999999999","9.659399999999996","73","OK",""
"4006299__Ailen Micaela_Salvo4006299.xml","75","5","5","0","4","5","28","45","70","70","43.501999999999995","35.70379999999999","411","OK",""
"4006305__Mario_Fuentes4006305.xml","16","1","1","0","4","6","8","11","15","15","10.581999999999997","9.501999999999999","112","OK",""
"4006307__joel_kibich4006307.xml","27","2","2","0","6","4","14","16","25","25","14.067999999999996","15.171999999999999","105","OK",""
"4006308__Natalia_Requejo4006308.xml","56","3","3","0","4","4","28","34","53","53","33.605","28.895","227","OK",""
"4006309__Demetrio_Reyna4006309.xml","21","1","1","0","4","4","15","17","20","20","7.557999999999998","6.921999999999998","99","OK",""
"4006310__Pablo_Ravetta4006310.xml","58","1","1","0","4","4","25","15","57","57","29.807800000000018","13.980799999999983","227","OK",""
"4006312__Natalia_Requejo4006312.xml","56","3","3","0","4","4","28","34","53","53","33.605","28.895","233","OK",""
"4006315__Natalia_Requejo4006315.xml","56","3","3","0","4","4","28","34","53","53","33.605","28.895","232","OK",""
"4006318__Mega_Maderas4006318.xml","3","1","1","0","3","3","1","3","2","2","0.7888","0.7888","2","OK",""
"4006325__Natalia_Requejo4006325.xml","56","3","3","0","4","4","28","34","53","53","33.605","28.895","240","OK",""
"4006329__Mega_Maderas4006329.xml","3","1","1","0","3","3","1","3","2","2","0.7888","0.7888","3","OK",""
"4006330__Natalia_Requejo4006330.xml","56","3","3","0","4","4","28","34","53","53","33.605","28.895","223","OK",""
"4006335__Natalia_Requejo4006335.xml","56","3","3","0","4","4","28","31","53","53","28.779","29.069","233","OK",""
"4006340__Mega_Maderas4006340.xml","3","1","1","0","3","3","1","3","2","2","0.7888","0.7888","2","OK",""
"4006347__Mega_Maderas4006347.xml","215","7","7","0","4","5","54","40","208","208","49.27519999999996","47.19519999999996","243","OK",""
"4006348__Natalia_Requejo4006348.xml","56","3","3","0","4","4","28","31","53","53","28.759","29.069","234","OK",""
"4006355__Natalia_Requejo4006355.xml","56","3","3","0","4","4","28","31","53","53","28.779","29.069","225","OK",""
"4006358__Natalia_Requejo4006358.xml","56","3","3","0","4","4","28","34","53","53","33.585","28.891","225","OK",""
"4006360__Mario_Fuentes4006360.xml","10","1","1","0","4","6","6","10","9","9","10.001599999999998","6.7786","16","OK",""
"4006363__Mario_Fuentes4006363.xml","11","1","1","0","4","4","8","8","10","10","11.639999999999999","8.983","19","OK",""
"4006364__joel_kibich4006364.xml","143","5","5","0","7","6","60","102","138","138","47.15619999999998","51.03459999999998","315","OK",""
"4006368__Mega_Maderas4006368.xml","69","2","2","0","4","3","12","12","67","67","19.037399999999987","16.159799999999986","151","OK",""
"4006373__Natalia_Requejo4006373.xml","60","4","4","0","4","5","43","35","56","56","37.634","30.098","329","OK",""
"4006383__Natalia_Requejo4006383.xml","60","4","4","0","4","6","43","58","56","56","37.668","33.872","286","OK",""
"4006393__Mega_Maderas4006393.xml","35","4","4","0","4","5","20","32","31","31","19.7034","17.475","299","OK",""
"4006396__Mega_Maderas4006396.xml","74","10","10","0","4","6","48","91","64","64","37.653600000000004","36.107400000000005","10737","OK",""
"4006397__Natalia_Requejo4006397.xml","60","4","4","0","4","5","43","35","56","56","37.634","30.098","337","OK",""
"4006399__Natalia_Requejo4006399.xml","60","4","4","0","4","5","44","43","56","56","37.498","31.999","341","OK",""
"4006413__NORMA_AGUILAR4006413.xml","166","10","10","0","4","5","92","109","156","156","90.64089999999997","80.25039999999998","11393","OK",""
"4006422__NORMA_AGUILAR4006422.xml","8","2","2","0","4","4","7","5","6","6","5.0733999999999995","4.602399999999999","49","OK",""
"4006429__LEONARDO MATIAS_ALFONSO4006429.xml","85","7","7","0","4","4","44","50","78","78","55.16769999999999","56.94869999999999","489","OK",""
"4006446__mxd_mxd4006446.xml","18","2","2","0","4","6","12","17","16","16","9.988","8.325","75","OK",""
"4006454__LEONARDO MATIAS_ALFONSO4006454.xml","84","8","8","0","4","6","36","43","76","76","51.606399999999994","51.18639999999999","755","OK",""
"4006456__mxd_mxd4006456.xml","21","3","3","0","4","4","11","17","18","18","11.382","10.906","1586","OK",""
"4006508__GABRIEL_FORMICA4006508.xml","","","","","","","","","","","","","","SKIP","formato excluido: raíz distinta de <project>"
"4006511__Pablo_Carrieri4006511.xml","","","","","","","","","","","","","","SKIP","formato excluido: raíz distinta de <project>"
"4006516__David_Rangel4006516.xml","44","2","2","0","4","4","22","20","42","42","18.06","15.932","204","OK",""
"4006517__Ricardo_Vera4006517.xml","147","8","8","0","4","6","85","102","139","139","64.52559999999997","58.927599999999984","462","OK",""
"4006520__GABRIEL_Carbajo4006520.xml","","","","","","","","","","","","","","SKIP","formato excluido: raíz distinta de <project>"
"4006522__Ricardo_Vera4006522.xml","11","1","1","0","4","6","11","12","10","10","5.031","4.764999999999999","37","OK",""
"4006529__ariel mauricio_astesiano4006529.xml","188","10","10","0","4","6","130","136","178","178","87.988","95.04","16768","OK",""
"4006541__ariel mauricio_astesiano4006541.xml","17","2","2","0","4","6","11","16","15","15","12.715","10.911","92","OK",""
"4006545__gustavodg70_gustavodg704006545.xml","12","1","1","0","4","5","8","10","11","11","6.365","4.625","56","OK",""
"4006562__rafael_ibanez4006562.xml","","","","","","","","","","","","","","SKIP","formato excluido: raíz distinta de <project>"
"4006563__rafael_ibanez4006563.xml","","","","","","","","","","","","","","SKIP","formato excluido: raíz distinta de <project>"
"4006569__Pablo Hernan_Ursino4006569.xml","85","5","5","0","4","6","36","50","80","80","47.02279999999999","32.007","434","OK",""
"4006573__Silvio_Aguilera4006573.xml","22","2","2","0","3","4","6","7","20","20","9.277999999999999","6.007","31","OK",""
"4006579__Pablo Hernan_Ursino4006579.xml","18","3","3","0","3","5","6","12","15","15","10.896","10.696","47","OK",""
"4006592__Damian_PaIS4006592.xml","84","5","5","0","4","6","59","59","79","79","45.72359999999999","43.24659999999999","972","OK",""
"4006632__Julio_Trucco4006632.xml","75","5","5","0","4","6","55","70","70","70","38.741499999999995","39.00689999999999","317","OK",""
"4006636__Matias_Arias4006636.xml","199","17","17","0","4","6","117","126","182","182","143.50079999999997","135.17499999999998","18830","OK",""
"4006643__marcelo_ayala4006643.xml","141","9","9","0","4","6","90","99","133","132","82.19169999999998","74.84279999999998","9997","OK",""
"4006648__Matias_Arias4006648.xml","40","10","9","-1","4","6","32","49","30","31","32.986000000000004","31.879800000000003","10172","ERROR","multiset piezas; "
"4006687__jose_fernandez4006687.xml","97","5","5","0","4","6","52","94","92","92","49.81979999999998","43.78709999999998","858","OK",""
"4006694__Juan_Gonzalez4006694.xml","","","","","","","","","","","","","","SKIP","formato excluido: raíz distinta de <project>"
"4006698__jose_fernandez4006698.xml","31","2","2","0","4","6","19","43","29","29","17.056099999999997","14.036599999999996","142","OK",""
"4006707__jose_fernandez4006707.xml","34","4","4","0","4","6","15","29","30","30","19.840999999999998","16.953899999999994","2440","OK",""
"4006708__Matias_Arias4006708.xml","128","11","10","-1","4","6","85","102","117","118","81.86479999999999","77.84459999999997","410","OK",""
"4006717__GABRIEL_TUMBACO CRUZ4006717.xml","","","","","","","","","","","","","","SKIP","formato excluido: raíz distinta de <project>"
"4006728__Anibal_Pancallo4006728.xml","16","1","1","0","3","6","6","8","15","15","12.867999999999999","5.719999999999999","31","OK",""
"4006734__JAVIER DELGADO_DELGADO4006734.xml","36","4","","","","","","","","","","","0","ERROR","La pieza ""P2"" (2600×600 mm) no entra en una placa útil de 2595×1825 mm."
"4006774__Mauro Leandro Bernardino_Torres4006774.xml","21","3","3","0","4","4","10","9","18","18","15.7596","14.6642","73","OK",""
"4006785__LUIS GERARDO_Gueta Cazares4006785.xml","27","2","2","0","4","6","22","50","25","25","16.0476","10.603599999999998","259","OK",""
"4006799__Lineth_Aguirre4006799.xml","78","9","9","0","4","6","58","85","69","69","49.982099999999996","44.452799999999996","10300","OK",""
"4006826__Manuel_Segovia4006826.xml","41","2","2","0","4","6","27","34","39","39","15.501599999999993","15.976599999999992","304","OK",""
"4006827__Manuel_Segovia4006827.xml","32","4","4","0","4","6","26","25","28","28","15.929200000000002","14.416199999999996","3569","OK",""
"4006867__gerardo_rios4006867.xml","56","4","4","0","4","5","36","37","52","52","22.415","17.6145","344","OK",""
"4006868__gerardo_rios4006868.xml","10","2","2","0","4","5","8","8","8","8","4.4206","2.5296","55","OK",""
"4006919__jjosem.2016_jjosem.20164006919.xml","8","2","2","0","4","6","7","12","6","6","6.485","4.935","32","OK",""
"4006922__jjosem.2016_jjosem.20164006922.xml","8","2","2","0","4","6","7","12","6","6","6.485","4.935","31","OK",""
"4006934__jjosem.2016_jjosem.20164006934.xml","41","4","","","","","","","","","","","0","ERROR","La pieza ""P20"" (2750×100 mm) no entra en una placa útil de 2740×1820 mm."
"4006937__Mario_Fuentes4006937.xml","9","1","1","0","3","3","4","4","8","8","5.409200000000001","5.195200000000001","34","OK",""
"4006938__Paulo_Ledesma4006938.xml","64","5","5","0","5","6","48","71","59","59","35.837799999999994","37.47999999999999","1086","OK",""
"4006947__Juan_Giomi4006947.xml","30","2","2","0","4","5","17","16","28","28","13.493199999999998","12.143199999999997","132","OK",""
"4006956__Juan_Giomi4006956.xml","13","2","2","0","3","3","6","6","11","11","6.918400000000002","5.038399999999999","17","OK",""
"4006969__Juan_Giomi4006969.xml","5","1","1","0","4","4","3","3","4","4","4.5876","2.1176","9","OK",""
"4006977__cristian david_caceres4006977.xml","","","","","","","","","","","","","","SKIP","formato excluido: raíz distinta de <project>"
"4006978__Lucas Miguel_Sasso4006978.xml","43","3","3","0","4","6","18","30","40","40","26.052999999999994","23.657999999999998","416","OK",""
"4006989__Enrique_Tourn4006989.xml","39","2","2","0","4","6","30","39","37","37","10.2652","9.5456","252","OK",""
"4006991__mariann.tissino_mariann.tissino4006991.xml","45","2","2","0","4","6","31","32","43","43","20.781","17.937","416","OK",""
"4006993__Lucas Miguel_Sasso4006993.xml","30","2","2","0","4","6","17","37","28","28","18.460199999999997","13.052799999999996","120","OK",""
"4007006__Gaston_Chaumont4007006.xml","39","2","2","0","4","6","16","16","37","37","12.226799999999997","15.167199999999996","111","OK",""
"4007007__Carlos Gustavo_San Miguel4007007.xml","31","3","3","0","6","4","26","17","28","28","23.299799999999994","12.471199999999998","106","OK",""
"4007009__mariann.tissino_mariann.tissino4007009.xml","3","1","1","0","4","6","3","6","2","2","3.457","0.864","17","OK",""
"4007012__mariann.tissino_mariann.tissino4007012.xml","3","1","1","0","4","6","3","6","2","2","3.457","0.864","8","OK",""
"4007016__jjosem.2016_jjosem.20164007016.xml","7","1","1","0","4","4","6","7","6","6","6.485","4.86","29","OK",""
"4007020__VICTORIA_CORDOBA4007020.xml","30","4","4","0","3","5","13","16","26","26","16.8444","16.1344","55","OK",""
"4007024__mariann.tissino_mariann.tissino4007024.xml","45","2","2","0","4","6","31","32","43","43","20.781","17.937","402","OK",""
"4007031__Lucas_Pineiro4007031.xml","40","3","3","0","5","6","26","34","37","37","16.7618","17.489099999999993","2895","OK",""
"4007038__Joel _Verber4007038.xml","","","","","","","","","","","","","","SKIP","formato excluido: raíz distinta de <project>"
"4007057__Marcos _Cumini Londero4007057.xml","","","","","","","","","","","","","","SKIP","formato excluido: raíz distinta de <project>"
"4007058__Claudio_Maggiore4007058.xml","9","1","1","0","5","4","6","8","8","8","4.373200000000001","2.5152","43","OK",""
"4007069__Joel _Verber4007069.xml","","","","","","","","","","","","","","SKIP","formato excluido: raíz distinta de <project>"
"4007074__Damian_PaIS4007074.xml","84","5","5","0","4","6","59","59","79","79","45.72359999999999","43.24659999999999","965","OK",""
"4007078__Analia_Pinter4007078.xml","41","3","3","0","4","4","37","37","38","38","28.393699999999995","25.641199999999998","292","OK",""
"4007085__Damian_PaIS4007085.xml","1","1","1","0","3","3","1","1","0","0","0","0","2","OK",""
"4007113__sofia_schunk4007113.xml","20","1","1","0","4","6","16","20","19","19","6.537099999999997","6.373599999999999","75","OK",""
"4007117__Ramiro _Leites4007117.xml","","","","","","","","","","","","","","SKIP","formato excluido: raíz distinta de <project>"
"4007118__Eduardo nahuel_Tarico4007118.xml","28","4","4","0","5","6","25","29","24","24","22.5584","19.5584","180","OK",""
"4007123__leandro_feldman4007123.xml","","","","","","","","","","","","","","SKIP","formato excluido: raíz distinta de <project>"
"4007124__Joel _Verber4007124.xml","","","","","","","","","","","","","","SKIP","formato excluido: raíz distinta de <project>"
"4007132__fernando javier_cattaneo4007132.xml","48","4","4","0","4","6","34","34","44","44","29.132599999999993","27.20859999999999","1472","OK",""
"4007140__leandro_feldman4007140.xml","","","","","","","","","","","","","","SKIP","formato excluido: raíz distinta de <project>"
"4007141__VENTAS_EGGER RG4007141.xml","6","3","","","","","","","","","","","0","ERROR","La pieza ""P2"" (2600×600 mm) no entra en una placa útil de 2595×1825 mm."
"4007166__gaston_rostro4007166.xml","8","1","1","0","4","5","4","5","7","7","4.4678","4.4678","31","OK",""
"4007172__Dario_Piancino4007172.xml","","","","","","","","","","","","","","SKIP","formato excluido: raíz distinta de <project>"
"4007175__Lucas Miguel_Sasso4007175.xml","34","2","2","0","4","6","18","21","32","32","19.829799999999995","13.947799999999996","168","OK",""
"4007177__fernando javier_cattaneo4007177.xml","33","2","2","0","4","6","20","30","31","31","19.277399999999993","15.330399999999997","181","OK",""
"4007181__Dario_Piancino4007181.xml","","","","","","","","","","","","","","SKIP","formato excluido: raíz distinta de <project>"
"4007182__Analia_Pinter4007182.xml","41","3","3","0","4","4","37","37","38","38","28.393699999999995","25.641199999999998","288","OK",""
"4007186__Dario_Piancino4007186.xml","","","","","","","","","","","","","","SKIP","formato excluido: raíz distinta de <project>"
"4007191__DIEGO RICARDO_LAFUENTE4007191.xml","17","1","1","0","4","6","14","21","16","16","8.333200000000003","6.647600000000002","103","OK",""
"4007193__Dario_Piancino4007193.xml","","","","","","","","","","","","","","SKIP","formato excluido: raíz distinta de <project>"
"4007195__NELSON_MONTENEGRO4007195.xml","65","2","2","0","4","6","21","49","63","63","22.85919999999999","20.829199999999993","278","OK",""
"4007202__Dario_Piancino4007202.xml","","","","","","","","","","","","","","SKIP","formato excluido: raíz distinta de <project>"
"4007210__Dario_Piancino4007210.xml","","","","","","","","","","","","","","SKIP","formato excluido: raíz distinta de <project>"
"4007215__Dario_Piancino4007215.xml","","","","","","","","","","","","","","SKIP","formato excluido: raíz distinta de <project>"
"4007221__emanuel alejandro_capdevila4007221.xml","","","","","","","","","","","","","","SKIP","formato excluido: raíz distinta de <project>"
"4007222__diego alberto_modon4007222.xml","22","4","4","0","4","6","16","26","18","18","13.874199999999998","9.767199999999997","97","OK",""
"4007223__Damian_PaIS4007223.xml","52","2","2","0","4","5","37","40","50","50","24.478999999999992","17.235999999999997","464","OK",""
"4007230__AUSTER ESTUDIOS SAS_GIECO PEIRETTI4007230.xml","2","1","1","0","3","4","1","2","1","1","0.8004","0.31039999999999995","3","OK",""
"4007231__AUSTER ESTUDIOS SAS_GIECO PEIRETTI4007231.xml","14","1","1","0","4","5","9","15","13","13","5.676199999999999","4.708200000000001","71","OK",""
"4007237__AUSTER ESTUDIOS SAS_GIECO PEIRETTI4007237.xml","63","5","5","0","4","6","33","47","58","58","41.82719999999999","38.121","502","OK",""
"4007238__kina.hogar_kina.hogar4007238.xml","11","2","1","-1","4","4","7","9","9","10","5.38","3.855","573","OK",""
"4007239__AUSTER ESTUDIOS SAS_GIECO PEIRETTI4007239.xml","33","3","3","0","4","6","23","29","30","30","13.417","9.6384","245","OK",""
"4007249__AUSTER ESTUDIOS SAS_GIECO PEIRETTI4007249.xml","10","3","3","0","4","4","8","7","7","7","7.9608","5.017799999999999","1019","OK",""
"4007256__Damian Ponce_ponce4007256.xml","9","3","3","0","3","2","9","0","6","6","3.2863999999999995","3.2863999999999995","11","ERROR","multiset piezas; "
"4007260__DIEGO RICARDO_LAFUENTE4007260.xml","21","2","2","0","4","4","13","16","19","19","14.4638","10.847000000000001","107","OK",""
"4007276__fabian_rodriguez reyes4007276.xml","11","1","1","0","4","4","11","10","10","10","3.024","1.064","41","OK",""
"4007277__Conte_Hogar4007277.xml","67","4","4","0","4","6","41","54","63","63","40.51119999999999","35.37619999999999","452","OK",""
"4007280__cristian_godoy4007280.xml","3","1","1","0","5","5","4","4","2","2","1.1938","0.9087999999999999","22","OK",""
"4007282__Ramiro_Montes4007282.xml","32","2","2","0","4","5","14","12","30","30","14.435","12.245","175","OK",""
"4007287__diego alberto_modon4007287.xml","13","1","1","0","3","5","7","11","12","12","5.174799999999999","2.7118","32","OK",""
"4007289__Alejandro_Monzon4007289.xml","30","3","3","0","4","6","15","28","27","27","17.029799999999998","19.037299999999995","115","OK",""
"4007291__Damian Ponce_ponce4007291.xml","1","1","1","0","3","2","1","0","0","0","0","0","3","ERROR","multiset piezas; "
"4007292__DIEGO RICARDO_LAFUENTE4007292.xml","28","2","1","-1","4","6","16","24","26","27","14.760399999999997","9.608799999999993","104","OK",""
"4007295__cristian_godoy4007295.xml","3","1","1","0","5","5","4","4","2","2","1.1938","0.9087999999999999","20","OK",""
"4007301__Conte_Hogar4007301.xml","8","1","1","0","4","5","5","10","7","7","4.859799999999999","4.6372","125","OK",""
"4007303__Analia_Pinter4007303.xml","10","1","1","0","4","6","4","9","9","9","6.616599999999998","5.792599999999999","21","OK",""
"4007305__kina.hogar_kina.hogar4007305.xml","12","1","1","0","4","4","7","8","11","11","5.685","4.355","56","OK",""
"4007306__Cesar Norberto_Molina 4007306.xml","","","","","","","","","","","","","","SKIP","formato excluido: raíz distinta de <project>"
"4007314__Julio_Ali4007314.xml","","","","","","","","","","","","","","SKIP","formato excluido: raíz distinta de <project>"
"4007321__Cesar Norberto_Molina 4007321.xml","","","","","","","","","","","","","","SKIP","formato excluido: raíz distinta de <project>"
"4007327__kina.hogar_kina.hogar4007327.xml","18","1","1","0","4","4","8","12","17","17","6.995","5.755","81","OK",""
"4007334__Javier_Carignano4007334.xml","44","5","5","0","4","6","29","31","39","39","24.641599999999997","20.675399999999996","2646","ERROR","multiset piezas; "
"4007337__Cesar Norberto_Molina 4007337.xml","","","","","","","","","","","","","","SKIP","formato excluido: raíz distinta de <project>"
"4007342__Guillermo nicolas_Diaz4007342.xml","13","3","3","0","3","4","13","14","10","10","2.722","1.8034","1152","OK",""
"4007344__Martin_Vazquez4007344.xml","","","","","","","","","","","","","","SKIP","formato excluido: raíz distinta de <project>"
"4007345__DIEGO RICARDO_LAFUENTE4007345.xml","22","3","2","-1","4","4","12","15","19","20","15.1176","14.288","196","OK",""
"4007349__Federico_bonan4007349.xml","","","","","","","","","","","","","","SKIP","formato excluido: raíz distinta de <project>"
"4007355__Gaston_Correa4007355.xml","","","","","","","","","","","","","","SKIP","formato excluido: raíz distinta de <project>"
"4007378__Michel_Vasquez Moretti4007378.xml","3","1","1","0","4","4","3","3","2","2","1.971","0.634","15","OK",""
"4007379__hernan_Barrientos4007379.xml","75","3","3","0","6","5","33","21","72","72","28.718999999999987","27.196199999999994","309","OK",""
"4007399__Guillermo nicolas_Diaz4007399.xml","12","1","1","0","4","6","7","19","11","11","6.1124","4.8313999999999995","50","OK",""
"4007435__DIEGO RICARDO_LAFUENTE4007435.xml","31","2","2","0","4","6","19","38","29","29","11.486400000000001","12.0318","148","OK",""
"4007440__casa_dascenzo4007440.xml","37","2","2","0","4","5","20","24","35","35","20.356499999999993","15.961499999999994","212","OK",""
"4007449__HUGO ARIEL_CANCINOS4007449.xml","","","","","","","","","","","","","","SKIP","formato excluido: raíz distinta de <project>"
"4007460__lucas_ginestar4007460.xml","6","1","1","0","3","4","6","7","5","5","1.322","1.022","12","OK",""
"4007463__CAOBA_CAOBA4007463.xml","17","1","1","0","4","4","11","9","16","16","10.553","7.757","99","OK",""
"4007464__DIEGO RICARDO_LAFUENTE4007464.xml","17","1","1","0","4","6","14","21","16","16","8.331600000000002","6.6468000000000025","85","OK",""
"4007466__JOSE_MENDEZ4007466.xml","5","1","1","0","3","4","3","6","4","4","2.545","1.975","24","OK",""
"4007471__lucas_ginestar4007471.xml","6","1","1","0","3","4","6","7","5","5","1.322","1.022","14","OK",""
"4007478__Federico Marcelo_Cavallin Partelli4007478.xml","53","2","2","0","4","6","38","50","51","51","24.27239999999999","20.788799999999988","705","OK",""
"4007482__VENTAS_EGGER RG4007482.xml","6","1","1","0","4","4","3","4","5","5","2.8984","1.9132000000000002","19","OK",""
"4007484__lucas_ginestar4007484.xml","6","1","1","0","3","4","6","7","5","5","1.322","1.022","7","OK",""
"4007487__VENTAS_EGGER RG4007487.xml","6","1","1","0","4","4","5","3","5","5","3.9192","1.9131999999999998","12","OK",""
"4007491__Maxi_Giuliano4007491.xml","5","2","2","0","4","4","5","5","3","3","2.1102","1.2101999999999997","9","OK",""
"4007510__Cesar Norberto_Molina 4007510.xml","","","","","","","","","","","","","","SKIP","formato excluido: raíz distinta de <project>"
"4007521__Walter_Monzon4007521.xml","17","1","1","0","4","4","10","10","16","16","6.5246","5.108","68","OK",""
"4007526__carlos_nada4007526.xml","","","","","","","","","","","","","","SKIP","formato excluido: raíz distinta de <project>"
"4007531__carlos_nada4007531.xml","","","","","","","","","","","","","","SKIP","formato excluido: raíz distinta de <project>"
"4007533__Walter_Monzon4007533.xml","8","1","1","0","4","6","4","12","7","7","7.807799999999999","2.8648000000000002","28","OK",""
"4007556__Nicolas_Paz4007556.xml","","","","","","","","","","","","","","SKIP","formato excluido: raíz distinta de <project>"
"4007561__Nicolas_Paz4007561.xml","","","","","","","","","","","","","","SKIP","formato excluido: raíz distinta de <project>"
"4007565__gustavo_calvet4007565.xml","9","1","1","0","3","3","3","3","8","8","6.485199999999999","6.185199999999999","28","OK",""
"4007566__Nicolas_Paz4007566.xml","","","","","","","","","","","","","","SKIP","formato excluido: raíz distinta de <project>"
"4007568__Nicolas_Paz4007568.xml","","","","","","","","","","","","","","SKIP","formato excluido: raíz distinta de <project>"
"4007581__Marina_Gellert4007581.xml","11","1","1","0","4","5","6","9","10","10","7.504999999999998","7.611999999999998","32","OK",""
"4007589__emanuel alejandro_capdevila4007589.xml","","","","","","","","","","","","","","SKIP","formato excluido: raíz distinta de <project>"
"4007591__Alejandro_Monzon4007591.xml","7","1","1","0","4","3","5","5","6","6","4.525900000000001","2.1424000000000003","36","OK",""
"4007594__Pablo_Herranz4007594.xml","","","","","","","","","","","","","","SKIP","formato excluido: raíz distinta de <project>"
"4007598__HERNAN MATIAS_SCARPATI4007598.xml","7","1","1","0","3","3","3","3","6","6","4.876399999999999","3.9464","13","OK",""
"4007599__HERNAN MATIAS_SCARPATI4007599.xml","7","1","1","0","3","3","3","3","6","6","4.876399999999999","3.9464","10","OK",""
"4007600__HERNAN MATIAS_SCARPATI4007600.xml","7","1","1","0","3","3","3","3","6","6","4.876399999999999","3.9464","14","OK",""
"4007601__Conte_Hogar4007601.xml","156","10","10","0","4","6","78","108","146","146","82.03939999999999","95.07959999999997","17473","OK",""
"4007602__Pablo_Herranz4007602.xml","","","","","","","","","","","","","","SKIP","formato excluido: raíz distinta de <project>"
"4007603__HERNAN MATIAS_SCARPATI4007603.xml","7","1","1","0","3","3","3","3","6","6","4.876399999999999","3.9464","16","OK",""
"4007606__HERNAN MATIAS_SCARPATI4007606.xml","7","1","1","0","3","3","3","3","6","6","4.876399999999999","3.9464","7","OK",""
"4007610__Lucas Miguel_Sasso4007610.xml","8","2","2","0","4","6","7","14","6","6","7.4454","5.0774","37","OK",""
"4007611__HERNAN MATIAS_SCARPATI4007611.xml","7","1","1","0","3","3","3","3","6","6","4.876399999999999","3.9464","17","OK",""
"4007612__Pablo_Herranz4007612.xml","","","","","","","","","","","","","","SKIP","formato excluido: raíz distinta de <project>"
"4007614__Pablo_Herranz4007614.xml","","","","","","","","","","","","","","SKIP","formato excluido: raíz distinta de <project>"
"4007616__Pablo_Herranz4007616.xml","","","","","","","","","","","","","","SKIP","formato excluido: raíz distinta de <project>"
"4007619__Nicolas_Franco4007619.xml","25","1","1","0","4","4","12","24","24","24","5.796599999999999","5.228599999999998","121","OK",""
"4007628__Mega_Maderas4007628.xml","43","6","6","0","4","6","32","42","37","37","28.769599999999997","24.7564","708","OK",""
"4007629__Pablo_Herranz4007629.xml","","","","","","","","","","","","","","SKIP","formato excluido: raíz distinta de <project>"
"4007631__gloria adriana_cortines4007631.xml","51","5","5","0","4","4","32","45","46","46","31.126","22.112","303","OK",""
"4007648__Raul_Churquina4007648.xml","6","1","1","0","3","4","3","4","5","5","2.407","1.772","15","OK",""
"4007650__Dario_Piancino4007650.xml","","","","","","","","","","","","","","SKIP","formato excluido: raíz distinta de <project>"
"4007651__joel_kibich4007651.xml","78","3","4","1","6","5","48","47","75","74","31.565999999999985","27.910599999999988","8010","OK",""
"4007653__Dario_Piancino4007653.xml","","","","","","","","","","","","","","SKIP","formato excluido: raíz distinta de <project>"
"4007660__gloria adriana_cortines4007660.xml","38","2","2","0","4","4","13","11","36","36","10.773599999999998","9.826199999999996","108","OK",""
"4007662__Dario_Piancino4007662.xml","","","","","","","","","","","","","","SKIP","formato excluido: raíz distinta de <project>"
"4007665__Dario_Piancino4007665.xml","","","","","","","","","","","","","","SKIP","formato excluido: raíz distinta de <project>"
"4007668__Dario_Piancino4007668.xml","","","","","","","","","","","","","","SKIP","formato excluido: raíz distinta de <project>"
"4007670__Cesar_Carpintero4007670.xml","29","3","3","0","4","5","15","14","26","26","11.791400000000001","10.4284","247","OK",""
"4007681__Dario_Piancino4007681.xml","","","","","","","","","","","","","","SKIP","formato excluido: raíz distinta de <project>"
"4007690__VENTAS_EGGER RG4007690.xml","11","1","1","0","3","4","3","7","10","10","5.753","3.933","32","OK",""
"4007693__VENTAS_EGGER RG4007693.xml","11","1","1","0","3","4","3","7","10","10","5.753","3.933","29","OK",""
"4007694__Cesar_Carpintero4007694.xml","29","3","3","0","4","6","15","18","26","26","11.770599999999998","10.563600000000001","205","OK",""
"4007715__Conte_Hogar4007715.xml","15","3","3","0","4","6","7","11","12","12","10.6428","9.396799999999999","75","OK",""
"4007716__Mega_Maderas4007716.xml","30","3","3","0","4","6","19","36","27","27","14.9244","14.160200000000001","413","OK",""
"4007719__Mega_Maderas4007719.xml","33","4","4","0","4","5","20","26","29","29","14.945","15.7552","524","OK",""
"4007722__Mega_Maderas4007722.xml","13","3","3","0","4","5","10","15","10","10","5.750799999999999","5.4204","1100","OK",""
"4007725__Mega_Maderas4007725.xml","14","3","3","0","4","3","11","4","11","11","5.2863999999999995","4.3244","1195","ERROR","multiset piezas; "
"4007733__VENTAS_EGGER RG4007733.xml","3","1","1","0","3","3","2","2","2","2","1.4487999999999999","1.2888","6","OK",""
"4007738__Oriana_Rodriguez4007738.xml","","","","","","","","","","","","","","SKIP","formato excluido: raíz distinta de <project>"
"4007743__HUGO ARIEL_CANCINOS4007743.xml","","","","","","","","","","","","","","SKIP","formato excluido: raíz distinta de <project>"
"4007744__lujan agustin_encinas4007744.xml","","","","","","","","","","","","","","SKIP","formato excluido: raíz distinta de <project>"
"4007763__GABRIEL_TUMBACO CRUZ4007763.xml","","","","","","","","","","","","","","SKIP","formato excluido: raíz distinta de <project>"
"4007776__diego alberto_modon4007776.xml","10","1","1","0","4","4","7","7","9","9","5.475599999999999","5.2136","40","OK",""
"4007783__Emmanuel_Garcia4007783.xml","","","","","","","","","","","","","","SKIP","formato excluido: raíz distinta de <project>"
"4007784__gloria adriana_cortines4007784.xml","69","11","11","0","4","6","50","73","58","58","47.295","30.1235","19373","OK",""
"4007786__lujan agustin_encinas4007786.xml","","","","","","","","","","","","","","SKIP","formato excluido: raíz distinta de <project>"
"4007808__gloria adriana_cortines4007808.xml","67","10","10","0","4","6","48","72","57","57","47.0495","47.1985","11603","OK",""
"4007810__VENTAS_EGGER RG4007810.xml","8","3","3","0","3","6","7","14","5","5","4.147","2.472","725","OK",""
"4007828__Martin_Brasi4007828.xml","","","","","","","","","","","","","","SKIP","formato excluido: raíz distinta de <project>"
"4007840__HUGO ARIEL_CANCINOS4007840.xml","","","","","","","","","","","","","","SKIP","formato excluido: raíz distinta de <project>"
"4007842__emporio_madera4007842.xml","","","","","","","","","","","","","","SKIP","formato excluido: raíz distinta de <project>"
"4007855__Martin_Brasi4007855.xml","","","","","","","","","","","","","","SKIP","formato excluido: raíz distinta de <project>"
"4007856__Marcelo_Duarte4007856.xml","11","1","1","0","7","6","9","10","10","10","8.003999999999998","7.604999999999998","44","OK",""
"4007859__Martin_Brasi4007859.xml","","","","","","","","","","","","","","SKIP","formato excluido: raíz distinta de <project>"
"4007866__Yuri_Mielnikowicz4007866.xml","39","2","2","0","4","5","21","27","37","37","14.712","16.88","268","OK",""
"4007867__gloria adriana_cortines4007867.xml","85","7","7","0","4","6","57","68","78","78","37.108","44.3695","930","OK",""
"4007869__Martin_Brasi4007869.xml","","","","","","","","","","","","","","SKIP","formato excluido: raíz distinta de <project>"
"4007872__Nelly_Araujo4007872.xml","12","2","2","0","4","4","8","8","10","10","7.493","4.875","48","OK",""
"4007889__Dario_Piancino4007889.xml","","","","","","","","","","","","","","SKIP","formato excluido: raíz distinta de <project>"
"4007894__Marcelo_Duarte4007894.xml","25","1","1","0","5","4","12","21","24","24","8.861599999999997","4.2826","106","OK",""
"4007897__Dario_Piancino4007897.xml","","","","","","","","","","","","","","SKIP","formato excluido: raíz distinta de <project>"
"4007908__Dario_Piancino4007908.xml","","","","","","","","","","","","","","SKIP","formato excluido: raíz distinta de <project>"
"4007920__Dario_Piancino4007920.xml","","","","","","","","","","","","","","SKIP","formato excluido: raíz distinta de <project>"
"4007923__casa_dascenzo4007923.xml","25","2","2","0","4","5","16","19","23","23","15.996199999999996","14.328999999999999","140","OK",""
"4007926__Dario_Piancino4007926.xml","","","","","","","","","","","","","","SKIP","formato excluido: raíz distinta de <project>"
"4007931__alexandra_de la fuente hernandez4007931.xml","20","3","3","0","4","4","9","17","17","17","10.2965","8.136","81","OK",""
"4007936__Dario_Piancino4007936.xml","","","","","","","","","","","","","","SKIP","formato excluido: raíz distinta de <project>"
"4007945__VENTAS_EGGER RG4007945.xml","3","1","1","0","3","3","2","2","2","2","1.4287999999999998","1.2888","5","OK",""
"4007948__Dario_Piancino4007948.xml","","","","","","","","","","","","","","SKIP","formato excluido: raíz distinta de <project>"
"4007949__emporio_madera4007949.xml","","","","","","","","","","","","","","SKIP","formato excluido: raíz distinta de <project>"
"4007954__Dario_Piancino4007954.xml","","","","","","","","","","","","","","SKIP","formato excluido: raíz distinta de <project>"
"4007959__Dario_Piancino4007959.xml","","","","","","","","","","","","","","SKIP","formato excluido: raíz distinta de <project>"
"4007964__Dario_Piancino4007964.xml","","","","","","","","","","","","","","SKIP","formato excluido: raíz distinta de <project>"
"4007967__casa_dascenzo4007967.xml","37","2","2","0","4","5","20","24","35","35","20.374499999999994","15.997499999999995","224","OK",""
"4007980__Dinorah_Contreras4007980.xml","5","1","1","0","4","4","3","3","4","4","5.098","2.548","27","OK",""
"4007985__emporio_madera4007985.xml","","","","","","","","","","","","","","SKIP","formato excluido: raíz distinta de <project>"
"4007998__Cesar Norberto_Molina 4007998.xml","","","","","","","","","","","","","","SKIP","formato excluido: raíz distinta de <project>"
"4008023__Cesar Norberto_Molina 4008023.xml","","","","","","","","","","","","","","SKIP","formato excluido: raíz distinta de <project>"
"4008025__emanuel alejandro_capdevila4008025.xml","","","","","","","","","","","","","","SKIP","formato excluido: raíz distinta de <project>"
"4008034__Steve_Castano4008034.xml","51","4","4","0","4","6","33","31","47","47","32.804","29.503","666","OK",""
"4008038__Ramiro _Leites4008038.xml","","","","","","","","","","","","","","SKIP","formato excluido: raíz distinta de <project>"
"4008043__Ezequiel_Lanus urrets4008043.xml","426","20","19","-1","4","6","263","368","406","407","184.72339999999997","214.65699999999995","20372","OK",""
"4008050__Ezequiel_Lanus urrets4008050.xml","219","15","14","-1","4","6","126","217","204","205","124.99759999999998","140.33239999999995","13226","OK",""
"4008056__Ezequiel_Lanus urrets4008056.xml","20","1","1","0","4","5","13","15","19","19","7.249599999999998","5.618599999999997","82","OK",""
"4008062__Nelly_Araujo4008062.xml","19","6","5","-1","4","6","14","17","13","14","10.9765","10.89","753","OK",""
"4008064__Ezequiel_Lanus urrets4008064.xml","91","6","6","0","4","4","47","48","85","85","54.24999999999999","46.655999999999985","310","OK",""
"4008068__Ezequiel_Lanus urrets4008068.xml","120","11","11","0","4","6","71","85","109","109","83.08259999999999","76.9736","13250","OK",""
"4008070__Ezequiel_Lanus urrets4008070.xml","36","3","4","1","4","6","12","17","33","32","19.964199999999998","17.9988","2071","OK",""
"4008082__Emiliano Martin_Fernandez4008082.xml","57","3","3","0","4","6","30","46","54","54","24.3736","19.917599999999997","352","OK",""
"4008083__Ezequiel_Lanus urrets4008083.xml","227","16","15","-1","4","6","136","262","211","212","142.10139999999993","127.53339999999999","18013","OK",""
"4008085__Dinorah_Contreras4008085.xml","18","1","1","0","3","3","6","3","17","17","6.8765","6.8765","22","OK",""
"4008086__Nicolas_Franco4008086.xml","27","3","3","0","4","5","14","18","24","24","16.1506","11.1291","2235","OK",""
"4008096__jeremias manuel_sidoti4008096.xml","","","","","","","","","","","","","","SKIP","formato excluido: raíz distinta de <project>"
"4008103__gloria adriana_cortines4008103.xml","56","4","4","0","4","6","24","51","52","52","26.805","23.403","333","OK",""
"4008109__casa_dascenzo4008109.xml","7","1","1","0","4","4","4","5","6","6","5.6164","3.7804","28","OK",""
"4008122__Agustin_Piccini4008122.xml","15","1","1","0","4","4","11","11","14","14","7.669599999999998","5.934599999999999","94","OK",""
"4008124__Dario_Piancino4008124.xml","","","","","","","","","","","","","","SKIP","formato excluido: raíz distinta de <project>"
"4008130__Pablo_Palmisano4008130.xml","","","","","","","","","","","","","","SKIP","formato excluido: raíz distinta de <project>"
"4008136__Dario_Piancino4008136.xml","","","","","","","","","","","","","","SKIP","formato excluido: raíz distinta de <project>"
"4008137__jeremias manuel_sidoti4008137.xml","","","","","","","","","","","","","","SKIP","formato excluido: raíz distinta de <project>"
"4008143__Dario_Piancino4008143.xml","","","","","","","","","","","","","","SKIP","formato excluido: raíz distinta de <project>"
"4008147__Pablo_Palmisano4008147.xml","","","","","","","","","","","","","","SKIP","formato excluido: raíz distinta de <project>"
"4008151__Mega_Maderas4008151.xml","81","12","12","0","4","6","47","112","69","69","44.716600000000014","43.4256","12305","OK",""
"4008153__Mega_Maderas4008153.xml","34","4","4","0","4","5","21","38","30","30","18.131400000000003","13.957","113","OK",""
"4008154__Miguel Alberto_Villarruel4008154.xml","56","4","4","0","4","4","34","51","52","52","11.0528","8.9528","3055","OK",""
"4008163__jeremias manuel_sidoti4008163.xml","","","","","","","","","","","","","","SKIP","formato excluido: raíz distinta de <project>"
"4008176__Pablo_Palmisano4008176.xml","","","","","","","","","","","","","","SKIP","formato excluido: raíz distinta de <project>"
"4008180__Dinorah_Contreras4008180.xml","35","5","5","0","4","5","23","24","30","30","17.923","16.281","265","OK",""
"4008185__Agustin_Piccini4008185.xml","77","3","3","0","4","5","45","52","74","74","36.954599999999985","29.22699999999999","791","OK",""
"4008199__Nelly_Araujo4008199.xml","15","1","1","0","4","5","10","16","14","14","8.205","6.155","81","OK",""
"4008211__CARLOS_NIEVAS4008211.xml","2","1","1","0","4","4","2","2","1","1","0.365","0.365","6","OK",""
"4008225__CARLOS_NIEVAS4008225.xml","2","1","1","0","3","6","1","5","1","1","0.725","0.365","8","OK",""
"4008226__Miguel Angel_Silvero4008226.xml","8","1","1","0","4","3","5","2","7","7","6.635199999999999","4.5308","6","OK",""
"4008230__CARLOS_NIEVAS4008230.xml","3","1","1","0","4","5","3","4","2","2","1.09","0.37","7","OK",""
"4008235__CARLOS_NIEVAS4008235.xml","3","1","1","0","4","5","3","4","2","2","1.09","0.37","6","OK",""
"4008241__CAOBA_CAOBA4008241.xml","3","1","1","0","4","4","3","2","2","2","1.61","0.576","18","OK",""
"4008246__Ezequiel_Lanus urrets4008246.xml","69","6","5","-1","4","5","39","34","63","64","35.194199999999995","33.10559999999999","353","OK",""
"4008247__CAOBA_CAOBA4008247.xml","3","1","1","0","4","4","2","2","2","2","0.576","0.576","14","OK",""
"4008255__Matias_Avila4008255.xml","8","1","1","0","4","4","3","4","7","7","4.7368000000000015","2.6167999999999996","24","OK",""
"4008261__agustin aj amoblamientos_juri4008261.xml","31","3","3","0","4","6","18","22","28","28","17.8308","14.831199999999999","126","ERROR","multiset piezas; "
"4008265__fernando_furfaro4008265.xml","15","1","1","0","4","6","10","23","14","14","9.376","5.716","55","OK",""
"4008268__casa_dascenzo4008268.xml","9","1","1","0","4","4","6","6","8","8","6.625199999999999","5.5632","35","OK",""
"4008273__CARLOS_NIEVAS4008273.xml","1","1","1","0","3","3","1","1","0","0","0","0","3","OK",""
"4008274__CAOBA_CAOBA4008274.xml","35","2","2","0","4","4","22","24","33","33","15.857","14.492","157","OK",""
"4008283__Marcos_Palmiero4008283.xml","99","6","6","0","4","5","69","72","93","93","55.26319999999998","50.4732","1146","OK",""
"4008285__CARLOS_NIEVAS4008285.xml","1","1","1","0","3","3","1","1","0","0","0","0","2","OK",""
"4008297__Pablo_Palmisano4008297.xml","","","","","","","","","","","","","","SKIP","formato excluido: raíz distinta de <project>"
"4008298__HUGO ARIEL_CANCINOS4008298.xml","","","","","","","","","","","","","","SKIP","formato excluido: raíz distinta de <project>"
"4008305__Patricio_Gonzalez Diaz4008305.xml","32","4","4","0","4","6","15","33","28","28","13.6162","13.8242","123","OK",""
"4008313__lujan agustin_encinas4008313.xml","","","","","","","","","","","","","","SKIP","formato excluido: raíz distinta de <project>"
"4008326__Dinorah_Contreras4008326.xml","17","3","3","0","4","6","13","23","14","14","11.395","9.066799999999999","83","OK",""
"4008333__Dinorah_Contreras4008333.xml","3","1","1","0","3","3","2","2","2","2","1.418","0.8186","17","OK",""
"4008381__lupita_lopez4008381.xml","11","3","3","0","4","6","9","15","8","8","5.328","5.3905","1071","OK",""
"4008387__Daniel Esteban_Burgos4008387.xml","86","5","5","0","4","6","71","85","81","81","54.46539999999999","47.61779999999999","339","OK",""
"4008397__Daniel Esteban_Burgos4008397.xml","6","1","1","0","4","6","5","8","5","5","4.381","1.7984","31","OK",""
"4008400__lupita_lopez4008400.xml","2","1","1","0","3","3","2","2","1","1","0.8029","0.8029","8","OK",""
"4008404__Daniel Esteban_Burgos4008404.xml","5","1","1","0","4","6","5","6","4","4","4.1486","1.6865999999999999","23","OK",""
"4008405__lujan agustin_encinas4008405.xml","","","","","","","","","","","","","","SKIP","formato excluido: raíz distinta de <project>"
"4008431__Sergio_Ortega4008431.xml","51","3","3","0","4","6","25","54","48","48","17.9404","17.854","394","OK",""
"4008437__Agustina_Vico4008437.xml","70","1","1","0","4","6","18","35","69","69","21.730600000000003","18.36459999999999","255","OK",""
"4008444__GERMAN_HORAK4008444.xml","16","1","1","0","4","5","6","12","15","15","5.964","5.125","43","OK",""
"4008445__Agustina_Vico4008445.xml","29","1","1","0","4","6","15","17","28","28","13.290199999999993","13.528199999999993","114","OK",""
"4008447__GERMAN_HORAK4008447.xml","101","4","4","0","4","5","38","51","97","97","45.767","49.848","826","OK",""
"4008463__Mega_Maderas4008463.xml","11","1","1","0","4","5","5","6","10","10","7.044","3.5050000000000003","34","OK",""
"4008471__GERMAN_HORAK4008471.xml","41","2","2","0","4","6","24","33","39","39","18.485","15.812","413","OK",""
"4008474__Mega_Maderas4008474.xml","9","1","1","0","4","4","4","5","8","8","4.432200000000001","3.0021999999999998","29","OK",""
"4008479__Mega_Maderas4008479.xml","9","1","1","0","4","4","4","5","8","8","3.9292000000000007","2.7322","42","OK",""
"4008496__Danilo_Gonzalez4008496.xml","","","","","","","","","","","","","","SKIP","formato excluido: raíz distinta de <project>"
"4008503__Danilo_Gonzalez4008503.xml","","","","","","","","","","","","","","SKIP","formato excluido: raíz distinta de <project>"
"4008505__Danilo_Gonzalez4008505.xml","","","","","","","","","","","","","","SKIP","formato excluido: raíz distinta de <project>"
"4008511__lupita_lopez4008511.xml","2","1","1","0","3","3","2","2","1","1","0.8037000000000001","0.8037000000000001","3","OK",""
"4008524__Dario_Piancino4008524.xml","","","","","","","","","","","","","","SKIP","formato excluido: raíz distinta de <project>"
"4008535__Dario_Piancino4008535.xml","","","","","","","","","","","","","","SKIP","formato excluido: raíz distinta de <project>"
"4008537__Ricardo_Vera4008537.xml","49","7","7","0","4","6","37","76","42","42","36.6578","34.640800000000006","6984","OK",""
"4008540__lupita_lopez4008540.xml","7","2","","","","","","","","","","","0","ERROR","La pieza ""P1"" (2435×400 mm) no entra en una placa útil de 2430×1210 mm."
"4008542__Ariel_Puyol4008542.xml","49","3","3","0","4","6","32","35","46","46","25.262399999999992","21.913399999999996","4887","OK",""
"4008548__Dario_Piancino4008548.xml","","","","","","","","","","","","","","SKIP","formato excluido: raíz distinta de <project>"
"4008556__Ricardo_Vera4008556.xml","7","3","3","0","3","3","3","3","4","4","2.3575999999999997","2.3556","389","OK",""
"4008557__Matias_Avila4008557.xml","8","1","1","0","4","4","3","4","7","7","4.7368000000000015","2.6167999999999996","26","OK",""
"4008563__Agustina_Vico4008563.xml","35","1","1","0","4","6","16","26","34","34","14.30359999999999","11.685599999999992","203","OK",""
"4008567__agustin aj amoblamientos_juri4008567.xml","4","2","2","0","4","3","3","3","2","2","2.6158","1.9188000000000003","402","OK",""
"4008585__Lucas_Picasso4008585.xml","","","","","","","","","","","","","","SKIP","formato excluido: raíz distinta de <project>"
"4008587__Danilo_Gonzalez4008587.xml","","","","","","","","","","","","","","SKIP","formato excluido: raíz distinta de <project>"
"4008591__Mega_Maderas4008591.xml","30","6","5","-1","4","6","18","34","24","25","15.9932","15.8548","154","OK",""
"4008599__Marcos _Cumini Londero4008599.xml","","","","","","","","","","","","","","SKIP","formato excluido: raíz distinta de <project>"
"4008601__MATIAS EMANUEL_RAMOS4008601.xml","51","4","4","0","4","4","23","22","47","47","27.995799999999996","24.371799999999993","222","OK",""
"4008602__CESAR_LOPEZ4008602.xml","22","3","3","0","4","5","18","17","19","19","16.5076","14.527599999999998","163","OK",""
"4008608__CESAR_LOPEZ4008608.xml","11","1","1","0","4","5","9","9","10","10","6.13","4.48","46","OK",""
"4008613__Omar_MENDIETA4008613.xml","20","2","2","0","5","4","10","13","18","18","7.6952","7.3911999999999995","95","OK",""
"4008616__Marcos _Cumini Londero4008616.xml","","","","","","","","","","","","","","SKIP","formato excluido: raíz distinta de <project>"
"4008620__Mega_Maderas4008620.xml","26","2","2","0","4","5","17","25","24","24","10.2356","7.465599999999998","134","OK",""
"4008623__Mega_Maderas4008623.xml","18","2","1","-1","4","5","12","13","16","17","6.0992","9.312799999999998","309","OK",""
"4008626__Agustina_Vico4008626.xml","32","1","1","0","4","5","10","12","31","31","11.004399999999992","10.466399999999995","123","OK",""
"4008635__JAQUELINE_marcial4008635.xml","5","2","2","0","3","4","5","6","3","3","2.9432","2.3331999999999997","5","OK",""
"4008644__Mostrador_San Martin 34008644.xml","","","","","","","","","","","","","","SKIP","formato excluido: raíz distinta de <project>"
"4008650__Agustina_Vico4008650.xml","27","1","1","0","4","6","21","23","26","26","13.851399999999996","10.263399999999995","134","OK",""
"4008656__dariosm78_dariosm784008656.xml","18","2","2","0","3","6","6","13","16","16","7.28","10.78","306","OK",""
"4008669__Agustina_Vico4008669.xml","25","1","1","0","4","5","15","18","24","24","9.762599999999996","10.591599999999994","137","OK",""
"4008672__gloria adriana_cortines4008672.xml","49","6","","","","","","","","","","","0","ERROR","La pieza ""P17"" (2440×99.2 mm) no entra en una placa útil de 2435×1215 mm."
"4008676__Marcos _Cumini Londero4008676.xml","","","","","","","","","","","","","","SKIP","formato excluido: raíz distinta de <project>"
"4008677__dariosm78_dariosm784008677.xml","18","2","2","0","3","6","6","13","16","16","7.28","10.78","320","OK",""
"4008681__cristian_pastrana4008681.xml","28","5","4","-1","4","6","18","17","23","24","18.7692","15.8626","120","OK",""
"4008719__francisco_villarreal4008719.xml","27","7","","","","","","","","","","","0","ERROR","La pieza ""P9"" (2440×100 mm) no entra en una placa útil de 2435×1215 mm."
"4008724__Marcelo_Riz4008724.xml","","","","","","","","","","","","","","SKIP","formato excluido: raíz distinta de <project>"
"4008733__Santiago Nicolas_Maldonado4008733.xml","33","1","1","0","4","6","28","45","32","32","13.929799999999995","9.772799999999995","245","OK",""
"4008734__Brisa_Alegre4008734.xml","","","","","","","","","","","","","","SKIP","formato excluido: raíz distinta de <project>"
"4008737__francisco_villarreal4008737.xml","12","3","3","0","3","5","6","12","9","9","4.3173","3.7573","773","OK",""
"4008738__lupita_lopez4008738.xml","5","2","","","","","","","","","","","0","ERROR","La pieza ""P2"" (2435×675 mm) no entra en una placa útil de 2430×1210 mm."
"4008741__Marcelo_Riz4008741.xml","","","","","","","","","","","","","","SKIP","formato excluido: raíz distinta de <project>"
"4008742__gloria adriana_cortines4008742.xml","32","4","","","","","","","","","","","0","ERROR","La pieza ""P10"" (2440×99.6 mm) no entra en una placa útil de 2435×1215 mm."
"4008744__Agustina_Vico4008744.xml","40","1","1","0","4","6","20","54","39","39","18.131599999999995","15.204799999999992","303","OK",""
"4008763__Mostrador_San Martin 34008763.xml","","","","","","","","","","","","","","SKIP","formato excluido: raíz distinta de <project>"
"4008765__Agustina_Vico4008765.xml","37","1","1","0","4","5","22","35","36","36","16.06039999999999","11.030399999999995","259","OK",""
"4008767__dariosm78_dariosm784008767.xml","29","4","3","-1","4","6","14","24","25","26","18.998","15.535","3268","OK",""
"4008773__Dinorah_Contreras4008773.xml","115","17","17","0","4","6","69","117","98","98","71.02940000000001","69.8414","27451","OK",""
"4008787__Santiago Nicolas_Maldonado4008787.xml","1","1","1","0","3","3","1","1","0","0","0","0","3","OK",""
"4008791__Dinorah_Contreras4008791.xml","22","3","3","0","4","5","12","21","19","19","11.1503","10.2653","97","OK",""
"4008793__Ramon_Mata4008793.xml","14","1","1","0","3","4","4","11","13","13","4.8485","4.3585","28","OK",""
"4008796__Mega_Maderas4008796.xml","13","6","5","-1","4","4","9","17","7","8","7.474","4.9568","2711","OK",""
"4008797__Dirleu_de Cristo4008797.xml","","","","","","","","","","","","","","SKIP","formato excluido: raíz distinta de <project>"
"4008801__Marcelo_Riz4008801.xml","","","","","","","","","","","","","","SKIP","formato excluido: raíz distinta de <project>"
"4008812__Dinorah_Contreras4008812.xml","17","3","3","0","3","5","10","15","14","14","6.945600000000001","7.355600000000001","1448","OK",""
"4008814__gloria adriana_cortines4008814.xml","48","7","7","0","4","5","41","29","41","41","16.3905","15.3689","5552","OK",""
"4008833__alexandra_de la fuente hernandez4008833.xml","4","1","1","0","3","5","2","3","3","3","2.4075","1.8075","6","OK",""
"4008845__Gaston_Correa4008845.xml","","","","","","","","","","","","","","SKIP","formato excluido: raíz distinta de <project>"
"4008881__Salim_Guagui4008881.xml","","","","","","","","","","","","","","SKIP","formato excluido: raíz distinta de <project>"
"4008896__diego_castro4008896.xml","","","","","","","","","","","","","","SKIP","formato excluido: raíz distinta de <project>"
"4008899__diego_castro4008899.xml","","","","","","","","","","","","","","SKIP","formato excluido: raíz distinta de <project>"
"4008903__emporio_madera4008903.xml","","","","","","","","","","","","","","SKIP","formato excluido: raíz distinta de <project>"
"4008906__Emmanuel_Casanellas4008906.xml","20","3","3","0","4","6","12","23","17","17","11.2428","9.6488","1626","OK",""
"4008910__alexandra_de la fuente hernandez4008910.xml","10","1","1","0","4","3","4","3","9","9","5.2905","4.0405","26","OK",""
"4008922__lupita_lopez4008922.xml","5","2","","","","","","","","","","","0","ERROR","La pieza ""P2"" (2435×675 mm) no entra en una placa útil de 2430×1210 mm."
"4008925__emporio_madera4008925.xml","","","","","","","","","","","","","","SKIP","formato excluido: raíz distinta de <project>"
"4008929__alexandra_de la fuente hernandez4008929.xml","6","1","1","0","4","4","4","4","5","5","3.6025","2.0725","14","OK",""
"4008933__Emmanuel_Casanellas4008933.xml","10","1","1","0","3","6","4","13","9","9","3.6226000000000003","3.0426","41","OK",""
"4008946__Emmanuel_Casanellas4008946.xml","4","1","1","0","4","3","4","4","4","3","3.2176000000000005","0.7482000000000001","11","OK",""
"4008949__Agustin_Piccini4008949.xml","30","2","1","-1","4","6","19","30","28","29","13.540199999999995","10.128599999999997","219","OK",""
"4008971__Emmanuel_Casanellas4008971.xml","9","3","3","0","3","4","9","9","6","6","3.1764","1.4852","19","OK",""
"4008980__Nelly_Araujo4008980.xml","22","4","3","-1","4","5","12","16","18","19","12.046","7.2855","92","OK",""
"4008993__bruno_giordano4008993.xml","","","","","","","","","","","","","","SKIP","formato excluido: raíz distinta de <project>"
"4008998__Fabrizio_Leiva4008998.xml","74","5","5","0","4","6","36","48","69","69","41.90559999999999","37.63459999999999","358","OK",""
"4009004__lupita_lopez4009004.xml","5","1","1","0","4","4","3","3","4","4","3.498","1.969","14","OK",""
"4009010__Dinorah_Contreras4009010.xml","8","1","1","0","4","5","3","9","7","7","3.2845","2.7615","36","OK",""
"4009014__Mega_Maderas4009014.xml","5","2","2","0","4","5","4","8","3","3","2.3932","1.4932","400","OK",""
"4009017__Mega_Maderas4009017.xml","32","2","2","0","4","6","17","36","30","30","13.063199999999998","13.474399999999997","105","OK",""
"4009019__Mega_Maderas4009019.xml","15","2","2","0","4","5","11","15","13","13","7.6132","5.561599999999999","61","OK",""
"4009029__Nelly_Araujo4009029.xml","2","1","1","0","3","3","1","1","1","1","0.6045","0.6045","2","OK",""
"4009036__Fabrizio_Leiva4009036.xml","11","2","2","0","3","4","4","7","9","9","5.0486","4.805599999999999","28","OK",""
"4009037__rodrigo miguel_fernandez4009037.xml","35","1","1","0","3","6","10","18","34","34","13.346599999999995","12.665899999999993","109","OK",""
"4009044__Alexis_Guzman4009044.xml","105","10","10","0","4","6","63","121","95","95","56.04759999999999","54.927599999999984","706","OK",""
"4009063__Leonel_Vignatti4009063.xml","","","","","","","","","","","","","","SKIP","formato excluido: raíz distinta de <project>"
"4009065__lupita_lopez4009065.xml","5","1","1","0","4","4","3","3","4","4","3.491","1.964","12","OK",""
"4009074__Diego_Morlino4009074.xml","301","14","14","0","4","6","140","187","287","287","142.57829999999996","154.40009999999998","15110","OK",""
"4009077__JOSE MARIA_BRACAMONTE4009077.xml","","","","","","","","","","","","","","SKIP","formato excluido: raíz distinta de <project>"
"4009078__Salim_Guagui4009078.xml","","","","","","","","","","","","","","SKIP","formato excluido: raíz distinta de <project>"
"4009083__rodrigo miguel_fernandez4009083.xml","18","1","1","0","3","3","9","2","17","17","10.329799999999997","5.3698","23","OK",""
"4009089__Dinorah_Contreras4009089.xml","12","1","1","0","4","4","5","8","11","11","6.733899999999999","3.0729","58","OK",""
"4009092__Dinorah_Contreras4009092.xml","22","3","3","0","4","4","17","19","19","19","7.786899999999999","7.5251","132","OK",""
"4009097__Dinorah_Contreras4009097.xml","13","2","2","0","4","4","9","10","11","11","8.8415","5.4495","50","OK",""
"4009105__Leonel_Vignatti4009105.xml","","","","","","","","","","","","","","SKIP","formato excluido: raíz distinta de <project>"
"4009110__gloria adriana_cortines4009110.xml","14","3","3","0","4","4","9","9","11","11","10.2865","8.3485","65","OK",""
"4009114__Jeremias_Lasa4009114.xml","145","3","3","0","4","5","54","89","142","142","57.30880000000002","33.01279999999996","295","OK",""
"4009122__Diego_Morlino4009122.xml","1","1","1","0","3","3","1","1","0","0","0","0","2","OK",""
"4009124__Alan_Cruz4009124.xml","50","5","5","0","4","5","35","40","45","45","26.4972","16.516399999999997","5029","OK",""
"4009125__Leonel_Vignatti4009125.xml","","","","","","","","","","","","","","SKIP","formato excluido: raíz distinta de <project>"
"4009126__Alexis_Guzman4009126.xml","20","4","4","0","4","5","13","14","16","16","11.158399999999999","10.866400000000002","451","OK",""
"4009127__lujan agustin_encinas4009127.xml","","","","","","","","","","","","","","SKIP","formato excluido: raíz distinta de <project>"
"4009130__lujan agustin_encinas4009130.xml","","","","","","","","","","","","","","SKIP","formato excluido: raíz distinta de <project>"
"4009133__gloria adriana_cortines4009133.xml","14","3","3","0","4","4","10","9","11","11","7.9937000000000005","8.3397","99","OK",""
"4009149__casa_dascenzo4009149.xml","9","1","1","0","4","4","6","6","8","8","6.625199999999999","5.5632","38","OK",""
"4009160__nicolas_torreiro4009160.xml","8","6","6","0","3","4","9","9","3","2","1.6211999999999998","0.5207999999999999","1485","OK",""
"4009161__Gustavo Fernando_Ferraris4009161.xml","","","","","","","","","","","","","","SKIP","formato excluido: raíz distinta de <project>"
"4009176__Alan_Cruz4009176.xml","11","3","3","0","3","5","3","12","8","8","4.3957999999999995","3.242","966","OK",""
"4009194__Ricardo_Vera4009194.xml","49","7","7","0","4","6","37","76","42","42","36.6578","34.640800000000006","6721","OK",""
"4009209__Esteban_Mercadal4009209.xml","","","","","","","","","","","","","","SKIP","formato excluido: raíz distinta de <project>"
"4009210__Marcos _Cumini Londero4009210.xml","","","","","","","","","","","","","","SKIP","formato excluido: raíz distinta de <project>"
"4009225__emporio_madera4009225.xml","","","","","","","","","","","","","","SKIP","formato excluido: raíz distinta de <project>"
"4009226__Alexis_Guzman4009226.xml","7","1","1","0","4","4","4","6","6","6","2.0114","1.8164","42","OK",""
"4009229__DIEGO RICARDO_LAFUENTE4009229.xml","38","3","3","0","4","5","21","31","35","35","20.685800000000004","16.099800000000002","218","OK",""
"4009233__victor_perez4009233.xml","","","","","","","","","","","","","","SKIP","formato excluido: raíz distinta de <project>"
"4009234__GRUPO ALEGRO_GRUPO ALEGRO4009234.xml","22","3","3","0","4","5","15","20","19","19","16.1966","14.731599999999998","138","OK",""
"4009241__Gustavo Fernando_Ferraris4009241.xml","","","","","","","","","","","","","","SKIP","formato excluido: raíz distinta de <project>"
"4009242__GRUPO ALEGRO_GRUPO ALEGRO4009242.xml","2","1","1","0","3","3","1","1","1","1","1.3664","0.4844","6","OK",""
"4009251__Alexis_Guzman4009251.xml","8","1","1","0","4","4","6","8","7","7","3.5978000000000003","2.2522","38","OK",""
"4009257__Marcos _Cumini Londero4009257.xml","","","","","","","","","","","","","","SKIP","formato excluido: raíz distinta de <project>"
"4009261__Marcos _Cumini Londero4009261.xml","","","","","","","","","","","","","","SKIP","formato excluido: raíz distinta de <project>"
"4009266__FACUNDO_ROMERA4009266.xml","274","17","16","-1","4","6","97","134","257","258","152.99879999999996","159.5704","6250","OK",""
"4009273__Cristina_Banegas4009273.xml","","","","","","","","","","","","","","SKIP","formato excluido: raíz distinta de <project>"
"4009293__Steve_Castano4009293.xml","51","4","4","0","4","6","33","31","47","47","32.804","29.503","692","OK",""
"4009296__DIEGO RICARDO_LAFUENTE4009296.xml","44","3","3","0","4","4","19","26","41","41","20.353","16.12","242","OK",""
"4009307__Manuel_Lenoc4009307.xml","53","2","2","0","4","5","34","43","51","51","22.129399999999993","20.099399999999996","369","OK",""
"4009311__Steve_Castano4009311.xml","51","4","4","0","4","6","33","31","47","47","26.824","29.475","662","OK",""
"4009314__Steve_Castano4009314.xml","51","4","4","0","4","6","33","31","47","47","32.804","29.503","677","OK",""
"4009319__Steve_Castano4009319.xml","51","4","4","0","4","6","33","31","47","47","32.804","29.503","691","OK",""
"4009325__Steve_Castano4009325.xml","51","4","4","0","4","6","33","31","47","47","32.804","29.503","652","OK",""
"4009327__Steve_Castano4009327.xml","51","4","4","0","4","6","33","31","47","47","32.804","29.503","639","OK",""
"4009330__Steve_Castano4009330.xml","51","4","4","0","4","6","33","31","47","47","32.804","29.503","691","OK",""
"4009335__Steve_Castano4009335.xml","51","4","4","0","4","6","33","31","47","47","32.804","29.503","625","OK",""
"4009340__Diego_Paternite4009340.xml","11","1","1","0","4","6","5","9","10","10","5.623","5.041","35","OK",""
"4009341__GRUPO ALEGRO_GRUPO ALEGRO4009341.xml","25","3","3","0","4","6","22","27","22","22","16.8898","14.989799999999997","181","OK",""
"4009353__Esteban_Mercadal4009353.xml","","","","","","","","","","","","","","SKIP","formato excluido: raíz distinta de <project>"
"4009367__emporio_madera4009367.xml","","","","","","","","","","","","","","SKIP","formato excluido: raíz distinta de <project>"
"4009373__Mega_Maderas4009373.xml","10","1","1","0","4","4","8","7","9","9","4.0846","4.0846","36","OK",""
"4009379__lupita_lopez4009379.xml","14","2","2","0","4","5","10","12","12","12","5.111","5.587","951","OK",""
"4009384__Esteban_Mercadal4009384.xml","","","","","","","","","","","","","","SKIP","formato excluido: raíz distinta de <project>"
"4009393__lupita_lopez4009393.xml","6","1","1","0","4","6","5","8","5","5","3.1165","1.6825","24","OK",""
"4009411__lupita_lopez4009411.xml","8","2","2","0","4","4","5","5","6","6","3.5862","3.5862","721","OK",""
"4009416__Nelly_Araujo4009416.xml","34","4","4","0","4","5","16","23","30","30","19.887","16.617","227","OK",""
"4009423__lupita_lopez4009423.xml","6","1","1","0","4","3","6","6","5","5","2.5985","1.5235000000000003","28","OK",""
"4009427__Fernando Rey_Garcia Martinez4009427.xml","188","14","14","0","4","6","138","157","174","174","78.59","86.2285","20921","OK",""
"4009428__Fernando Rey_Garcia Martinez4009428.xml","42","5","5","0","4","5","29","38","37","37","18.8909","17.769899999999996","641","OK",""
"4009430__Fernando Rey_Garcia Martinez4009430.xml","12","1","1","0","4","5","8","10","11","11","4.2171","3.5436999999999994","50","OK",""
"4009432__Fernando Rey_Garcia Martinez4009432.xml","8","4","4","0","3","4","7","7","4","4","1.798","2.318","594","OK",""
"4009439__Nelly_Araujo4009439.xml","32","4","4","0","3","4","11","13","28","28","17.761","16.016","126","OK",""
"4009444__Esteban_Mercadal4009444.xml","","","","","","","","","","","","","","SKIP","formato excluido: raíz distinta de <project>"
"4009445__nicolas_torreiro4009445.xml","9","6","6","0","3","4","9","11","4","3","3.2216","0.7242","1511","OK",""
"4009449__Lineth_Aguirre4009449.xml","78","10","10","0","4","6","50","94","68","68","46.2594","36.19239999999999","14423","OK",""
"4009456__VENTAS_EGGER RG4009456.xml","33","2","2","0","4","4","15","26","31","31","15.122999999999998","14.259799999999998","210","OK",""
"4009458__Diego_Paternite4009458.xml","22","2","2","0","4","6","14","13","20","20","14.754","11.466","67","OK",""
"4009463__casa_dascenzo4009463.xml","25","2","2","0","4","5","16","19","23","23","16.0052","14.340999999999998","131","OK",""
"4009466__Damian Ponce_ponce4009466.xml","9","1","1","0","4","5","7","9","8","8","5.175200000000001","3.2552000000000003","47","OK",""
"4009468__emporio_madera4009468.xml","","","","","","","","","","","","","","SKIP","formato excluido: raíz distinta de <project>"
"4009472__VENTAS_EGGER RG4009472.xml","5","1","1","0","3","5","2","6","4","4","3.1276","1.9676","11","OK",""
"4009480__goboconstrucciones_goboconstrucciones4009480.xml","65","3","3","0","4","5","45","44","62","62","29.888","29.136","809","OK",""
"4009483__Esteban_Mercadal4009483.xml","","","","","","","","","","","","","","SKIP","formato excluido: raíz distinta de <project>"
"4009487__GERMAN_HORAK4009487.xml","23","2","2","0","4","5","15","18","21","21","14.05","11.085","73","OK",""
"4009489__goboconstrucciones_goboconstrucciones4009489.xml","23","2","2","0","4","5","9","19","21","21","9.999","8.404","127","OK",""
"4009490__pablo cesar_alejo morales4009490.xml","80","8","8","0","4","6","54","97","72","72","38.276199999999996","42.1151","11132","OK",""
"4009492__GRUPO ALEGRO_GRUPO ALEGRO4009492.xml","27","2","2","0","4","4","20","13","25","25","17.638999999999996","13.316999999999998","236","OK",""
"4009499__emporio_madera4009499.xml","","","","","","","","","","","","","","SKIP","formato excluido: raíz distinta de <project>"
"4009515__emporio_madera4009515.xml","","","","","","","","","","","","","","SKIP","formato excluido: raíz distinta de <project>"
"4009522__ruben julian_ursino4009522.xml","24","3","3","0","4","4","10","10","21","21","17.606399999999997","15.369399999999997","99","OK",""
"4009526__Nelly_Araujo4009526.xml","30","4","","","","","","","","","","","0","ERROR","La pieza ""P11"" (2440×130 mm) no entra en una placa útil de 2435×1215 mm."
"4009529__CAOBA_CAOBA4009529.xml","93","5","5","0","4","6","43","86","88","88","37.8685","30.8355","461","OK",""
"4009533__alexandra_de la fuente hernandez4009533.xml","8","1","1","0","4","4","4","8","7","7","3.5265","2.2265","23","OK",""
"4009544__Nicolas_Paz4009544.xml","","","","","","","","","","","","","","SKIP","formato excluido: raíz distinta de <project>"
"4009553__goboconstrucciones_goboconstrucciones4009553.xml","80","3","3","0","4","6","57","97","77","77","36.065","35.138","314","OK",""
"4009556__CAOBA_CAOBA4009556.xml","5","2","","","","","","","","","","","0","ERROR","La pieza ""P4"" (2600×600 mm) no entra en una placa útil de 2595×1825 mm."
"4009561__ruben julian_ursino4009561.xml","106","5","5","0","4","5","54","75","101","101","45.91339999999999","41.211399999999976","522","OK",""
"4009567__Esteban_Mercadal4009567.xml","","","","","","","","","","","","","","SKIP","formato excluido: raíz distinta de <project>"
"4009576__Alejandro_Almaguer4009576.xml","89","11","11","0","4","6","61","80","78","78","52.033","49.7875","12132","OK",""
"4009585__CAOBA_CAOBA4009585.xml","4","2","2","0","4","4","3","3","2","2","1.84","1.374","6","OK",""
"4009588__Nelly_Araujo4009588.xml","32","4","","","","","","","","","","","0","ERROR","La pieza ""P1"" (2440×129 mm) no entra en una placa útil de 2435×1215 mm."
"4009596__Hector Ubaldo_Ovando Contreras4009596.xml","21","2","2","0","4","5","9","15","20","19","11.927","9.529099999999996","74","OK",""
"4009599__Pedro_Pliachikas4009599.xml","15","1","1","0","3","6","9","16","14","14","5.103599999999999","5.103599999999999","74","OK",""
"4009601__LUCAS_dom4009601.xml","20","1","1","0","4","4","5","6","19","19","6.736","6.736","17","OK",""
"4009604__ruben julian_ursino4009604.xml","43","3","3","0","4","4","24","21","40","40","21.49599999999999","17.566999999999993","3280","OK",""
"4009608__Nelly_Araujo4009608.xml","31","3","","","","","","","","","","","0","ERROR","La pieza ""P1"" (2440×129 mm) no entra en una placa útil de 2435×1215 mm."
"4009618__Hector Ubaldo_Ovando Contreras4009618.xml","9","2","2","0","3","3","6","4","8","7","3.9957000000000003","2.8272999999999997","753","OK",""
"4009630__JOEL_SIROLLI4009630.xml","","","","","","","","","","","","","","SKIP","formato excluido: raíz distinta de <project>"
"4009652__Hector Ubaldo_Ovando Contreras4009652.xml","28","2","2","0","4","6","11","24","26","26","13.944399999999998","10.530399999999998","114","OK",""
"4009663__Nelly_Araujo4009663.xml","32","4","4","0","4","5","15","19","28","28","18.41","14.997","194","OK",""
"4009675__rodrigo miguel_fernandez4009675.xml","35","1","1","0","3","6","10","18","34","34","13.346599999999995","12.665899999999993","105","OK",""
"4009678__ruben julian_ursino4009678.xml","18","2","2","0","4","4","10","9","16","16","10.333399999999997","10.000399999999997","114","OK",""
"4009696__Dinorah_Contreras4009696.xml","12","1","1","0","4","4","5","8","11","11","6.733899999999999","3.0729","62","OK",""
"4009705__juan pablo_escobar4009705.xml","59","4","4","0","6","6","45","72","55","55","33.40599999999999","31.40019999999999","625","OK",""
"4009719__Alexis_Guzman4009719.xml","9","1","1","0","4","6","6","13","8","8","3.4002000000000003","3.0202000000000004","54","OK",""
"4009722__Fernando_Golding4009722.xml","7","1","1","0","3","4","2","3","6","6","3.6864","3.5364","24","OK",""
"4009743__Fernando_Golding4009743.xml","9","1","1","0","3","6","4","22","8","8","5.5952","4.965199999999999","38","OK",""
"4009746__Nelly_Araujo4009746.xml","16","5","","","","","","","","","","","0","ERROR","La pieza ""P6"" (2440×400 mm) no entra en una placa útil de 2435×1215 mm."
"4009752__Fernando_Golding4009752.xml","7","1","1","0","4","3","4","2","6","6","3.5364","3.1163999999999996","30","OK",""
"4009755__MilimetroCero_MilimetroCero4009755.xml","246","19","19","0","4","6","106","129","227","227","127.15279999999996","159.75969999999995","16797","OK",""
"4009757__juan pablo_escobar4009757.xml","8","2","2","0","4","4","5","5","6","6","5.256399999999999","4.5664","32","OK",""
"4009760__Fernando_Golding4009760.xml","7","1","1","0","4","4","5","6","6","6","5.8464","3.2463999999999995","40","OK",""
"4009764__Alexis_Guzman4009764.xml","25","4","4","0","4","4","12","12","21","21","14.122399999999999","15.1674","99","OK",""
"4009771__Fernando_Golding4009771.xml","7","1","1","0","3","4","2","3","6","6","3.5784000000000002","3.0464","29","OK",""
"4009774__Raul_Churquina4009774.xml","2","1","1","0","3","3","2","2","1","1","0.6136","0.6136","5","OK",""
"4009781__Alexis_Guzman4009781.xml","8","3","3","0","3","4","4","4","5","5","2.737","2.617","834","OK",""
"4009784__Nelly_Araujo4009784.xml","99","6","5","-1","4","6","42","52","93","94","42.6085","43.063","1554","OK",""
"4009785__Fernando_Golding4009785.xml","8","1","1","0","4","4","4","3","7","7","2.5888","2.1248","30","OK",""
"4009794__juan pablo_escobar4009794.xml","1","1","1","0","3","3","1","1","0","0","0","0","2","OK",""
"4009795__Fernando_Golding4009795.xml","9","1","1","0","4","4","5","5","9","8","3.0295999999999994","2.2752","20","OK",""
"4009800__Damian Ponce_ponce4009800.xml","13","4","4","0","3","2","13","0","9","9","6.7096","6.6596","12","ERROR","multiset piezas; "
"4009802__Damian Ponce_ponce4009802.xml","20","4","4","0","3","3","20","1","16","16","8.645400000000002","8.035400000000001","24","ERROR","multiset piezas; "
"4009804__Damian Ponce_ponce4009804.xml","99","8","8","0","4","4","39","39","91","91","55.280399999999986","56.680399999999985","315","OK",""
"4009808__Fernando_Golding4009808.xml","8","1","1","0","4","4","6","6","7","7","6.378799999999999","4.3388","23","OK",""
"4009821__Fernando_Golding4009821.xml","8","1","1","0","4","4","4","8","7","7","4.3348","2.7608","38","OK",""
"4009832__Fernando_Golding4009832.xml","7","1","1","0","4","4","7","6","7","6","2.7808","2.0664000000000002","33","OK",""
"4009833__Fabian_Alvarez Kordi4009833.xml","31","1","1","0","7","5","24","22","30","30","11.171999999999993","11.171999999999993","202","OK",""
"4009834__Fernando_Golding4009834.xml","7","1","1","0","3","5","3","5","6","6","3.2864","3.0363999999999995","13","OK",""
"4009837__Fernando_Golding4009837.xml","7","1","1","0","3","5","3","5","6","6","3.2864","3.0363999999999995","16","OK",""
"4009839__MARIA MELISA_MUNOZ4009839.xml","19","2","2","0","4","5","13","11","17","17","10.1748","8.1948","52","OK",""
"4009840__dariosm78_dariosm784009840.xml","61","7","7","0","4","6","30","37","54","54","41.36","38.661","391","OK",""
"4009843__gloria adriana_cortines4009843.xml","10","2","2","0","3","3","6","8","8","8","4.7896","3.6896","959","OK",""
"4009844__Fernando_Golding4009844.xml","2","1","1","0","3","3","2","2","1","1","0.6894","0.6894","3","OK",""
"4009849__dariosm78_dariosm784009849.xml","61","7","7","0","4","6","30","37","54","54","41.36","38.661","386","OK",""
"4009861__adrian_cuello4009861.xml","10","1","1","0","4","6","9","26","9","9","5.9751","5.9699","95","OK",""
"4009863__Fernando_Golding4009863.xml","7","1","1","0","4","4","4","5","6","6","4.5164","4.1464","15","OK",""
"4009864__gloria adriana_cortines4009864.xml","1","1","1","0","3","3","1","1","0","0","0","0","2","OK",""
"4009871__Silpamuebles_Soria4009871.xml","12","2","2","0","4","6","10","13","10","10","11.410400000000001","7.937800000000001","50","OK",""
"4009875__Fernando_Golding4009875.xml","7","1","1","0","4","3","3","3","6","6","4.2014","3.5764","30","OK",""
"4009889__FANY_PUENTE4009889.xml","10","1","","","","","","","","","","","0","ERROR","La pieza ""P1"" (2440×90 mm) no entra en una placa útil de 2435×1215 mm."
"4009897__Fernando_Golding4009897.xml","7","1","1","0","4","5","4","5","6","6","4.6874","3.4874","28","OK",""
"4009901__Maximiliano_Santoro4009901.xml","17","1","1","0","4","5","13","14","16","16","6.884399999999998","7.2604","85","OK",""
"4009912__Maximiliano_Santoro4009912.xml","17","1","1","0","4","6","13","28","16","16","6.872400000000002","7.067600000000002","78","OK",""
"4009914__Fernando_Golding4009914.xml","5","1","1","0","4","4","3","3","4","4","2.4326","2.4326","18","OK",""
"4009915__gloria adriana_cortines4009915.xml","8","3","3","0","4","4","8","9","5","5","5.8925","2.6725","967","OK",""
"4009929__fernando javier_cattaneo4009929.xml","65","5","5","0","4","6","49","61","60","60","31.792999999999992","30.027999999999995","553","ERROR","multiset piezas; "
"4009931__Fernando_Golding4009931.xml","4","1","1","0","3","3","4","4","3","3","1.6332","1.6332","4","OK",""
"4009960__fernando javier_cattaneo4009960.xml","37","2","2","0","4","6","24","46","35","35","13.628999999999996","10.2414","151","OK",""
"4009968__Nelly_Araujo4009968.xml","27","3","3","0","4","6","20","23","24","24","15.243","13.663","183","OK",""
"4009999__gloria adriana_cortines4009999.xml","9","2","2","0","4","4","7","5","7","7","4.4053","4.0553","34","OK",""
"4010007__Cesar_Carpintero4010007.xml","2","1","1","0","3","2","2","0","1","1","0.5044","0.5044","1","ERROR","multiset piezas; "
"4010008__alexandra_de la fuente hernandez4010008.xml","25","7","6","-1","4","5","16","26","18","19","10.419","13.7985","223","OK",""
"4010009__Fabian_Alvarez Kordi4010009.xml","16","1","1","0","7","6","11","15","15","15","7.5324","5.44","56","OK",""
"4010031__Fernando_Golding4010031.xml","9","1","1","0","4","5","9","9","8","8","3.7202000000000006","0.7307","33","OK",""
"4010044__LUCAS_dom4010044.xml","20","1","1","0","4","4","5","6","19","19","6.718","6.718","26","OK",""
"4010051__Dinorah_Contreras4010051.xml","2","1","","","","","","","","","","","0","ERROR","La pieza ""P1"" (2440×300 mm) no entra en una placa útil de 2435×1215 mm."
"4010053__Dinorah_Contreras4010053.xml","1","1","","","","","","","","","","","0","ERROR","La pieza ""P1"" (2440×950 mm) no entra en una placa útil de 2435×1215 mm."
"4010082__Matias_Arraygada4010082.xml","","","","","","","","","","","","","","SKIP","formato excluido: raíz distinta de <project>"
"4010099__Fernando_Golding4010099.xml","7","1","1","0","3","5","3","5","6","6","3.2864","3.0363999999999995","20","OK",""
"4010102__Fernando_Golding4010102.xml","7","1","1","0","3","5","3","5","6","6","3.2864","3.0363999999999995","15","OK",""
"4010103__ARQUIMAX MOSTRADOR_RESISTENCIA4010103.xml","3","1","1","0","3","3","1","1","2","2","1.668","1.668","4","OK",""
"4010107__Fernando_Golding4010107.xml","7","1","1","0","4","3","5","2","6","6","3.1264000000000003","2.8364000000000003","18","OK",""
"4010127__VENTAS_EGGER RG4010127.xml","62","4","4","0","4","5","19","37","58","58","25.249","26.335","298","OK",""
"4010129__Karen_Crespo4010129.xml","19","1","1","0","3","5","8","12","18","18","10.601199999999997","8.143199999999997","72","OK",""
"4010134__Karen_Crespo4010134.xml","26","1","1","0","4","5","15","16","25","25","9.983999999999995","7.768999999999995","79","OK",""
"4010136__Franco_Ojeda4010136.xml","94","4","4","0","5","6","37","94","90","90","53.64799999999998","47.817999999999984","342","OK",""
"4010139__adrian_cuello4010139.xml","15","2","2","0","4","6","8","14","13","13","11.999199999999998","9.207699999999999","63","OK",""
"4010147__VENTAS_EGGER RG4010147.xml","5","1","1","0","3","6","3","5","4","4","2.5594","1.3594000000000002","6","OK",""
"4010153__BRENDA MEDINA_medina4010153.xml","15","7","7","0","4","6","15","23","8","8","7.1648","5.894800000000001","4090","OK",""
"4010157__MARIA LILIANA_MEZA PADILLA4010157.xml","31","3","3","0","4","4","17","14","28","28","20.679199999999998","19.491199999999996","133","OK",""
"4010184__Nelly_Araujo4010184.xml","2","1","1","0","3","3","1","1","1","1","0.6045","0.6045","3","OK",""
"4010189__Mega_Maderas4010189.xml","12","2","2","0","4","5","10","13","10","10","7.708799999999999","5.628000000000001","52","OK",""
"4010211__VENTAS_EGGER RG4010211.xml","14","4","","","","","","","","","","","0","ERROR","La pieza ""P3"" (2600×780 mm) no entra en una placa útil de 2595×1825 mm."
"4010237__alexandra_de la fuente hernandez4010237.xml","10","1","1","0","4","5","7","6","9","9","5.4355","3.5505","37","OK",""
"4010238__Leonel_Carrillo Rodriguez4010238.xml","17","2","2","0","4","5","12","14","15","15","9.0925","7.5805","114","OK",""
"4010239__Leonel_Carrillo Rodriguez4010239.xml","10","2","2","0","4","4","7","8","8","8","5.783200000000001","5.5198","38","OK",""
"4010249__BRENDA MEDINA_medina4010249.xml","23","7","7","0","4","6","16","25","16","16","10.794199999999998","10.089199999999998","5248","OK",""
"4010265__Ramon_Mata4010265.xml","2","1","2","1","2","3","0","2","1","0","0.8045","0","202","OK",""
"4010267__ROBERTO SOTERO_FLORES DE LA GARZA4010267.xml","15","2","2","0","4","4","11","12","13","13","6.7741999999999996","4.672","50","OK",""
"4010281__Eduardo Horacio_Moras4010281.xml","95","6","6","0","4","6","52","59","89","89","47.133599999999994","47.98979999999999","12628","OK",""
"4010295__Adrian_Maru4010295.xml","7","1","1","0","3","4","5","6","6","6","3.5264","1.6308000000000002","35","OK",""
"4010313__BRENDA MEDINA_medina4010313.xml","26","5","5","0","4","6","16","21","21","21","13.5045","13.0945","3616","OK",""
"4010315__Nelly_Araujo4010315.xml","31","3","3","0","4","4","17","20","28","28","20.724","17.682","160","OK",""
"4010332__Mega_Maderas4010332.xml","31","1","1","0","4","5","17","26","30","30","11.112999999999998","7.4053999999999975","121","OK",""
"4010343__Ruben_Peix4010343.xml","18","1","1","0","4","5","14","17","17","17","8.0858","6.826400000000001","104","OK",""
"4010344__Luis_Mendez4010344.xml","19","3","3","0","4","6","18","22","16","16","12.148","8.729","254","OK",""
"4010398__Dinorah_Contreras4010398.xml","1","1","1","0","3","3","1","1","0","0","0","0","2","OK",""
"4010407__Marcelo_Gauna4010407.xml","45","3","3","0","7","4","31","25","42","42","26.247199999999992","21.049799999999994","539","OK",""
"4010416__Ruben_Peix4010416.xml","62","6","6","0","4","6","41","58","56","56","41.880199999999995","41.770399999999995","789","OK",""
"4010417__gloria adriana_cortines4010417.xml","8","2","2","0","3","4","4","6","6","6","4.0102","3.8722","28","OK",""
"4010418__Ruben_Peix4010418.xml","6","2","2","0","4","4","4","4","4","4","2.9236","2.5756","26","OK",""
"4010432__alexandra_de la fuente hernandez4010432.xml","94","18","18","0","4","6","61","99","76","76","62.315","62.532","18804","OK",""
"4010433__Ruben_Peix4010433.xml","50","2","2","0","4","5","23","18","48","48","15.010799999999996","13.880799999999999","239","OK",""
"4010455__alexandra_de la fuente hernandez4010455.xml","79","11","11","0","4","6","51","74","68","68","49.9662","52.273199999999996","7895","OK",""
"4010474__Mega_Maderas4010474.xml","35","4","4","0","4","6","17","28","31","31","15.1414","16.595200000000002","122","OK",""
"4010476__Mega_Maderas4010476.xml","99","8","8","0","4","6","47","66","91","91","51.30799999999999","52.360399999999984","452","OK",""
"4010492__Diego_Castro4010492.xml","","","","","","","","","","","","","","SKIP","formato excluido: raíz distinta de <project>"
"4010504__alexandra_de la fuente hernandez4010504.xml","134","23","22","-1","4","6","97","178","111","112","84.8725","89.02459999999998","27282","OK",""
"4010505__ruth_medina4010505.xml","44","1","1","0","5","6","21","75","43","43","18.231199999999994","11.535199999999987","261","OK",""
"4010519__alexandra_de la fuente hernandez4010519.xml","52","8","8","0","4","6","40","61","44","44","28.7516","26.868399999999994","478","OK",""
"4010526__jose_di giorgio4010526.xml","","","","","","","","","","","","","","SKIP","formato excluido: raíz distinta de <project>"
"4010527__alexandra_de la fuente hernandez4010527.xml","52","8","8","0","4","6","40","61","44","44","28.7516","26.868399999999994","505","OK",""
"4010535__jose_di giorgio4010535.xml","","","","","","","","","","","","","","SKIP","formato excluido: raíz distinta de <project>"
"4010547__Dinorah_Contreras4010547.xml","70","10","9","-1","4","5","57","73","60","61","37.97909999999999","39.60660000000001","348","OK",""
"4010555__Dinorah_Contreras4010555.xml","31","4","4","0","4","5","26","29","27","27","18.4055","14.73","244","OK",""
"4010556__Gustavo_Piaggio4010556.xml","5","1","1","0","3","3","3","3","4","4","2.7616","2.3866","5","OK",""
"4010557__franco_rios4010557.xml","15","2","2","0","5","4","10","9","13","13","11.9916","10.3772","269","OK",""
"4010578__alexandra_de la fuente hernandez4010578.xml","94","18","18","0","4","6","61","80","76","76","62.33059999999999","62.82920000000001","19426","OK",""
"4010583__Steve_Castano4010583.xml","51","4","4","0","4","6","33","31","47","47","32.804","29.503","657","OK",""
"4010585__Steve_Castano4010585.xml","51","4","4","0","4","6","33","31","47","47","32.804","29.503","642","OK",""
"4010590__PABLO PATRICIO_PIRITO CAVALLARO4010590.xml","7","1","1","0","3","4","7","8","6","6","1.6032","1.4664000000000001","8","OK",""
"4010593__goboconstrucciones_goboconstrucciones4010593.xml","11","1","1","0","4","6","8","12","10","10","6.817","6.743","79","OK",""
"4010596__Dinorah_Contreras4010596.xml","147","13","13","0","4","6","90","122","134","134","75.858","71.4955","19961","OK",""
"4010602__Dinorah_Contreras4010602.xml","11","1","1","0","4","4","6","9","10","10","6.226","3.058","58","OK",""
"4010611__PABLO PATRICIO_PIRITO CAVALLARO4010611.xml","14","1","1","0","4","5","6","8","13","13","4.217200000000001","3.4272000000000005","21","OK",""
"4010618__Ariel_Puyol4010618.xml","32","2","2","0","4","6","23","44","30","30","14.747999999999996","12.649199999999997","241","OK",""
"4010625__goboconstrucciones_goboconstrucciones4010625.xml","11","1","1","0","4","6","8","12","10","10","6.817","6.743","65","OK",""
"4010628__ruth_medina4010628.xml","68","3","3","0","7","6","43","44","65","65","34.79339999999999","28.021999999999984","452","OK",""
"4010634__MIGUEL ANGEL_QUIROZ4010634.xml","34","2","2","0","4","5","19","24","32","32","16.516","13.224","168","OK",""
"4010646__Santiago_Vitale4010646.xml","143","9","8","-1","4","6","62","109","134","135","73.88359999999997","68.76379999999997","248","OK",""
"4010658__Santiago_Vitale4010658.xml","28","5","5","0","4","5","11","21","23","23","15.808200000000001","11.422199999999995","2865","OK",""
"4010673__EGGER_USH4010673.xml","20","2","2","0","4","5","11","9","18","18","11.179199999999998","10.5492","235","OK",""
"4010712__EGGER_USH4010712.xml","1","1","1","0","3","3","1","1","0","0","0","0","2","OK",""
"4010713__gustavodg70_gustavodg704010713.xml","12","1","1","0","4","5","10","13","11","11","6.573","4.46","51","OK",""
"4010720__PABLO_LEGAL4010720.xml","10","1","1","0","4","4","8","11","9","9","4.2896","3.3896","39","OK",""
"4010722__franco_rios4010722.xml","4","1","1","0","5","4","5","3","3","3","4.0036","1.7131999999999998","13","OK",""
"4010732__ruth_medina4010732.xml","96","5","5","0","7","6","68","65","91","91","49.27539999999998","45.99939999999999","315","OK",""
"4010738__ruth_medina4010738.xml","8","1","1","0","4","4","4","8","7","7","4.9098000000000015","3.6477999999999997","10","OK",""
"4010745__Gustavo_Piaggio4010745.xml","40","2","2","0","4","6","25","24","38","38","22.995199999999997","20.066199999999995","368","OK",""
"4010764__Juan_Giacosa4010764.xml","","","","","","","","","","","","","","SKIP","formato excluido: raíz distinta de <project>"
"4010771__Marcelo Dario_Carrera4010771.xml","6","1","1","0","3","3","2","2","5","5","4.622","3.292","18","OK",""
"4010782__Cristian_Quinteros4010782.xml","11","2","2","0","4","6","7","22","9","9","7.4651","4.226100000000001","47","OK",""
"4010796__Cristian_Quinteros4010796.xml","19","2","2","0","4","4","13","14","17","17","13.890799999999999","13.3118","99","OK",""
"4010799__Steve_Castano4010799.xml","51","4","4","0","4","6","33","31","47","47","32.804","29.503","690","OK",""
"4010800__Steve_Castano4010800.xml","51","4","4","0","4","6","33","31","47","47","32.804","29.503","630","OK",""
"4010806__Cristian_Quinteros4010806.xml","5","1","1","0","3","3","3","3","4","4","2.9591","1.3491","16","OK",""
"4010812__Cristian_Quinteros4010812.xml","11","2","2","0","4","6","7","22","9","9","7.4651","4.226100000000001","33","OK",""
"4010815__Cristian_Quinteros4010815.xml","11","2","1","-1","3","3","8","6","10","10","5.9910000000000005","5.307","22","OK",""
"4010819__Steve_Castano4010819.xml","24","2","2","0","4","5","13","14","22","22","15.076","10.52","67","OK",""
"4010820__Steve_Castano4010820.xml","51","4","4","0","4","6","33","31","47","47","32.804","29.503","656","OK",""
"4010822__Steve_Castano4010822.xml","24","2","2","0","4","5","13","14","22","22","15.076","10.52","70","OK",""
"4010825__Steve_Castano4010825.xml","24","2","2","0","4","5","13","14","22","22","15.076","10.52","77","OK",""
"4010827__Emiliano Martin_Fernandez4010827.xml","11","1","1","0","4","5","7","11","10","10","8.640999999999998","3.5790000000000006","43","OK",""
"4010828__Rodrigo_Marcos4010828.xml","14","4","4","0","4","5","10","17","10","10","8.692","7.735999999999999","1911","OK",""
"4010830__Emiliano Martin_Fernandez4010830.xml","152","5","5","0","4","5","82","91","147","147","70.38879999999997","47.71979999999998","6556","OK",""
"4010834__Emiliano Martin_Fernandez4010834.xml","3","1","1","0","3","3","1","1","2","2","1.0188","0.8837999999999999","6","OK",""
"4010835__Rodrigo_Marcos4010835.xml","8","1","1","0","4","4","6","8","7","7","5.729799999999999","2.6458","48","OK",""
"4010839__Emiliano Martin_Fernandez4010839.xml","43","1","1","0","4","4","17","36","42","42","16.95679999999999","8.227799999999995","203","OK",""
"4010840__Rodrigo_Marcos4010840.xml","6","2","2","0","4","4","5","7","5","4","3.4365","2.1256","641","OK",""
"4010844__Steve_Castano4010844.xml","24","2","2","0","4","5","13","14","22","22","15.076","10.52","71","OK",""
"4010849__damian_iglesias4010849.xml","2","1","1","0","4","3","2","2","1","1","0.5464","0.3444","3","OK",""
"4010865__Mauro Leandro Bernardino_Torres4010865.xml","77","4","4","0","5","6","31","46","73","73","28.161799999999985","20.883199999999984","289","OK",""
"4010869__Mauro Leandro Bernardino_Torres4010869.xml","6","1","1","0","4","3","3","4","5","5","3.8220000000000005","1.9220000000000002","12","OK",""
"4010873__Gaston_Marrone4010873.xml","","","","","","","","","","","","","","SKIP","formato excluido: raíz distinta de <project>"
"4010875__Mauro Leandro Bernardino_Torres4010875.xml","7","1","1","0","6","5","4","5","6","6","2.2514","2.2413999999999996","10","OK",""
"4010877__Marcelo Dario_Carrera4010877.xml","5","1","1","0","3","4","5","3","4","4","1.5675999999999999","1.1476","18","OK",""
"4010891__Alfredo_Lentijo4010891.xml","65","4","","","","","","","","","","","0","ERROR","La pieza ""P8"" (2600×49.6 mm) no entra en una placa útil de 2595×1825 mm."
"4010897__Jesica_Helmbold4010897.xml","19","2","2","0","4","5","13","18","17","17","7.2728","6.552799999999999","73","OK",""
"4010942__omar_cussi4010942.xml","12","1","1","0","4","4","10","12","11","11","9.043","5.028","73","OK",""
"4010952__MARIA LILIANA_MEZA PADILLA4010952.xml","31","3","3","0","4","4","14","20","28","28","20.77","17.682","127","OK",""
"4010954__omar_cussi4010954.xml","3","1","1","0","3","3","1","1","2","2","1.49","1.49","2","OK",""
"4010960__Felipe_Rodriguez Garcia4010960.xml","13","1","1","0","4","3","7","2","12","12","5.429","4.174","58","OK",""
"4011025__Milton Gabriel_Suarez Chavez4011025.xml","","","","","","","","","","","","","","SKIP","formato excluido: raíz distinta de <project>"
"4011052__Rene D._Martinez4011052.xml","85","5","4","-1","6","6","51","60","80","81","41.64619999999999","41.30719999999998","620","OK",""
"4011061__Sergio_Benitez4011061.xml","3","2","2","0","3","3","3","3","1","1","0.6794","0.5344","6","OK",""
"4011068__adriel_marioni4011068.xml","55","4","4","0","4","6","26","30","51","51","38.07039999999999","30.816399999999994","312","OK",""
"4011069__adriel_marioni4011069.xml","16","2","2","0","4","4","10","6","14","14","5.2236","4.546600000000001","63","ERROR","multiset piezas; "
"4011074__Nicolas_Martinez4011074.xml","115","7","7","0","3","6","7","56","108","108","24.425199999999997","27.642799999999998","97","OK",""
"4011077__ruth_medina4011077.xml","11","1","1","0","4","3","6","5","10","10","5.1974","2.627","20","OK",""
"4011079__Lisi_Machuca4011079.xml","","","","","","","","","","","","","","SKIP","formato excluido: raíz distinta de <project>"
"4011080__ADRIAN MARCELO_RETA4011080.xml","","","","","","","","","","","","","","SKIP","formato excluido: raíz distinta de <project>"
"4011083__Juan_Olmos4011083.xml","49","2","2","0","4","6","34","60","47","47","22.10979999999999","19.50579999999999","658","OK",""
"4011085__Walter_Monzon4011085.xml","36","3","","","","","","","","","","","0","ERROR","La pieza ""P18"" (2800×250 mm) no entra en una placa útil de 2795×2065 mm."
"4011087__Juan_Olmos4011087.xml","7","1","1","0","4","4","5","5","6","6","3.9903999999999997","2.9243999999999994","31","OK",""
"4011092__agustin aj amoblamientos_juri4011092.xml","71","6","","","","","","","","","","","0","ERROR","La pieza ""P28"" (2600×700 mm) no entra en una placa útil de 2595×1825 mm."
"4011110__Ariel_Puyol4011110.xml","73","7","7","0","4","5","59","56","66","66","56.331399999999995","50.39339999999999","532","OK",""
"4011118__MAURICIO_GALLARDO4011118.xml","","","","","","","","","","","","","","SKIP","formato excluido: raíz distinta de <project>"
"4011143__carlos_ithuralde4011143.xml","1","1","1","0","3","3","1","1","0","0","0","0","3","OK",""
"4011151__Miriam_Dominguez4011151.xml","22","1","1","0","3","2","22","0","21","21","1.1424","1.1424","20","ERROR","multiset piezas; "
"4011157__Cristian_Bustos4011157.xml","71","5","5","0","4","5","37","32","66","66","39.1404","36.774399999999986","487","OK",""
"4011159__Cristian_Bustos4011159.xml","3","2","2","0","3","3","2","3","1","1","0.7764","0.7764","5","OK",""
"4011161__Cristian_Bustos4011161.xml","8","2","2","0","4","4","4","4","6","6","4.6364","4.216399999999999","29","OK",""
"4011163__Dario_Speziale4011163.xml","69","8","8","0","4","6","39","77","61","61","39.632400000000004","40.873599999999996","7916","OK",""
"4011169__HUGO ARIEL_CANCINOS4011169.xml","","","","","","","","","","","","","","SKIP","formato excluido: raíz distinta de <project>"
"4011175__LUCIANO_RUSCINO4011175.xml","41","4","4","0","4","6","22","34","37","37","25.574299999999997","19.842299999999998","273","OK",""
"4011191__ruth_medina4011191.xml","11","1","1","0","4","4","4","7","10","10","4.718","4.315","24","OK",""
"4011194__Martin_Sarchione4011194.xml","10","1","1","0","3","3","2","7","9","9","3.7796000000000007","2.0696000000000003","24","OK",""
"4011208__emporio_madera4011208.xml","","","","","","","","","","","","","","SKIP","formato excluido: raíz distinta de <project>"
"4011213__ruth_medina4011213.xml","11","1","1","0","4","3","6","5","10","10","5.1654","2.619","19","OK",""
"4011229__Yanina_Silva4011229.xml","","","","","","","","","","","","","","SKIP","formato excluido: raíz distinta de <project>"
"4011232__Lionel_Amicheti4011232.xml","","","","","","","","","","","","","","SKIP","formato excluido: raíz distinta de <project>"
"4011241__Ramiro _Leites4011241.xml","","","","","","","","","","","","","","SKIP","formato excluido: raíz distinta de <project>"
"4011256__Leonardo_Hansen4011256.xml","","","","","","","","","","","","","","SKIP","formato excluido: raíz distinta de <project>"
"4011258__Ramiro _Leites4011258.xml","","","","","","","","","","","","","","SKIP","formato excluido: raíz distinta de <project>"
"4011260__Luis alberto_Meza4011260.xml","","","","","","","","","","","","","","SKIP","formato excluido: raíz distinta de <project>"
"4011264__emporio_madera4011264.xml","","","","","","","","","","","","","","SKIP","formato excluido: raíz distinta de <project>"
"4011266__Ramiro _Leites4011266.xml","","","","","","","","","","","","","","SKIP","formato excluido: raíz distinta de <project>"
"4011269__Leonardo_Hansen4011269.xml","","","","","","","","","","","","","","SKIP","formato excluido: raíz distinta de <project>"
"4011273__Gisela_Garbarini4011273.xml","15","1","1","0","4","5","8","14","14","14","9.189599999999999","7.184099999999998","54","OK",""
"4011280__MAURICIO_GALLARDO4011280.xml","","","","","","","","","","","","","","SKIP","formato excluido: raíz distinta de <project>"
"4011286__Franco_Zampar4011286.xml","33","2","2","0","7","6","21","24","31","31","10.480799999999995","14.475399999999992","136","OK",""
"4011305__Mariano _Rojas 4011305.xml","","","","","","","","","","","","","","SKIP","formato excluido: raíz distinta de <project>"
"4011324__lujan agustin_encinas4011324.xml","","","","","","","","","","","","","","SKIP","formato excluido: raíz distinta de <project>"
"4011336__Guillermo Oscar_Galimberti4011336.xml","","","","","","","","","","","","","","SKIP","formato excluido: raíz distinta de <project>"
"4011338__Mauricio_Di Massa4011338.xml","37","6","6","0","4","6","25","41","31","31","22.064400000000003","15.5484","4447","OK",""
"4011350__Leonardo_Hansen4011350.xml","","","","","","","","","","","","","","SKIP","formato excluido: raíz distinta de <project>"
"4011352__Dalmasio_Rossetti4011352.xml","46","4","4","0","4","4","28","35","42","42","31.455299999999994","27.792299999999997","344","OK",""
"4011356__Mauricio_Di Massa4011356.xml","33","6","5","-1","4","6","25","46","27","28","18.5364","17.5316","131","OK",""
"4011357__Dalmasio_Rossetti4011357.xml","3","1","1","0","3","3","2","2","2","2","1.9448","1.0118","7","OK",""
"4011364__Leticia_Olazagarre4011364.xml","","","","","","","","","","","","","","SKIP","formato excluido: raíz distinta de <project>"
"4011367__Leticia_Olazagarre4011367.xml","","","","","","","","","","","","","","SKIP","formato excluido: raíz distinta de <project>"
"4011368__carlos_ithuralde4011368.xml","2","1","1","0","3","3","2","2","1","1","0.4774","0.4774","7","OK",""
"4011371__Leticia_Olazagarre4011371.xml","","","","","","","","","","","","","","SKIP","formato excluido: raíz distinta de <project>"
"4011378__Joel _Verber4011378.xml","","","","","","","","","","","","","","SKIP","formato excluido: raíz distinta de <project>"
"4011381__Joel _Verber4011381.xml","","","","","","","","","","","","","","SKIP","formato excluido: raíz distinta de <project>"
"4011386__Lionel_Amicheti4011386.xml","","","","","","","","","","","","","","SKIP","formato excluido: raíz distinta de <project>"
"4011393__Leonardo_Hansen4011393.xml","","","","","","","","","","","","","","SKIP","formato excluido: raíz distinta de <project>"
"4011405__Alfredo_Lentijo4011405.xml","20","2","2","0","4","5","13","15","18","18","12.482","9.0176","123","OK",""
"4011406__Luis alberto_Meza4011406.xml","","","","","","","","","","","","","","SKIP","formato excluido: raíz distinta de <project>"
"4011407__Lionel_Amicheti4011407.xml","","","","","","","","","","","","","","SKIP","formato excluido: raíz distinta de <project>"
"4011408__Joel _Verber4011408.xml","","","","","","","","","","","","","","SKIP","formato excluido: raíz distinta de <project>"
"4011417__Lionel_Amicheti4011417.xml","","","","","","","","","","","","","","SKIP","formato excluido: raíz distinta de <project>"
"4011422__Ruben Raineri_Ruben Raineri4011422.xml","94","1","1","0","3","3","6","7","93","93","13.009199999999971","8.719199999999976","82","OK",""
"4011432__Leonel_Vignatti4011432.xml","","","","","","","","","","","","","","SKIP","formato excluido: raíz distinta de <project>"
"4011447__MilimetroCero_MilimetroCero4011447.xml","246","19","19","0","4","6","106","164","227","227","127.03279999999997","160.58459999999997","17117","OK",""
"4011451__Mauricio_Di Massa4011451.xml","12","3","3","0","3","4","5","5","9","9","5.5036000000000005","4.403599999999999","937","OK",""
"4011453__leandro_feldman4011453.xml","","","","","","","","","","","","","","SKIP","formato excluido: raíz distinta de <project>"
"4011466__lujan agustin_encinas4011466.xml","","","","","","","","","","","","","","SKIP","formato excluido: raíz distinta de <project>"
"4011469__Sabrina_Scopetta4011469.xml","","","","","","","","","","","","","","SKIP","formato excluido: raíz distinta de <project>"
"4011476__Sabrina_Scopetta4011476.xml","","","","","","","","","","","","","","SKIP","formato excluido: raíz distinta de <project>"
"4011482__Mauricio_Di Massa4011482.xml","20","2","2","0","4","6","13","20","18","18","14.761199999999999","9.0652","107","OK",""
"4011489__Sabrina_Scopetta4011489.xml","","","","","","","","","","","","","","SKIP","formato excluido: raíz distinta de <project>"
"4011491__Mauricio_Di Massa4011491.xml","17","1","1","0","4","6","7","10","16","16","10.370399999999997","5.3704","62","OK",""
"4011495__Ruben Raineri_Ruben Raineri4011495.xml","6","1","1","0","3","3","2","2","5","5","4.432","3.9030000000000005","5","OK",""
"4011496__alex_viteri4011496.xml","","","","","","","","","","","","","","SKIP","formato excluido: raíz distinta de <project>"
"4011497__jjosem.2016_jjosem.20164011497.xml","10","2","","","","","","","","","","","0","ERROR","La pieza ""P5"" (2750×250 mm) no entra en una placa útil de 2740×1820 mm."
"4011511__jjosem.2016_jjosem.20164011511.xml","10","1","","","","","","","","","","","0","ERROR","La pieza ""P6"" (2750×100 mm) no entra en una placa útil de 2740×1820 mm."
"4011513__santiago_bonacorsi4011513.xml","","","","","","","","","","","","","","SKIP","formato excluido: raíz distinta de <project>"
"4011519__jjosem.2016_jjosem.20164011519.xml","27","2","","","","","","","","","","","0","ERROR","La pieza ""P4"" (2750×60 mm) no entra en una placa útil de 2740×1820 mm."
"4011521__Juan pablo_Demargherita4011521.xml","24","1","1","0","3","3","1","24","23","23","1.7112","1.7112","37","OK",""
"4011522__santiago_bonacorsi4011522.xml","","","","","","","","","","","","","","SKIP","formato excluido: raíz distinta de <project>"
"4011525__jjosem.2016_jjosem.20164011525.xml","27","2","","","","","","","","","","","0","ERROR","La pieza ""P4"" (2750×60 mm) no entra en una placa útil de 2740×1820 mm."
"4011526__santiago_bonacorsi4011526.xml","","","","","","","","","","","","","","SKIP","formato excluido: raíz distinta de <project>"
"4011531__santiago_bonacorsi4011531.xml","","","","","","","","","","","","","","SKIP","formato excluido: raíz distinta de <project>"
"4011535__santiago_bonacorsi4011535.xml","","","","","","","","","","","","","","SKIP","formato excluido: raíz distinta de <project>"
"4011537__Alejandro_Castro4011537.xml","43","5","5","0","4","6","34","54","38","38","21.825","18.579","4615","OK",""
"4011539__santiago_bonacorsi4011539.xml","","","","","","","","","","","","","","SKIP","formato excluido: raíz distinta de <project>"
"4011552__gustavo _juhasz4011552.xml","","","","","","","","","","","","","","SKIP","formato excluido: raíz distinta de <project>"
"4011558__Juan pablo_Demargherita4011558.xml","14","1","1","0","3","3","14","14","13","13","1.7042","0.9672000000000001","27","OK",""
"4011588__TYRONE_VILLAMAR4011588.xml","","","","","","","","","","","","","","SKIP","formato excluido: raíz distinta de <project>"
"4011590__Cesar Norberto_Molina 4011590.xml","","","","","","","","","","","","","","SKIP","formato excluido: raíz distinta de <project>"
"4011591__paolo_leonardi4011591.xml","104","5","5","0","4","6","50","100","99","99","45.197599999999994","40.55459999999999","646","OK",""
"4011598__TYRONE_VILLAMAR4011598.xml","","","","","","","","","","","","","","SKIP","formato excluido: raíz distinta de <project>"
"4011612__gustavo _juhasz4011612.xml","","","","","","","","","","","","","","SKIP","formato excluido: raíz distinta de <project>"
"4011630__TYRONE_VILLAMAR4011630.xml","","","","","","","","","","","","","","SKIP","formato excluido: raíz distinta de <project>"
"4011633__CARLOS_BENITEZ4011633.xml","129","13","12","-1","7","6","67","149","116","117","68.20919999999998","72.73259999999998","17378","OK",""
"4011662__AUSTER ESTUDIOS SAS_GIECO PEIRETTI4011662.xml","153","9","9","0","4","6","120","120","144","144","91.87359999999997","87.34359999999998","14785","OK",""
"4011670__Diego_Manavella4011670.xml","33","3","3","0","7","6","24","33","30","30","22.396799999999995","17.5344","159","OK",""
"4011675__AUSTER ESTUDIOS SAS_GIECO PEIRETTI4011675.xml","153","9","9","0","4","6","120","120","144","144","91.87359999999997","87.34359999999998","15105","OK",""
"4011689__Miriam_Dominguez4011689.xml","86","4","4","0","4","4","22","22","82","82","31.235799999999987","28.260799999999985","2831","OK",""
"4011697__Daniel_Caballero4011697.xml","31","2","2","0","4","5","19","24","29","29","13.872599999999998","10.5376","221","OK",""
"4011698__Daniel_Caballero4011698.xml","31","2","2","0","4","5","19","24","29","29","13.872599999999998","10.5376","227","OK",""
"4011741__Leonardo_Hansen4011741.xml","","","","","","","","","","","","","","SKIP","formato excluido: raíz distinta de <project>"
"4011746__Luciano Roman_Cortez4011746.xml","21","2","2","0","4","4","17","14","19","19","12.419599999999999","11.337599999999998","155","OK",""
"4011754__Diego_Manavella4011754.xml","3","1","1","0","3","3","1","1","2","2","1.6818","1.4627999999999999","5","OK",""
"4011757__Pablo_Rivoira4011757.xml","25","2","2","0","4","6","14","25","23","23","13.334199999999997","11.631599999999999","128","OK",""
"4011785__Rogelio_Morales ramirez4011785.xml","13","2","2","0","4","4","9","8","11","11","8.0573","6.2179","53","OK",""
"4011795__Guillermina_Maglio4011795.xml","23","1","1","0","4","6","16","14","22","22","6.696799999999999","5.506799999999999","98","OK",""
"4011796__paolo_leonardi4011796.xml","72","5","5","0","4","5","42","52","67","67","39.96079999999999","37.20679999999999","702","OK",""
"4011801__gloria adriana_cortines4011801.xml","14","1","1","0","4","6","8","10","13","13","5.145300000000001","3.5553","23","OK",""
"4011806__emporio_madera4011806.xml","","","","","","","","","","","","","","SKIP","formato excluido: raíz distinta de <project>"
"4011808__Gabriel_Gava4011808.xml","50","3","3","0","4","5","40","25","47","47","23.373299999999997","22.820299999999996","342","OK",""
"4011810__Hector_Ruben Diaz4011810.xml","126","6","6","0","4","6","71","94","120","120","65.4388","54.365199999999994","356","OK",""
"4011815__emporio_madera4011815.xml","","","","","","","","","","","","","","SKIP","formato excluido: raíz distinta de <project>"
"4011821__guillermo.janecki_guillermo.janecki4011821.xml","19","1","1","0","4","4","5","8","18","18","6.576","5.676","111","OK",""
"4011824__Hector_Ruben Diaz4011824.xml","2","1","1","0","3","3","2","2","1","1","0.7014","0.7014","3","OK",""
"4011831__guillermo.janecki_guillermo.janecki4011831.xml","19","1","1","0","4","4","5","8","18","18","6.576","5.676","122","OK",""
"4011836__Dario_Speziale4011836.xml","69","4","4","0","4","6","35","40","65","65","38.51999999999999","35.23299999999999","442","OK",""
"4011838__emporio_madera4011838.xml","","","","","","","","","","","","","","SKIP","formato excluido: raíz distinta de <project>"
"4011840__Hector_Ruben Diaz4011840.xml","2","1","1","0","3","3","1","1","1","1","0.8543999999999999","0.8543999999999999","4","OK",""
"4011846__guillermo.janecki_guillermo.janecki4011846.xml","19","1","1","0","4","4","5","8","18","18","6.576","5.676","127","OK",""
"4011851__Daniel_Caballero4011851.xml","36","1","1","0","4","4","18","26","35","35","11.041999999999994","6.740999999999994","206","OK",""
"4011860__guillermo.janecki_guillermo.janecki4011860.xml","19","1","1","0","4","4","5","8","18","18","6.576","5.676","115","OK",""
"4011867__SANDRA ELIZABETH_Alvarez4011867.xml","4","1","1","0","4","5","4","4","3","3","2.6361999999999997","2.1502","26","OK",""
"4011869__Eliseo_Colacilli4011869.xml","56","2","2","0","4","6","31","36","54","54","26.251599999999993","21.87359999999999","570","OK",""
"4011872__Gonzalo_Irisarri4011872.xml","26","4","4","0","4","5","19","19","22","22","24.21","11.64","302","OK",""
"4011875__Nicolas_De luca4011875.xml","","","","","","","","","","","","","","SKIP","formato excluido: raíz distinta de <project>"
"4011877__Eliseo_Colacilli4011877.xml","15","1","1","0","4","6","9","27","14","14","9.626599999999998","5.988599999999998","69","OK",""
"4011883__mxd_mxd4011883.xml","21","2","2","0","4","6","10","20","19","19","11.735","10.205","64","OK",""
"4011884__Nicolas_De luca4011884.xml","","","","","","","","","","","","","","SKIP","formato excluido: raíz distinta de <project>"
"4011888__Javier Patricio_Campoverde Zambrano4011888.xml","","","","","","","","","","","","","","SKIP","formato excluido: raíz distinta de <project>"
"4011894__Andres_Silva4011894.xml","40","4","4","0","4","4","25","31","36","36","21.098","21.771","165","OK",""
"4011899__Gabriel_Echeverria4011899.xml","27","1","1","0","4","5","13","28","26","26","9.991","6.956","99","OK",""
"4011911__Luciano Roman_Cortez4011911.xml","131","5","5","0","4","6","90","178","126","126","71.2734","50.33899999999998","516","OK",""
"4011914__Eliseo_Colacilli4011914.xml","8","1","1","0","4","6","8","9","7","7","4.905799999999999","2.9218","38","OK",""
"4011915__Maximiliano_Santoro4011915.xml","2","1","1","0","3","4","2","2","1","1","1.8644","0.7343999999999999","7","OK",""
"4011918__paolo_leonardi4011918.xml","112","3","3","0","4","6","30","37","109","109","40.44959999999999","35.075399999999995","4874","OK",""
"4011924__Lionel_Amicheti4011924.xml","","","","","","","","","","","","","","SKIP","formato excluido: raíz distinta de <project>"
"4011926__CARLOS_BENITEZ4011926.xml","217","10","10","0","6","6","87","110","207","207","100.66119999999998","95.69519999999997","306","OK",""
"4011932__Kevin_Tumbaco4011932.xml","","","","","","","","","","","","","","SKIP","formato excluido: raíz distinta de <project>"
"4011934__Lionel_Amicheti4011934.xml","","","","","","","","","","","","","","SKIP","formato excluido: raíz distinta de <project>"
"4011943__Gabriel_Echeverria4011943.xml","6","1","1","0","4","4","4","4","5","5","1.525","1.525","68","OK",""
"4011946__lujan agustin_encinas4011946.xml","","","","","","","","","","","","","","SKIP","formato excluido: raíz distinta de <project>"
"4011952__Luciano Roman_Cortez4011952.xml","43","3","3","0","4","6","34","69","40","40","23.729999999999993","23.340599999999995","162","OK",""
"4011953__Yuri_Mielnikowicz4011953.xml","36","2","2","0","4","5","19","26","34","34","21.15","19.882","213","OK",""
"4011955__paolo_leonardi4011955.xml","9","2","2","0","4","4","9","9","7","7","4.6908","4.0058","36","OK",""
"4011957__Maximiliano_Santoro4011957.xml","","","","","","","","","","","","","","SKIP","stock mixto: dimensiones de panel diferentes"
"4011967__Joel _Verber4011967.xml","","","","","","","","","","","","","","SKIP","formato excluido: raíz distinta de <project>"
"4011976__VENTAS_EGGER RG4011976.xml","1","1","1","0","3","3","1","1","0","0","0","0","2","OK",""
"4011978__Joel _Verber4011978.xml","","","","","","","","","","","","","","SKIP","formato excluido: raíz distinta de <project>"
"4011984__Yuri_Mielnikowicz4011984.xml","17","1","1","0","4","4","14","13","16","16","8.309","6.61","86","OK",""
"4011987__Joel _Verber4011987.xml","","","","","","","","","","","","","","SKIP","formato excluido: raíz distinta de <project>"
"4012000__Rogelio_Morales ramirez4012000.xml","13","2","2","0","4","5","9","12","11","11","6.7165","5.4249","49","OK",""
"4012036__paolo_leonardi4012036.xml","28","1","1","0","4","4","8","15","27","27","12.548799999999996","8.931799999999994","108","OK",""
"4012045__paolo_leonardi4012045.xml","28","1","1","0","4","4","8","15","27","27","12.548799999999996","8.931799999999994","96","OK",""
"4012047__Gustavo_Alvarez4012047.xml","31","3","3","0","4","4","14","18","29","28","14.532599999999999","11.465199999999998","111","OK",""
"4012049__paolo_leonardi4012049.xml","112","3","3","0","4","6","30","37","109","109","40.44959999999999","35.075399999999995","4955","OK",""
"4012050__Ricardo_Lopez Taliente4012050.xml","14","2","2","0","4","5","10","12","12","12","7.868799999999999","8.146799999999999","69","OK",""
"4012054__Ezequiel_Gomez4012054.xml","","","","","","","","","","","","","","SKIP","formato excluido: raíz distinta de <project>"
"4012055__lupita_lopez4012055.xml","10","3","3","0","4","4","6","9","7","7","3.9745","3.8615","38","OK",""
"4012058__paolo_leonardi4012058.xml","72","5","5","0","4","5","42","52","67","67","39.96079999999999","37.20679999999999","683","OK",""
"4012065__Joel _Verber4012065.xml","","","","","","","","","","","","","","SKIP","formato excluido: raíz distinta de <project>"
"4012067__Nelly_Araujo4012067.xml","6","1","1","0","3","3","6","6","5","5","2.3945","2.1135","25","OK",""
"4012068__Ricardo_Lopez Taliente4012068.xml","14","2","2","0","4","5","10","12","12","12","7.868799999999999","8.146799999999999","68","OK",""
"4012074__Ezequiel_Gomez4012074.xml","","","","","","","","","","","","","","SKIP","formato excluido: raíz distinta de <project>"
"4012075__emporio_madera4012075.xml","","","","","","","","","","","","","","SKIP","formato excluido: raíz distinta de <project>"
"4012083__Enrique_Tourn4012083.xml","24","2","2","0","4","5","16","11","22","22","12.663200000000002","10.835999999999999","34","OK",""
"4012084__Ricardo_Lopez Taliente4012084.xml","135","8","8","0","4","5","82","84","127","127","65.343","63.4116","11694","OK",""
"4012093__Mariano_Camacho4012093.xml","","","","","","","","","","","","","","SKIP","formato excluido: raíz distinta de <project>"
"4012095__emporio_madera4012095.xml","","","","","","","","","","","","","","SKIP","formato excluido: raíz distinta de <project>"
"4012103__Nelson_Maldonado4012103.xml","11","1","1","0","4","5","5","7","10","10","6.985","3.748","55","OK",""
"4012104__Hector_Ruben Diaz4012104.xml","31","2","2","0","4","6","19","28","29","29","14.6768","9.586399999999998","138","OK",""
"4012115__Mega_Maderas4012115.xml","24","3","3","0","4","6","13","30","21","21","10.5174","10.8668","93","OK",""
"4012117__Mega_Maderas4012117.xml","22","4","3","-1","4","5","17","23","18","19","10.1192","11.458","652","OK",""
"4012119__Mega_Maderas4012119.xml","49","5","5","0","4","5","29","32","44","44","27.7336","25.0886","610","OK",""
"4012122__Mega_Maderas4012122.xml","6","1","1","0","4","5","6","4","5","5","2.895","0.985","10","ERROR","multiset piezas; "
"4012124__Mega_Maderas4012124.xml","3","2","2","0","3","3","3","1","1","1","0.6043999999999999","0.6043999999999999","10","ERROR","multiset piezas; "
"4012132__Mega_Maderas4012132.xml","273","20","20","0","4","6","147","214","253","253","118.5982","123.7174","17652","ERROR","multiset piezas; "
"4012134__Cesar Norberto_Molina 4012134.xml","","","","","","","","","","","","","","SKIP","formato excluido: raíz distinta de <project>"
"4012144__SANDRA ELIZABETH_Alvarez4012144.xml","4","1","1","0","4","4","4","4","3","3","2.6361999999999997","2.1502","26","OK",""
"4012154__Nelson_Maldonado4012154.xml","8","1","1","0","4","6","5","7","7","7","2.6748000000000003","2.4588","42","OK",""
"4012164__Adrian_Peiti4012164.xml","","","","","","","","","","","","","","SKIP","formato excluido: raíz distinta de <project>"
"4012168__Gabriel_Echeverria4012168.xml","28","1","1","0","4","6","10","28","27","27","9.886","6.681","105","OK",""
"4012169__Nelly_Araujo4012169.xml","13","2","2","0","4","6","10","15","11","11","6.9245","4.8615","79","OK",""
"4012178__Ramiro_Hernandez4012178.xml","86","4","4","0","4","5","41","41","82","82","41.51679999999999","37.00679999999999","1081","OK",""
"4012197__Oziel_Reyes4012197.xml","13","1","1","0","4","5","8","13","12","12","5.048399999999999","4.9197","47","OK",""
"4012199__Cesar Norberto_Molina 4012199.xml","","","","","","","","","","","","","","SKIP","formato excluido: raíz distinta de <project>"
"4012204__Oziel_Reyes4012204.xml","13","1","1","0","4","5","8","13","12","12","5.048399999999999","4.9197","49","OK",""
"4012212__Ricardo_Lopez Taliente4012212.xml","135","8","7","-1","4","6","85","116","127","128","70.449","71.4987","343","OK",""
"4012219__nicolas_quiroga4012219.xml","67","4","4","0","4","5","25","27","63","63","35.111","28.019","268","OK",""
"4012227__VENTAS_EGGER RG4012227.xml","2","1","1","0","3","3","1","2","1","1","0.9086000000000001","0.9086000000000001","1","OK",""
"4012260__Mega_Maderas4012260.xml","72","6","6","0","4","6","33","61","66","66","34.07339999999999","29.423399999999997","6465","OK",""
"4012284__GRUPO ALEGRO_GRUPO ALEGRO4012284.xml","12","4","4","0","3","5","10","19","8","8","5.8292","5.1742","942","OK",""
"4012288__GRUPO ALEGRO_GRUPO ALEGRO4012288.xml","14","1","1","0","4","4","7","7","13","13","7.1991999999999985","5.821199999999999","44","OK",""
"4012291__GRUPO ALEGRO_GRUPO ALEGRO4012291.xml","6","2","2","0","4","5","6","8","4","4","3.6566","4.3296","23","OK",""
"4012293__Diego_Manavella4012293.xml","3","1","1","0","3","3","1","1","2","2","1.6818","1.4627999999999999","5","OK",""
"4012294__GRUPO ALEGRO_GRUPO ALEGRO4012294.xml","104","5","5","0","4","6","51","49","99","99","54.86359999999999","53.03959999999998","553","OK",""
"4012297__GRUPO ALEGRO_GRUPO ALEGRO4012297.xml","66","5","5","0","4","6","42","69","61","61","41.51739999999999","37.23179999999999","784","OK",""
"4012304__Mega_Maderas4012304.xml","17","2","2","0","4","6","10","10","15","15","6.8514","4.7505999999999995","361","OK",""
"4012316__ELSA_M4012316.xml","26","3","3","0","3","3","8","7","23","23","15.1335","10.7035","25","ERROR","multiset piezas; "
"4012322__ESEICA_NEA4012322.xml","65","4","4","0","6","6","36","84","61","61","27.796399999999995","26.944399999999995","332","OK",""
"4012335__Kevin_Tumbaco4012335.xml","","","","","","","","","","","","","","SKIP","formato excluido: raíz distinta de <project>"
"4012339__Mega_Maderas4012339.xml","35","5","5","0","4","5","24","32","30","30","16.684600000000003","16.5814","281","OK",""
"4012342__ELSA_M4012342.xml","27","3","3","0","4","6","17","21","24","24","15.503","14.758","192","OK",""
"4012344__lupita_lopez4012344.xml","59","8","8","0","4","6","37","48","51","51","30.3245","28.5395","5704","OK",""
"4012350__FANY_PUENTE4012350.xml","24","4","4","0","4","4","12","10","20","20","14.034","13.454","76","OK",""
"4012360__lupita_lopez4012360.xml","40","3","3","0","4","5","12","17","37","37","14.5985","12.7594","1858","OK",""
"4012364__carlos_Zavatti4012364.xml","","","","","","","","","","","","","","SKIP","formato excluido: raíz distinta de <project>"
"4012366__lupita_lopez4012366.xml","59","8","8","0","4","6","37","48","51","51","30.3245","28.5395","5754","OK",""
"4012371__Micaela_Di Genno4012371.xml","112","15","13","-2","4","6","86","98","97","99","75.98179999999998","83.17179999999998","16940","ERROR","multiset piezas; "
"4012376__FANY_PUENTE4012376.xml","11","3","3","0","4","4","6","8","8","8","4.719","5.125","96","OK",""
"4012379__nicolas_quiroga4012379.xml","41","3","3","0","4","6","17","35","38","38","20.3715","17.7195","250","OK",""
"4012394__NELSON_MONTENEGRO4012394.xml","66","2","2","0","4","6","21","56","64","64","22.52359999999999","17.36679999999999","338","OK",""
"4012405__Andres_Branda4012405.xml","28","5","5","0","4","6","21","27","23","23","18.725199999999997","14.613199999999999","4312","OK",""
"4012410__Carlos_Garza4012410.xml","8","1","1","0","4","4","4","5","7","7","4.1728000000000005","1.9148","27","OK",""
"4012412__ELSA_M4012412.xml","1","1","1","0","3","3","1","1","0","0","0","0","3","OK",""
"4012425__Juan_Farsky4012425.xml","5","2","2","0","3","2","5","0","3","3","1.1682000000000001","1.1682000000000001","4","ERROR","multiset piezas; "
"4012437__Dario_Speziale4012437.xml","82","4","4","0","4","4","40","48","78","78","42.57019999999999","26.675199999999997","399","OK",""
"4012444__FANY_PUENTE4012444.xml","55","7","6","-1","4","4","35","26","48","49","27.544","27.2065","1163","OK",""
"4012446__Juan_Farsky4012446.xml","9","1","1","0","3","2","9","0","8","8","0.8752000000000001","0.8752000000000001","5","ERROR","multiset piezas; "
"4012455__FANY_PUENTE4012455.xml","9","2","2","0","3","3","3","4","7","7","5.3609","4.0809","34","OK",""
"4012479__FANY_PUENTE4012479.xml","18","2","2","0","4","4","8","10","16","16","11.306799999999999","10.056000000000001","65","OK",""
"4012486__gloria adriana_cortines4012486.xml","21","2","2","0","4","5","14","21","19","19","11.9805","9.1405","80","OK",""
"4012489__lujan agustin_encinas4012489.xml","","","","","","","","","","","","","","SKIP","formato excluido: raíz distinta de <project>"
"4012490__FANY_PUENTE4012490.xml","2","1","","","","","","","","","","","0","ERROR","La pieza ""P1"" (2440×600 mm) no entra en una placa útil de 2435×1215 mm."
"4012499__Mega_Maderas4012499.xml","16","3","3","0","4","6","16","19","13","13","5.5322","4.6272","74","OK",""
"4012505__TYRONE_VILLAMAR4012505.xml","","","","","","","","","","","","","","SKIP","formato excluido: raíz distinta de <project>"
"4012508__FANY_PUENTE4012508.xml","13","2","2","0","4","5","12","11","11","11","6.9855","5.714699999999999","62","OK",""
"4012518__Marcos _Cumini Londero4012518.xml","","","","","","","","","","","","","","SKIP","formato excluido: raíz distinta de <project>"
"4012524__BRENDA MEDINA_medina4012524.xml","14","3","3","0","4","4","8","13","11","11","8.0767","7.1375","1123","OK",""
"4012525__Marcos _Cumini Londero4012525.xml","","","","","","","","","","","","","","SKIP","formato excluido: raíz distinta de <project>"
"4012527__Marcos _Cumini Londero4012527.xml","","","","","","","","","","","","","","SKIP","formato excluido: raíz distinta de <project>"
"4012529__Yuri_Mielnikowicz4012529.xml","33","2","2","0","4","4","19","25","31","31","19.782","17.886","202","OK",""
"4012539__Dario_Speziale4012539.xml","13","2","2","0","4","5","8","8","11","11","8.4514","5.260400000000001","46","OK",""
"4012542__Yuri_Mielnikowicz4012542.xml","13","1","1","0","4","4","8","10","12","12","6.249","4.931","51","OK",""
"4012545__Nicolas_Quintana4012545.xml","20","2","2","0","4","4","8","8","18","18","10.236199999999998","10.701199999999996","51","OK",""
"4012548__lupita_lopez4012548.xml","106","13","13","0","4","5","39","58","93","93","51.09449999999999","50.62649999999999","21725","OK",""
"4012550__Yuri_Mielnikowicz4012550.xml","5","1","1","0","4","5","4","8","4","4","4.614","2.454","17","OK",""
"4012554__FANY_PUENTE4012554.xml","4","1","1","0","4","3","3","3","3","3","1.6431000000000002","0.9000999999999999","69","OK",""
"4012557__Leonel_Vignatti4012557.xml","","","","","","","","","","","","","","SKIP","formato excluido: raíz distinta de <project>"
"4012564__gloria adriana_cortines4012564.xml","31","4","4","0","4","6","15","24","27","27","15.539699999999998","17.0051","494","OK",""
"4012567__lupita_lopez4012567.xml","23","4","4","0","3","3","12","16","19","19","8.9203","8.620299999999999","1953","OK",""
"4012568__HUGO ARIEL_CANCINOS4012568.xml","","","","","","","","","","","","","","SKIP","formato excluido: raíz distinta de <project>"
"4012569__FANY_PUENTE4012569.xml","10","2","1","-1","4","6","8","12","8","9","5.7185999999999995","3.8462999999999994","45","OK",""
"4012578__emanuel alejandro_capdevila4012578.xml","","","","","","","","","","","","","","SKIP","formato excluido: raíz distinta de <project>"
"4012580__lupita_lopez4012580.xml","106","13","13","0","4","6","39","115","93","93","51.092899999999986","50.6497","21420","OK",""
"4012582__FANY_PUENTE4012582.xml","8","3","","","","","","","","","","","0","ERROR","La pieza ""P5"" (2440×699.2 mm) no entra en una placa útil de 2435×1215 mm."
"4012587__Diego_Manavella4012587.xml","33","3","3","0","7","6","24","33","30","30","22.396799999999995","17.5344","157","OK",""
"4012595__FANY_PUENTE4012595.xml","76","8","8","0","3","5","25","46","68","68","32.23","31.9716","9620","OK",""
"4012600__Marcos _Cumini Londero4012600.xml","","","","","","","","","","","","","","SKIP","formato excluido: raíz distinta de <project>"
"4012601__Joel _Verber4012601.xml","","","","","","","","","","","","","","SKIP","formato excluido: raíz distinta de <project>"
"4012608__gloria adriana_cortines4012608.xml","35","3","3","0","4","4","13","11","32","32","14.364","14.434","126","OK",""
"4012611__FANY_PUENTE4012611.xml","27","2","2","0","4","6","15","26","25","25","13.8705","9.9557","79","OK",""
"4012614__Edgar_Andaverde4012614.xml","33","4","4","0","4","4","27","25","29","29","15.877600000000003","12.750600000000002","264","OK",""
"4012617__Mega_Maderas4012617.xml","3","3","3","0","3","3","3","3","0","0","0","0","243","OK",""
"4012624__lujan agustin_encinas4012624.xml","","","","","","","","","","","","","","SKIP","formato excluido: raíz distinta de <project>"
"4012637__Nelly_Araujo4012637.xml","7","1","1","0","4","5","4","3","6","6","3.297","1.762","19","OK",""
"4012641__Marcos _Cumini Londero4012641.xml","","","","","","","","","","","","","","SKIP","formato excluido: raíz distinta de <project>"
"4012644__Jose_Carlos4012644.xml","16","3","3","0","4","5","11","16","13","13","9.4515","9.7835","1342","OK",""
"4012645__Nelly_Araujo4012645.xml","6","1","1","0","3","3","4","4","5","5","2.6425","2.6425","6","OK",""
"4012647__Jose_Carlos4012647.xml","16","3","3","0","4","5","11","16","13","13","9.455699999999998","9.7865","1347","OK",""
"4012649__Marcos _Cumini Londero4012649.xml","","","","","","","","","","","","","","SKIP","formato excluido: raíz distinta de <project>"
"4012652__Nelly_Araujo4012652.xml","5","1","","","","","","","","","","","0","ERROR","La pieza ""P2"" (2440×50 mm) no entra en una placa útil de 2435×1215 mm."
"4012653__Jose_Carlos4012653.xml","16","3","3","0","4","5","11","16","13","13","9.455699999999998","9.7865","1394","OK",""
"4012661__Mauricio Alejandro_Saracho4012661.xml","14","1","1","0","4","6","7","10","13","13","5.840799999999999","2.7508","54","OK",""
"4012663__ELSA_M4012663.xml","2","1","1","0","2","3","0","1","1","1","0.6045","0.6045","5","OK",""
"4012668__Mauricio Alejandro_Saracho4012668.xml","14","1","1","0","3","4","7","9","13","13","6.4155999999999995","3.740599999999999","56","OK",""
"4012675__Mega_Maderas4012675.xml","40","2","2","0","4","5","11","13","38","38","13.098399999999996","10.3572","116","OK",""
"4012676__Mauricio Alejandro_Saracho4012676.xml","25","2","2","0","4","6","16","26","23","23","15.8492","9.727799999999998","155","OK",""
"4012684__Nelly_Araujo4012684.xml","6","1","1","0","3","3","6","6","5","5","2.4045","2.1235","22","OK",""
"4012695__Marcos _Cumini Londero4012695.xml","","","","","","","","","","","","","","SKIP","formato excluido: raíz distinta de <project>"
"4012696__gloria adriana_cortines4012696.xml","144","10","10","0","4","6","64","115","134","134","62.079","59.6675","231","OK",""
"4012701__FANY_PUENTE4012701.xml","3","2","2","0","3","6","2","7","1","1","0.7545","0.6637000000000001","303","OK",""
"4012702__Ramiro_Hernandez4012702.xml","44","4","4","0","4","5","31","28","40","40","28.487999999999996","25.86499999999999","475","OK",""
"4012703__Facundo_Fleischer4012703.xml","","","","","","","","","","","","","","SKIP","formato excluido: raíz distinta de <project>"
"4012712__ELSA_M4012712.xml","19","1","","","","","","","","","","","0","ERROR","La pieza ""P1"" (2795×100 mm) no entra en una placa útil de 2790×2055 mm."
"4012717__Dinorah_Contreras4012717.xml","8","2","2","0","3","6","8","10","6","6","2.103","1.359","20","OK",""
"4012719__Ramiro_Hernandez4012719.xml","6","1","1","0","4","3","4","2","5","5","4.162","3.058","23","OK",""
"4012721__emporio_madera4012721.xml","","","","","","","","","","","","","","SKIP","formato excluido: raíz distinta de <project>"
"4012723__HUGO ARIEL_CANCINOS4012723.xml","","","","","","","","","","","","","","SKIP","formato excluido: raíz distinta de <project>"
"4012724__Edd_Oyervides4012724.xml","8","1","1","0","4","4","8","8","7","7","4.7775","4.0115","34","OK",""
"4012727__Jose_Carlos4012727.xml","25","2","2","0","4","4","16","14","23","23","9.2475","11.4365","81","OK",""
"4012732__Marcos _Cumini Londero4012732.xml","","","","","","","","","","","","","","SKIP","formato excluido: raíz distinta de <project>"
"4012741__Jose_Carlos4012741.xml","25","2","2","0","4","4","16","14","23","23","9.272099999999998","11.458699999999999","91","OK",""
"4012744__Gustavo Fernando_Ferraris4012744.xml","","","","","","","","","","","","","","SKIP","formato excluido: raíz distinta de <project>"
"4012753__jeremias manuel_sidoti4012753.xml","","","","","","","","","","","","","","SKIP","formato excluido: raíz distinta de <project>"
"4012755__Dario_Speziale4012755.xml","25","2","2","0","4","5","18","20","23","23","14.777199999999997","11.273200000000001","160","OK",""
"4012761__Juan Ignacio_Locati4012761.xml","","","","","","","","","","","","","","SKIP","formato excluido: raíz distinta de <project>"
"4012767__Cristofer_Arnolfo4012767.xml","","","","","","","","","","","","","","SKIP","formato excluido: raíz distinta de <project>"
"4012770__jeremias manuel_sidoti4012770.xml","","","","","","","","","","","","","","SKIP","formato excluido: raíz distinta de <project>"
"4012780__Yanina_Silva4012780.xml","","","","","","","","","","","","","","SKIP","formato excluido: raíz distinta de <project>"
"4012788__FACUNDO_ROMERA4012788.xml","274","17","16","-1","4","6","97","134","257","258","152.99879999999996","159.5704","6135","OK",""
"4012791__Nelly_Araujo4012791.xml","12","2","2","0","4","4","5","8","10","10","5.541","4.497","48","OK",""
"4012797__FACUNDO_ROMERA4012797.xml","473","17","17","0","4","4","116","165","456","456","201.0363999999999","187.09839999999988","14910","OK",""
"4012798__Juan_Farsky4012798.xml","12","3","3","0","3","3","12","3","9","9","3.1396","1.9746000000000001","10","ERROR","multiset piezas; "
"4012825__Luciano_Torti4012825.xml","","","","","","","","","","","","","","SKIP","formato excluido: raíz distinta de <project>"
"4012835__Luciano_Torti4012835.xml","","","","","","","","","","","","","","SKIP","formato excluido: raíz distinta de <project>"
"4012851__Joaquin Ignacio_Escalante4012851.xml","66","7","7","0","7","6","55","56","59","59","46.28279999999999","41.304399999999994","629","OK",""
"4012860__ELSA_M4012860.xml","2","1","1","0","3","3","2","2","1","1","0.2975","0.2875","5","OK",""
"4012862__Andres_Branda4012862.xml","28","5","4","-1","4","6","18","17","23","24","18.7692","15.8626","111","OK",""
"4012863__Miriam_Dominguez4012863.xml","82","5","5","0","3","4","22","27","77","77","51.93879999999999","46.53879999999999","168","OK",""
"4012869__Joaquin Ignacio_Escalante4012869.xml","9","3","3","0","5","5","6","9","6","6","3.1664","2.6254","777","OK",""
"4012884__Miriam_Dominguez4012884.xml","68","4","4","0","4","3","18","23","64","64","41.53159999999999","40.18159999999999","147","OK",""
"4012886__Nelly_Araujo4012886.xml","12","2","2","0","3","4","11","11","10","10","4.263","3.433","44","OK",""
"4012889__VENTAS_EGGER RG4012889.xml","2","1","1","0","3","3","1","2","1","1","0.9086000000000001","0.9086000000000001","2","OK",""
"4012891__DAMIAN ANTONIO_GIORDANO4012891.xml","26","3","2","-1","4","5","15","13","23","24","14.755199999999999","15.776599999999997","267","OK",""
"4012895__AIDEE_MEJIA4012895.xml","33","1","1","0","4","6","14","24","32","32","11.5402","11.671200000000002","102","OK",""
"4012899__Jose_Nava4012899.xml","29","2","2","0","4","5","17","15","27","27","12.9015","13.046","264","OK",""
"4012902__Cesar Norberto_Molina 4012902.xml","","","","","","","","","","","","","","SKIP","formato excluido: raíz distinta de <project>"
"4012905__ELSA_M4012905.xml","1","1","","","","","","","","","","","0","ERROR","La pieza ""P1"" (2500×505 mm) no entra en una placa útil de 2495×1825 mm."
"4012908__ELSA_M4012908.xml","1","1","","","","","","","","","","","0","ERROR","La pieza ""P1"" (2500×602 mm) no entra en una placa útil de 2495×1825 mm."
"4012913__Dirleu_de Cristo4012913.xml","","","","","","","","","","","","","","SKIP","formato excluido: raíz distinta de <project>"
"4012928__izar.estudioarquitectura_izar.estudioarquitectura4012928.xml","14","3","3","0","4","5","10","13","11","11","10.275","10.3","67","OK",""
"4012929__Marcos_Palmiero4012929.xml","68","6","6","0","4","6","36","78","62","62","43.66179999999999","38.1862","980","OK",""
"4012931__Cesar Norberto_Molina 4012931.xml","","","","","","","","","","","","","","SKIP","formato excluido: raíz distinta de <project>"
"4012933__Christian_Lerin4012933.xml","16","2","2","0","4","5","12","9","14","14","12.3806","8.863599999999998","85","OK",""
"4012944__-_STARCK4012944.xml","11","3","3","0","3","4","4","8","8","8","3.6892000000000005","3.4522000000000004","21","OK",""
"4012955__Christian_Lerin4012955.xml","10","1","1","0","4","5","8","9","9","9","3.2156000000000002","2.6016000000000004","58","OK",""
"4012996__gloria adriana_cortines4012996.xml","12","1","1","0","4","5","8","8","11","11","5.6895","5.3395","48","OK",""
"4013014__Nelly_Araujo4013014.xml","12","3","3","0","4","4","7","8","9","9","9.2965","7.9435","52","OK",""
"4013016__paolo_leonardi4013016.xml","37","2","2","0","4","5","24","30","35","35","18.98999999999999","15.444999999999999","257","OK",""
"4013035__Gabriel_Echeverria4013035.xml","14","1","1","0","4","4","9","7","13","13","6.888","7.616","33","OK",""
"4013041__VENTAS_EGGER RG4013041.xml","31","2","2","0","4","5","17","17","29","29","15.056","13.7826","142","OK",""
"4013045__CAOBA_CAOBA4013045.xml","22","5","","","","","","","","","","","0","ERROR","La pieza ""P3"" (2600×530 mm) no entra en una placa útil de 2595×1825 mm."
"4013051__Adrian_SEIF4013051.xml","75","4","4","0","8","6","66","67","71","71","36.47359999999998","36.232399999999984","680","OK",""
"4013070__VENTAS_EGGER RG4013070.xml","3","1","1","0","3","3","2","2","2","2","1.8088","1.8088","2","OK",""
"4013075__Gabriel_Echeverria4013075.xml","17","2","2","0","4","5","12","17","15","15","9.38","7.966","69","OK",""
"4013090__Adrian_SEIF4013090.xml","6","1","1","0","4","6","6","8","5","5","4.362","2.732","34","OK",""
"4013097__Marcos_Palmiero4013097.xml","175","17","17","0","4","6","102","159","158","158","97.03119999999997","114.10279999999997","22035","OK",""
"4013101__Adrian_SEIF4013101.xml","75","4","4","0","7","6","50","58","71","71","39.49159999999999","33.982399999999984","687","OK",""
"4013105__Gabriel_Echeverria4013105.xml","6","1","1","0","4","4","6","4","5","5","1.527","1.525","19","OK",""
"4013115__Leticia_Olazagarre4013115.xml","","","","","","","","","","","","","","SKIP","formato excluido: raíz distinta de <project>"
"4013119__Leticia_Olazagarre4013119.xml","","","","","","","","","","","","","","SKIP","formato excluido: raíz distinta de <project>"
"4013147__Marcos_Palmiero4013147.xml","19","3","3","0","4","5","13","15","16","16","9.800400000000002","9.8304","88","OK",""
"4013148__Nelly_Araujo4013148.xml","5","1","1","0","4","4","5","5","4","4","1.16","1.147","23","OK",""
"4013196__damian_iglesias4013196.xml","3","1","1","0","3","3","3","3","2","2","1.4578","0.8907999999999999","6","OK",""
"4013242__Joel _Verber4013242.xml","","","","","","","","","","","","","","SKIP","formato excluido: raíz distinta de <project>"
"4013243__VICTOR_PRIETO4013243.xml","","","","","","","","","","","","","","SKIP","formato excluido: raíz distinta de <project>"
"4013251__Dinorah_Contreras4013251.xml","2","1","1","0","4","3","2","2","1","1","0.8835","0.4095","16","OK",""
"4013255__Joaquin Ignacio_Escalante4013255.xml","77","8","8","0","8","6","55","66","69","69","48.2818","31.755599999999998","6404","OK",""
"4013257__ESEICA_NEA4013257.xml","2","1","1","0","3","3","2","2","1","1","0.5893999999999999","0.5893999999999999","7","OK",""
"4013273__Joaquin Ignacio_Escalante4013273.xml","4","1","1","0","3","4","2","5","3","3","2.4212","2.2891999999999997","7","OK",""
"4013290__Karen_Crespo4013290.xml","26","1","1","0","4","5","15","16","25","25","9.983999999999995","7.768999999999995","79","OK",""
"4013301__Hector_Ruben Diaz4013301.xml","126","6","6","0","4","5","72","95","120","120","65.475","53.85139999999999","320","OK",""
"4013305__Karen_Crespo4013305.xml","19","1","1","0","3","5","8","12","18","18","10.601199999999997","8.143199999999997","76","OK",""
"4013309__Joaquin Ignacio_Escalante4013309.xml","9","2","2","0","5","5","4","6","7","7","4.7188","3.9688000000000003","42","OK",""
"4013352__Gustavo Antonio_Soda4013352.xml","34","5","5","0","4","6","25","39","29","29","18.3591","16.897100000000002","279","OK",""
"4013364__Alfredo_Soto4013364.xml","35","3","3","0","4","5","24","26","32","32","16.8332","17.087400000000002","406","OK",""
"4013365__ELSA_M4013365.xml","2","1","1","0","2","3","0","1","1","1","0.8045","0.8045","4","OK",""
"4013374__Alfredo_Soto4013374.xml","36","4","4","0","4","6","32","50","32","32","17.184199999999997","16.648","386","OK",""
"4013379__Alejandro_Monzon4013379.xml","7","1","1","0","4","3","5","5","6","6","4.660399999999999","2.1424000000000003","32","OK",""
"4013388__Adrian_Maru4013388.xml","7","1","1","0","4","4","3","5","6","6","2.9264","0.9396","11","OK",""
"4013390__Gustavo Antonio_Soda4013390.xml","7","1","1","0","4","4","4","8","6","6","4.522399999999999","2.1338999999999997","27","OK",""
"4013391__Diego_Villalba4013391.xml","4","1","1","0","3","3","4","4","3","3","0.7632000000000001","0.7632000000000001","5","OK",""
"4013424__emporio_madera4013424.xml","","","","","","","","","","","","","","SKIP","formato excluido: raíz distinta de <project>"
"4013429__gloria adriana_cortines4013429.xml","7","1","1","0","3","3","3","3","6","6","2.927","2.927","6","OK",""
"4013432__Luciano Roman_Cortez4013432.xml","54","2","2","0","4","6","36","46","52","52","25.169799999999988","22.48619999999999","227","OK",""
"4013443__Alejandro_Monzon4013443.xml","9","1","1","0","4","6","9","10","8","8","3.3057000000000003","2.1962","46","OK",""
"4013445__FANY_PUENTE4013445.xml","4","2","","","","","","","","","","","0","ERROR","La pieza ""P2"" (2440×460 mm) no entra en una placa útil de 2435×1215 mm."
"4013449__Gabriel_Gava4013449.xml","20","2","2","0","4","6","16","19","18","18","7.929199999999999","7.586199999999997","1213","OK",""
"4013461__Marcelo David_Alperin4013461.xml","12","1","1","0","3","3","3","2","11","11","5.2984","5.1484","24","OK",""
"4013469__Agustin_Picco4013469.xml","13","1","1","0","4","5","6","11","12","12","6.490799999999999","4.0861","59","OK",""
"4013482__FANY_PUENTE4013482.xml","13","1","1","0","3","3","3","3","12","12","4.845","4.544","14","OK",""
"4013495__Mariano_Centeno Crowley4013495.xml","22","1","1","0","4","4","7","13","21","21","10.076899999999997","4.4109","72","OK",""
"4013514__ARQUIMAX MOSTRADOR_RESISTENCIA4013514.xml","9","1","1","0","4","4","6","6","8","8","5.672","3.332","9","OK",""
"4013525__Hugo_Quezada4013525.xml","41","3","3","0","4","6","28","34","38","38","25.400399999999994","20.9656","413","OK",""
"4013535__Hugo_Quezada4013535.xml","4","1","1","0","4","6","2","5","3","3","2.3312","1.1646","6","OK",""
"4013541__alexandra_de la fuente hernandez4013541.xml","14","2","","","","","","","","","","","0","ERROR","La pieza ""P6"" (2440×300 mm) no entra en una placa útil de 2435×1215 mm."
"4013547__Alfredo_Silva4013547.xml","26","2","1","-1","4","5","12","12","24","25","13.080599999999997","14.373999999999997","233","OK",""
"4013552__FANY_PUENTE4013552.xml","12","2","","","","","","","","","","","0","ERROR","La pieza ""P1"" (2440×700 mm) no entra en una placa útil de 2435×1215 mm."
"4013554__Matias_Mariangeli4013554.xml","","","","","","","","","","","","","","SKIP","formato excluido: raíz distinta de <project>"
"4013560__ESEICA NEA_NEA4013560.xml","31","2","2","0","6","5","26","18","29","29","15.103199999999996","17.963599999999996","158","OK",""
"4013572__KAHNS_TECNICO4013572.xml","85","7","7","0","4","6","58","129","78","78","56.24219999999999","42.46139999999998","11705","OK",""
"4013573__Mariano_Centeno Crowley4013573.xml","22","1","1","0","4","4","7","13","21","21","10.076899999999997","4.4109","100","OK",""
"4013579__KAHNS_TECNICO4013579.xml","8","2","2","0","4","4","7","8","6","6","6.2214","3.9233999999999996","37","OK",""
"4013581__Matias_Mariangeli4013581.xml","","","","","","","","","","","","","","SKIP","formato excluido: raíz distinta de <project>"
"4013584__Ramiro_Montes4013584.xml","28","1","1","0","4","5","9","11","27","27","11.2215","7.4815","103","OK",""
"4013605__Leonardo_smoglie4013605.xml","2","1","1","0","3","3","3","2","2","1","0.8288","0.4144","2","OK",""
"4013632__alexandra_de la fuente hernandez4013632.xml","10","1","1","0","3","4","5","7","9","9","4.5205","3.5155","38","OK",""
"4013653__Fabrizio_Leiva4013653.xml","50","1","1","0","4","5","22","31","49","49","17.759599999999992","11.89159999999999","280","OK",""
"4013656__ARQUIMAX MOSTRADOR_RESISTENCIA4013656.xml","12","1","1","0","4","6","7","17","11","11","6.286","8.174","332","OK",""
"4013666__jonathan_cardozo4013666.xml","27","2","2","0","4","5","17","22","25","25","12.129","11.359","162","OK",""
"4013669__ARQUIMAX MOSTRADOR_RESISTENCIA4013669.xml","8","1","1","0","4","4","3","4","7","7","4.399","3.044","10","OK",""
"4013683__Matias Guillermo_Mattus Fernandez Cendoya4013683.xml","5","2","2","0","3","2","5","0","3","3","1.9521999999999997","1.9362","6","ERROR","multiset piezas; "
"4013686__Mega_Maderas4013686.xml","12","2","2","0","4","4","7","7","10","10","7.0760000000000005","5.037","45","OK",""
"4013697__Dinorah_Contreras4013697.xml","68","7","7","0","4","5","40","38","61","61","31.6005","34.6355","6072","OK",""
"4013703__fernando_oyola4013703.xml","52","3","3","0","4","6","36","49","49","49","31.956599999999995","24.647599999999994","443","OK",""
"4013707__fernando_oyola4013707.xml","44","3","3","0","4","6","28","31","41","41","25.606399999999994","23.3844","249","ERROR","multiset piezas; "
"4013708__Mega_Maderas4013708.xml","55","5","5","0","4","6","30","74","50","50","24.22","26.034999999999997","397","OK",""
"4013716__Andres_Silva4013716.xml","53","4","4","0","4","6","32","31","49","49","27.443399999999993","26.9716","292","OK",""
"4013739__Ricardo_Salomon4013739.xml","29","5","4","-1","3","6","13","27","24","25","19.0106","18.04","45","OK",""
"4013752__LUCILA_PEREZ4013752.xml","14","2","2","0","4","3","7","7","12","12","9.4528","8.952800000000002","23","OK",""
"4013759__Ricardo_Salomon4013759.xml","10","1","1","0","4","6","5","9","9","9","3.2396","2.6328000000000005","29","OK",""
"4013769__Ramon_Mata4013769.xml","2","1","","","","","","","","","","","0","ERROR","La pieza ""P1"" (2440×605 mm) no entra en una placa útil de 2435×1215 mm."
"4013786__lucas_iribarren4013786.xml","","","","","","","","","","","","","","SKIP","formato excluido: raíz distinta de <project>"
"4013787__VENTAS_EGGER RG4013787.xml","1","1","1","0","3","3","1","1","0","0","0","0","3","OK",""
"4013792__dariosm78_dariosm784013792.xml","79","8","8","0","4","6","45","54","71","71","58.367","41.064","8099","OK",""
"4013794__dariosm78_dariosm784013794.xml","79","8","8","0","4","6","45","54","71","71","58.367","41.064","8185","OK",""
"4013822__Miriam_Dominguez4013822.xml","41","4","4","0","4","6","16","22","37","37","21.940799999999996","20.3408","172","OK",""
"4013834__Nelly_Araujo4013834.xml","12","2","2","0","3","4","4","8","10","10","4.271","4.497","41","OK",""
"4013845__Nelly_Araujo4013845.xml","13","2","2","0","4","6","10","15","11","11","6.9245","4.8615","67","OK",""
"4013847__Miriam_Dominguez4013847.xml","20","2","2","0","4","6","10","17","18","18","7.4162","7.2092","112","ERROR","multiset piezas; "
"4013854__Maximiliano_Santoro4013854.xml","8","1","1","0","4","4","5","9","7","7","3.9708000000000006","3.1758","34","OK",""
"4013875__dariosm78_dariosm784013875.xml","73","7","7","0","4","5","42","42","66","66","54.158","43.328","622","OK",""
"4013880__dariosm78_dariosm784013880.xml","73","7","7","0","4","5","42","42","66","66","54.158","43.328","638","OK",""
"4013916__alexandra_de la fuente hernandez4013916.xml","22","6","6","0","4","5","12","22","16","16","12.392","11.007","3493","OK",""
"4013919__Nelly_Araujo4013919.xml","13","2","2","0","4","6","10","15","11","11","6.9245","4.8615","63","OK",""
"4013924__Pablo_Arias4013924.xml","6","2","2","0","4","4","6","7","4","4","3.2165","1.0915","16","OK",""
"4013925__alexandra_de la fuente hernandez4013925.xml","22","6","6","0","4","5","12","22","16","16","12.392","11.007","2941","OK",""
"4013932__Analia_Pinter4013932.xml","13","1","1","0","4","6","9","18","12","12","8.615799999999997","6.772799999999999","75","OK",""
"4013952__alexandra_de la fuente hernandez4013952.xml","140","9","9","0","4","6","70","111","131","131","57.2095","56.883","251","OK",""
"4013969__alexandra_de la fuente hernandez4013969.xml","43","10","9","-1","4","6","27","48","33","34","30.8355","26.7855","8059","OK",""
"4013977__Pedro_Perez4013977.xml","3","2","2","0","3","3","3","3","1","1","0.6045","0.6045","6","OK",""
"4013979__alexandra_de la fuente hernandez4013979.xml","2","1","1","0","4","6","2","5","1","1","1.4645","0.5745","44","OK",""
"4013981__Dinorah_Contreras4013981.xml","8","1","1","0","3","4","4","8","7","7","3.8395","3.5915","23","OK",""
"4013982__Javier_Alaniz4013982.xml","","","","","","","","","","","","","","SKIP","formato excluido: raíz distinta de <project>"
"4013990__Dinorah_Contreras4013990.xml","6","1","1","0","3","3","3","2","5","5","2.2425","2.1825","16","OK",""
"4013994__alexandra_de la fuente hernandez4013994.xml","140","9","9","0","4","6","70","111","131","131","57.2095","56.883","218","OK",""
"4014001__gomez german_GOMEZ4014001.xml","1","1","1","0","2","2","0","0","0","0","0","0","1","OK",""
"4014004__EDWIN_MOLINA4014004.xml","","","","","","","","","","","","","","SKIP","formato excluido: raíz distinta de <project>"
"4014010__EDWIN_MOLINA4014010.xml","","","","","","","","","","","","","","SKIP","formato excluido: raíz distinta de <project>"
"4014011__Nelly_Araujo4014011.xml","11","3","3","0","3","3","5","8","8","8","3.026","3.026","39","OK",""
"4014016__Nelly_Araujo4014016.xml","11","3","3","0","3","3","5","8","8","8","3.15","3.15","40","OK",""
"4014017__Pedro_Perez4014017.xml","15","3","3","0","4","4","10","10","12","12","7.319","6.015","153","OK",""
"4014019__Juan_Olmos4014019.xml","61","2","2","0","4","6","38","53","59","59","25.13459999999999","21.863599999999984","638","OK",""
"4014043__Oziel_Reyes4014043.xml","14","1","1","0","4","5","8","11","13","13","5.812300000000001","5.593500000000001","93","OK",""
"4014053__Oziel_Reyes4014053.xml","13","1","1","0","4","5","8","13","12","12","5.048399999999999","4.9197","43","OK",""
"4014058__Fernando _VICINI4014058.xml","","","","","","","","","","","","","","SKIP","formato excluido: raíz distinta de <project>"
"4014071__Oziel_Reyes4014071.xml","13","1","1","0","4","5","8","13","12","12","5.047999999999999","4.9193","57","OK",""
"4014073__Fernando _VICINI4014073.xml","","","","","","","","","","","","","","SKIP","formato excluido: raíz distinta de <project>"
"4014077__Diana_Rodriguez4014077.xml","45","4","4","0","4","4","15","21","41","41","18.011699999999998","17.606099999999998","203","OK",""
"4014094__VENTAS_EGGER RG4014094.xml","5","1","1","0","4","5","4","8","4","4","2.5676000000000005","1.1276","22","OK",""
"4014100__Diana_Rodriguez4014100.xml","8","1","1","0","4","4","5","8","7","7","4.5459","2.8975","28","OK",""
"4014104__Mega_Maderas4014104.xml","26","2","2","0","4","4","19","13","24","24","15.587599999999998","9.597599999999998","197","OK",""
"4014112__Mega_Maderas4014112.xml","5","1","1","0","4","4","3","4","4","4","3.3343999999999996","1.9544000000000001","10","OK",""
"4014118__Diana_Rodriguez4014118.xml","8","1","1","0","4","4","4","10","7","7","2.5095","1.9155","23","OK",""
"4014127__Fernando _VICINI4014127.xml","","","","","","","","","","","","","","SKIP","formato excluido: raíz distinta de <project>"
"4014145__Oziel_Reyes4014145.xml","13","1","1","0","4","6","8","27","12","12","5.047999999999999","5.117999999999999","47","OK",""
"4014170__MAGDA_ESPINOZA4014170.xml","70","10","10","0","4","6","46","65","60","60","36.6244","36.682199999999995","11292","OK",""
"4014197__MAGDA_ESPINOZA4014197.xml","7","2","2","0","3","6","3","10","5","5","4.648899999999999","3.7943","33","OK",""
"4014199__Luis_Mendez4014199.xml","2","1","1","0","3","4","2","2","1","1","0.3645","0.3645","9","OK",""
"4014208__Matias_Sotomayor4014208.xml","56","3","3","0","4","5","24","28","53","53","26.668199999999988","23.83919999999999","357","OK",""
"4014215__MAGDA_ESPINOZA4014215.xml","7","1","1","0","3","4","4","7","6","6","4.2021999999999995","0.9222","18","OK",""
"4014224__BRAIAN_MEDINA4014224.xml","48","3","3","0","6","4","32","29","45","45","20.596399999999996","19.575999999999993","281","OK",""
"4014245__gloria adriana_cortines4014245.xml","4","1","1","0","3","4","2","2","3","3","2.4385","1.8285","5","OK",""
"4014269__gaston_rostro4014269.xml","29","3","3","0","4","4","19","22","26","26","17.757399999999997","13.6154","202","OK",""
"4014277__DIANA_DIAZ4014277.xml","73","12","12","0","4","5","48","47","61","61","44.875299999999996","43.2911","13395","OK",""
"4014291__Emmanuel Gaston_Acuna4014291.xml","12","1","1","0","4","4","9","9","11","11","7.795899999999998","5.546399999999999","30","OK",""
"4014299__DIANA_DIAZ4014299.xml","66","12","11","-1","4","6","38","46","54","55","42.6054","42.061499999999995","10251","OK",""
"4014303__BRAIAN_MEDINA4014303.xml","150","8","8","0","8","6","109","111","142","142","77.20069999999998","72.35739999999998","12330","OK",""
"4014316__BRAIAN_MEDINA4014316.xml","14","2","2","0","7","4","12","11","12","12","10.4807","8.316799999999999","79","OK",""
"4014319__Fernando_Lerena4014319.xml","","","","","","","","","","","","","","SKIP","formato excluido: raíz distinta de <project>"
"4014320__Cristian_Quinteros4014320.xml","62","5","5","0","4","6","34","83","57","57","38.23629999999999","30.61179999999999","379","OK",""
"4014329__DIANA_DIAZ4014329.xml","14","3","","","","","","","","","","","0","ERROR","La pieza ""P4"" (2440×130 mm) no entra en una placa útil de 2435×1215 mm."
"4014339__VENTAS_EGGER RG4014339.xml","6","1","1","0","4","6","5","7","5","5","3.4220000000000006","2.6164000000000005","15","OK",""
"4014347__BRAIAN_MEDINA4014347.xml","62","7","7","0","6","6","34","39","55","55","42.3854","29.66879999999999","4462","OK",""
"4014352__Maximiliano_Santoro4014352.xml","6","1","1","0","3","3","2","2","5","5","2.7220000000000004","1.522","7","OK",""
"4014368__Cristian_Quinteros4014368.xml","56","6","6","0","4","6","38","51","50","50","37.6705","36.962900000000005","671","OK",""
"4014369__Dinorah_Contreras4014369.xml","22","3","3","0","4","4","12","20","19","19","11.3315","9.9195","152","OK",""
"4014377__Jose_Escobar4014377.xml","15","3","3","0","4","5","8","12","12","12","11.024","12.4","78","OK",""
"4014409__Dinorah_Contreras4014409.xml","12","3","2","-1","4","6","9","11","9","10","5.6955","4.288","60","OK",""
"4014410__Dinorah_Contreras4014410.xml","12","2","2","0","4","6","7","19","10","10","7.178","6.843","45","OK",""
"4014411__Dinorah_Contreras4014411.xml","12","2","2","0","4","6","8","19","10","10","5.623","6.843","46","OK",""
"4014421__Cristian_Quinteros4014421.xml","43","4","4","0","4","6","37","44","39","39","25.3416","24.8541","6299","OK",""
"4014429__Mega_Maderas4014429.xml","27","2","2","0","4","4","13","21","25","25","12.853999999999996","9.923999999999998","244","OK",""
"4014446__Cristian_Quinteros4014446.xml","4","2","2","0","4","3","3","4","2","2","1.5288","1.5288","305","OK",""
"4014462__gloria adriana_cortines4014462.xml","7","1","1","0","4","4","2","8","6","6","2.652","2.552","20","OK",""
"4014471__Nelly_Araujo4014471.xml","48","5","","","","","","","","","","","0","ERROR","La pieza ""P8"" (2440×550 mm) no entra en una placa útil de 2435×1215 mm."
"4014489__MATIAS_KEBIN4014489.xml","39","2","2","0","5","5","21","24","37","37","17.166399999999996","13.370799999999997","170","OK",""
"4014503__Mega_Maderas4014503.xml","4","1","1","0","4","4","3","5","3","3","2.0382","1.8871999999999998","42","OK",""
"4014510__sebastian_gonzalez4014510.xml","24","2","2","0","4","5","17","19","23","22","14.512199999999998","11.431799999999996","135","OK",""
"4014522__Mega_Maderas4014522.xml","4","1","1","0","4","4","3","5","3","3","2.0382","1.8871999999999998","22","OK",""
"4014562__Cesar_Carpintero4014562.xml","45","5","5","0","4","5","34","37","40","40","21.365800000000004","19.5754","452","OK",""
"4014574__dario.siciliani_dario.siciliani4014574.xml","18","1","1","0","4","4","12","16","17","17","7.319","6.553","81","OK",""
"4014584__dario.siciliani_dario.siciliani4014584.xml","18","1","1","0","4","4","12","16","17","17","7.319","6.553","84","OK",""
"4014588__dario.siciliani_dario.siciliani4014588.xml","18","1","1","0","4","4","12","16","17","17","7.335","6.569","93","OK",""
"4014618__Nelly_Araujo4014618.xml","15","1","","","","","","","","","","","0","ERROR","La pieza ""P6"" (2440×50 mm) no entra en una placa útil de 2435×1215 mm."
"4014644__Nelly_Araujo4014644.xml","15","1","","","","","","","","","","","0","ERROR","La pieza ""P6"" (2440×50 mm) no entra en una placa útil de 2435×1215 mm."
"4014653__juanbogace_juanbogace4014653.xml","7","1","1","0","4","6","4","5","6","6","2.77","0.715","27","OK",""
"4014674__Pedro_Pereda4014674.xml","22","2","2","0","4","6","17","20","20","20","10.758","7.465","82","OK",""
"4014683__Cesar_Carpintero4014683.xml","27","2","2","0","4","4","11","16","25","25","11.324","7.835400000000002","110","OK",""
"4014684__Marcelo_Gauna4014684.xml","84","3","3","0","6","6","58","79","81","81","35.73239999999998","27.302399999999984","766","OK",""
"4014688__juanbogace_juanbogace4014688.xml","11","1","1","0","4","6","7","20","10","10","5.666","3.4","51","OK",""
"4014698__Abel_puga4014698.xml","11","1","1","0","4","6","6","16","10","10","4.78","4.024","58","OK",""
"4014702__Marcelo_Gauna4014702.xml","58","1","1","0","5","5","15","48","57","57","20.967800000000008","12.556799999999987","291","OK",""
"4014705__Mega_Maderas4014705.xml","50","3","3","0","4","4","22","17","47","47","21.293799999999997","16.591799999999996","184","OK",""
"4014718__Mega_Maderas4014718.xml","50","3","3","0","4","4","22","17","47","47","21.293799999999997","16.591799999999996","202","OK",""
"4014735__ELSA_M4014735.xml","12","2","2","0","3","3","5","5","10","10","10.115","8.665","29","OK",""
"4014753__Geronimo_Porta4014753.xml","","","","","","","","","","","","","","SKIP","formato excluido: raíz distinta de <project>"
"4014761__Cesar_Carpintero4014761.xml","56","7","7","0","4","5","24","46","49","49","17.7824","18.901","334","OK",""
"4014768__mxd_mxd4014768.xml","28","2","2","0","4","5","18","19","26","26","11.353","11.946","120","OK",""
"4014788__Mega_Maderas4014788.xml","20","2","3","1","4","6","13","17","18","17","11.3286","6.9338","1339","OK",""
"4014810__Mega_Maderas4014810.xml","56","6","6","0","4","6","33","51","50","50","27.0348","25.691200000000002","5887","OK",""
"4014823__dariosm78_dariosm784014823.xml","74","7","7","0","4","6","40","56","67","67","52.373","37.014","7557","OK",""
"4014824__dariosm78_dariosm784014824.xml","74","7","7","0","4","6","40","56","67","67","52.373","37.014","7458","OK",""
"4014826__dario.siciliani_dario.siciliani4014826.xml","15","1","1","0","3","3","1","15","14","14","0.77","0.77","21","OK",""
"4014827__dario.siciliani_dario.siciliani4014827.xml","15","1","1","0","3","3","15","15","14","14","0.77","0.77","30","OK",""
"4014842__dariosm78_dariosm784014842.xml","76","7","7","0","4","6","43","58","69","69","51.43","46.133","546","OK",""
"4014843__dariosm78_dariosm784014843.xml","76","7","7","0","4","6","43","58","69","69","51.43","46.133","559","OK",""
"4014881__GUSTAVO JAVIER_DE LEONE4014881.xml","21","2","2","0","4","5","16","18","19","19","8.212599999999998","6.785100000000001","137","OK",""
"4014900__GUSTAVO JAVIER_DE LEONE4014900.xml","5","1","1","0","3","4","3","3","5","4","2.834999999999999","1.1165999999999998","7","OK",""
"4014930__Mariano_Eugster4014930.xml","90","5","5","0","4","5","31","35","85","85","31.883999999999993","31.44899999999999","256","OK",""
"4014931__dario.siciliani_dario.siciliani4014931.xml","62","3","3","0","4","5","32","42","59","59","32.82","29.115","526","OK",""
"4014941__dario.siciliani_dario.siciliani4014941.xml","8","1","1","0","3","3","2","3","7","7","4.805","4.245","31","OK",""
"4014949__lucas_ginestar4014949.xml","33","3","3","0","4","6","14","25","30","30","20.488499999999995","15.916","137","OK",""
"4014957__luis_vallina4014957.xml","","","","","","","","","","","","","","SKIP","formato excluido: raíz distinta de <project>"
"4014963__luis_vallina4014963.xml","","","","","","","","","","","","","","SKIP","formato excluido: raíz distinta de <project>"
"4014965__florencia_hernandez4014965.xml","81","4","4","0","4","6","51","64","77","77","48.92629999999999","45.427499999999995","670","OK",""
"4014973__Omar_Ast4014973.xml","19","1","1","0","6","5","18","16","18","18","8.624999999999998","9.276599999999997","176","OK",""
"4014990__Ramiro_Hernandez4014990.xml","17","1","1","0","4","5","8","7","16","16","7.044399999999998","4.1804000000000014","72","OK",""
"4014991__MIGUEL ANGEL_QUIROZ4014991.xml","41","5","5","0","4","6","21","35","36","36","23.99","19.698","3303","OK",""
"4014994__Felipe_Aranda4014994.xml","","","","","","","","","","","","","","SKIP","formato excluido: raíz distinta de <project>"
"4015012__Roberto_Martinez4015012.xml","","","","","","","","","","","","","","SKIP","formato excluido: raíz distinta de <project>"
"4015016__Roberto_Martinez4015016.xml","","","","","","","","","","","","","","SKIP","formato excluido: raíz distinta de <project>"
"4015019__Felipe_Aranda4015019.xml","","","","","","","","","","","","","","SKIP","formato excluido: raíz distinta de <project>"
"4015023__Felipe_Aranda4015023.xml","","","","","","","","","","","","","","SKIP","formato excluido: raíz distinta de <project>"
"4015028__Javier_Carignano4015028.xml","49","4","4","0","4","6","29","69","45","45","31.411999999999992","28.661999999999992","490","ERROR","multiset piezas; "
"4015037__Sergio_Garcia Martinez4015037.xml","30","2","","","","","","","","","","","0","ERROR","La pieza ""P1"" (2440×620 mm) no entra en una placa útil de 2435×1215 mm."
"4015052__Sergio_Garcia Martinez4015052.xml","36","3","","","","","","","","","","","0","ERROR","La pieza ""P1"" (2440×620 mm) no entra en una placa útil de 2435×1215 mm."
"4015055__Javier_Carignano4015055.xml","2","1","1","0","4","4","2","2","1","1","2.1744","0.4044","9","OK",""
"4015057__Roberto_Martinez4015057.xml","","","","","","","","","","","","","","SKIP","formato excluido: raíz distinta de <project>"
"4015077__alejandro_carnevale4015077.xml","","","","","","","","","","","","","","SKIP","formato excluido: raíz distinta de <project>"
"4015087__alejandro_carnevale4015087.xml","","","","","","","","","","","","","","SKIP","formato excluido: raíz distinta de <project>"
"4015093__Francisco_Calderon4015093.xml","","","","","","","","","","","","","","SKIP","formato excluido: raíz distinta de <project>"
"4015109__MAGDA_ESPINOZA4015109.xml","70","9","9","0","4","4","50","44","61","61","35.2671","39.6151","8666","OK",""
"4015110__Pablo_Gomez4015110.xml","","","","","","","","","","","","","","SKIP","formato excluido: raíz distinta de <project>"
"4015114__MAGDA_ESPINOZA4015114.xml","7","2","2","0","3","3","3","4","5","5","4.6189","3.7943","33","OK",""
"4015125__Martin_Tissera4015125.xml","124","4","4","0","4","6","69","106","120","120","54.225","51.420599999999986","271","OK",""
"4015132__Juan Pablo_Tonini4015132.xml","","","","","","","","","","","","","","SKIP","formato excluido: raíz distinta de <project>"
"4015133__Juan Pablo_Tonini4015133.xml","","","","","","","","","","","","","","SKIP","formato excluido: raíz distinta de <project>"
"4015134__Juan Pablo_Tonini4015134.xml","","","","","","","","","","","","","","SKIP","formato excluido: raíz distinta de <project>"
"4015135__Juan Pablo_Tonini4015135.xml","","","","","","","","","","","","","","SKIP","formato excluido: raíz distinta de <project>"
"4015136__Juan Pablo_Tonini4015136.xml","","","","","","","","","","","","","","SKIP","formato excluido: raíz distinta de <project>"
"4015138__MAGDA_ESPINOZA4015138.xml","7","1","1","0","3","4","4","7","6","6","4.1122","0.9222","24","OK",""
"4015144__BRENDA MEDINA_medina4015144.xml","14","3","3","0","4","4","8","13","11","11","8.0767","7.1375","1128","OK",""
"4015145__BRENDA MEDINA_medina4015145.xml","26","5","5","0","4","6","16","21","21","21","13.5045","13.0945","3430","OK",""
"4015183__Agustin_Aliaga4015183.xml","31","4","4","0","4","6","19","22","27","27","20.311799999999995","16.5098","300","ERROR","multiset piezas; "
"4015191__Agustin_Aliaga4015191.xml","17","2","2","0","4","5","14","15","15","15","8.338","7.493","84","OK",""
"4015234__Gabriel_Gava4015234.xml","55","3","3","0","4","5","34","37","52","52","27.587799999999987","24.777199999999997","329","OK",""
"4015237__Gabriel_Gava4015237.xml","29","2","2","0","4","4","16","19","28","27","12.070199999999996","10.468799999999998","169","OK",""
"4015241__diego alberto_modon4015241.xml","48","3","3","0","4","4","29","28","45","45","29.526999999999997","22.261999999999997","255","OK",""
"4015245__Pablo_Jauregui4015245.xml","11","1","1","0","3","3","3","3","10","10","5.570999999999998","5.570999999999998","27","OK",""
"4015250__Pablo_Jauregui4015250.xml","10","1","1","0","4","5","6","6","9","9","4.849600000000001","3.7300000000000004","36","OK",""
"4015262__alejandro_carnevale4015262.xml","","","","","","","","","","","","","","SKIP","formato excluido: raíz distinta de <project>"
"4015265__Pablo_Jauregui4015265.xml","20","1","1","0","4","5","5","17","19","19","10.218599999999999","10.4386","257","OK",""
"4015270__Wilson_Goi4015270.xml","104","5","5","0","7","6","83","86","99","99","53.48579999999999","50.72519999999998","924","OK",""
"4015273__Luciano_Brunelli4015273.xml","40","3","3","0","4","5","26","24","37","37","28.406799999999997","22.932799999999993","164","OK",""
"4015277__Luciano_Brunelli4015277.xml","4","1","1","0","3","3","2","2","3","3","1.8132","1.8132","3","OK",""
"4015278__Pablo_Jauregui4015278.xml","19","1","1","0","3","4","5","5","18","18","10.153199999999995","9.0802","218","OK",""
"4015279__Pedro_Pliachikas4015279.xml","12","1","1","0","4","4","4","5","11","11","6.4963999999999995","4.5524000000000004","19","OK",""
"4015281__Danilo_Gonzalez4015281.xml","","","","","","","","","","","","","","SKIP","formato excluido: raíz distinta de <project>"
"4015282__Danilo_Gonzalez4015282.xml","","","","","","","","","","","","","","SKIP","formato excluido: raíz distinta de <project>"
"4015283__Pablo_Jauregui4015283.xml","10","1","1","0","4","4","8","9","9","9","7.1126000000000005","5.980599999999998","36","OK",""
"4015284__Pablo_Jauregui4015284.xml","9","1","1","0","4","5","5","5","8","8","6.276199999999999","5.0362","19","OK",""
"4015286__Pedro_Pliachikas4015286.xml","11","1","1","0","3","3","5","5","10","10","3.088","3.088","8","OK",""
"4015287__paolo_leonardi4015287.xml","89","5","5","0","4","5","37","80","84","84","29.88059999999999","21.95259999999999","5598","OK",""
"4015289__Pablo_Jauregui4015289.xml","5","1","1","0","3","3","2","2","4","4","3.9346000000000005","2.0025999999999997","11","OK",""
"4015290__MATIAS_KEBIN4015290.xml","7","1","1","0","5","5","5","8","6","6","4.7264","3.2764","22","OK",""
"4015291__Pedro_Pliachikas4015291.xml","9","1","1","0","4","4","5","5","8","8","5.2722","4.0632","26","OK",""
"4015294__Pablo_Jauregui4015294.xml","6","1","1","0","4","6","5","11","5","5","3.562","3.127","26","OK",""
"4015297__Pablo_Jauregui4015297.xml","3","1","1","0","3","3","3","1","2","2","1.3738","0.8887999999999999","6","OK",""
"4015307__Pablo_Jauregui4015307.xml","14","1","1","0","4","6","10","24","13","13","9.803199999999999","4.8812","56","OK",""
"4015309__Walter_Monzon4015309.xml","29","3","3","0","4","6","22","38","26","26","21.2142","18.053199999999997","225","OK",""
"4015312__Walter_Monzon4015312.xml","28","1","1","0","4","4","18","25","27","27","13.228399999999999","7.594","104","OK",""
"4015315__Gonzalo_Irisarri4015315.xml","1","1","1","0","3","3","1","1","0","0","0","0","2","OK",""
"4015323__Bellos_Amoblamientos4015323.xml","24","2","2","0","4","6","20","21","22","22","13.3508","11.807799999999999","218","OK",""
"4015324__alejandro_carnevale4015324.xml","","","","","","","","","","","","","","SKIP","formato excluido: raíz distinta de <project>"
"4015325__alejandro_carnevale4015325.xml","","","","","","","","","","","","","","SKIP","formato excluido: raíz distinta de <project>"
"4015327__Walter_Monzon4015327.xml","93","6","6","0","4","6","57","67","87","87","47.09559999999999","42.1836","334","OK",""
"4015332__Nelson_Maldonado4015332.xml","11","1","1","0","4","5","5","7","10","10","6.985","3.748","47","OK",""
"4015359__Brimau_Amoblamientos4015359.xml","29","2","2","0","4","5","17","16","27","27","13.0438","12.702199999999998","148","OK",""
"4015377__MARIA EMILIA_PEREYRA ESQUIVEL4015377.xml","93","5","5","0","4","6","33","35","88","88","38.250199999999985","33.29819999999998","6167","OK",""
"4015378__Nelson_Maldonado4015378.xml","8","1","1","0","4","5","5","6","7","7","2.6248","2.4228","38","OK",""
"4015401__ruben_gualtieri_59_ruben_gualtieri_594015401.xml","7","2","2","0","4","4","6","7","5","5","4.02","4.02","28","OK",""
"4015421__jeremias manuel_sidoti4015421.xml","","","","","","","","","","","","","","SKIP","formato excluido: raíz distinta de <project>"
"4015426__MilimetroCero_MilimetroCero4015426.xml","273","21","21","0","4","6","124","203","252","252","138.51479999999998","169.13119999999998","17343","OK",""
"4015431__Nelson_Maldonado4015431.xml","8","1","1","0","4","5","5","6","7","7","2.6248","2.4228","40","OK",""
"4015432__Roberto_Martinez4015432.xml","","","","","","","","","","","","","","SKIP","formato excluido: raíz distinta de <project>"
"4015434__raul_oviedo4015434.xml","12","1","1","0","4","6","11","12","11","11","6.289899999999998","3.8459","57","OK",""
"4015439__Nelson_Maldonado4015439.xml","11","1","1","0","4","5","5","7","10","10","6.985","3.748","44","OK",""
"4015442__Francisco_Calderon4015442.xml","","","","","","","","","","","","","","SKIP","formato excluido: raíz distinta de <project>"
"4015443__Francisco_Aranda4015443.xml","31","2","2","0","8","6","24","43","29","29","16.027999999999995","15.730799999999995","156","OK",""
"4015447__Francisco_Aranda4015447.xml","2","1","1","0","4","4","2","2","1","1","0.7544","0.7544","3","OK",""
"4015466__Francisco_Calderon4015466.xml","","","","","","","","","","","","","","SKIP","formato excluido: raíz distinta de <project>"