archivo,piezas,ref,ours,delta,refLayer,ourLayer,refType2,ourType2,refMov,ourMov,refM,ourM,ms,estado,detalle
"4000012__gloria adriana_cortines4000012.xml","25","3","3","0","4","4","16","16","22","22","15.024","15.179","554","OK",""
"4000022__Diego_Morlino4000022.xml","48","4","4","0","4","4","31","41","44","44","37.18059999999999","32.9126","1017","OK",""
"4000032__gloria adriana_cortines4000032.xml","12","2","2","0","4","4","10","7","10","10","5.755","6.885","111","OK",""
"4000040__Martin_Quiroga4000040.xml","92","3","2","-1","4","5","41","27","89","90","39.596","32.112","904","OK",""
"4000044__Andrea_Almada4000044.xml","61","2","2","0","4","4","33","38","59","59","30.877599999999997","25.60840000000001","999","OK",""
"4000052__Martin_Quiroga4000052.xml","92","3","2","-1","4","5","41","27","89","90","39.588","32.106","977","OK",""
"4000053__Mega_Maderas4000053.xml","15","1","1","0","4","5","9","22","14","14","5.306599999999999","6.310599999999998","327","OK",""
"4000056__Ramiro_Hernandez4000056.xml","24","2","2","0","4","4","19","19","22","22","12.864799999999997","9.916799999999997","253","OK",""
"4000060__Cesar_Carpintero4000060.xml","78","10","10","0","4","4","53","95","68","68","35.9996","43.070800000000006","2458","OK",""
"4000062__Antonio_Franco4000062.xml","170","13","13","0","4","4","94","110","157","157","78.1575","79.8205","5856","OK",""
"4000074__ELSA_M4000074.xml","11","1","1","0","4","4","6","8","10","10","4.85","3.445","809","OK",""
"4000076__Ramiro_Hernandez4000076.xml","5","1","1","0","4","4","3","4","4","4","2.4716","1.6636","286","OK",""
"4000079__Dinorah_Contreras4000079.xml","9","1","1","0","4","4","8","7","8","8","4.152","3.1416000000000004","682","OK",""
"4000122__CARELY MARIA_MARTINEZ HERRERA4000122.xml","56","5","5","0","3","3","18","16","51","51","29.653000000000002","24.698800000000002","3442","OK",""
"4000145__Jose_Nava4000145.xml","20","1","1","0","3","4","11","12","19","19","4.6055","4.5155","865","OK",""
"4000195__Agustin _Fortunato 4000195.xml","","","","","","","","","","","","","","SKIP","formato excluido: raíz distinta de <project>"
"4000259__Mega_Maderas4000259.xml","57","5","5","0","4","4","23","25","52","52","30.651999999999994","29.858799999999995","4407","OK",""
"4000270__Mega_Maderas4000270.xml","23","3","3","0","4","3","9","17","20","20","11.422","9.039","833","OK",""
"4000310__Andrea_Almada4000310.xml","123","2","2","0","4","4","55","43","121","121","65.14800000000005","39.494000000000014","3198","OK",""
"4000325__Adrian _Ferrer4000325.xml","","","","","","","","","","","","","","SKIP","formato excluido: raíz distinta de <project>"
"4000335__mgmb10_mgmb104000335.xml","7","2","2","0","4","3","3","4","5","5","3.325","3.265","184","OK",""
"4000339__mgmb10_mgmb104000339.xml","7","2","2","0","4","3","3","4","5","5","3.325","3.265","271","OK",""
"4000357__Andrea_Almada4000357.xml","61","2","2","0","4","4","24","33","59","59","22.543999999999993","16.201400000000007","4358","OK",""
"4000375__Nelly_Araujo4000375.xml","33","1","1","0","4","4","28","20","32","32","8.757","10.712","1857","OK",""
"4000376__Mega_Maderas4000376.xml","16","5","5","0","3","4","9","9","11","11","9.1434","6.8984","11495","OK",""
"4000382__Nelly_Araujo4000382.xml","33","1","1","0","4","4","28","20","32","32","8.757","10.712","1922","OK",""
"4000393__Adrian _Ferrer4000393.xml","","","","","","","","","","","","","","SKIP","formato excluido: raíz distinta de <project>"
"4000417__Adrian _Ferrer4000417.xml","","","","","","","","","","","","","","SKIP","formato excluido: raíz distinta de <project>"
"4000428__Andrea_Almada4000428.xml","66","3","3","0","4","4","37","45","63","63","34.121","27.769800000000004","5507","OK",""
"4000431__Adrian _Ferrer4000431.xml","","","","","","","","","","","","","","SKIP","formato excluido: raíz distinta de <project>"
"4000444__snrodriguez_snrodriguez4000444.xml","43","4","4","0","4","4","22","25","39","39","26.932","31.049","2263","OK",""
"4000452__snrodriguez_snrodriguez4000452.xml","20","1","1","0","4","4","5","17","19","19","7.786","1.045","963","OK",""
"4000484__Ramiro_Montes4000484.xml","86","4","4","0","4","4","35","37","82","82","36.958","39.728","6317","OK",""
"4000487__Andrea_Almada4000487.xml","72","2","2","0","4","4","28","39","70","70","28.22119999999999","21.336599999999997","4210","OK",""
"4000507__Nelly_Araujo4000507.xml","8","1","1","0","3","3","2","8","7","7","3.0015","2.1315","357","OK",""
"4000509__Nelly_Araujo4000509.xml","12","1","1","0","3","3","3","7","11","11","4.5195","3.9495","513","OK",""
"4000518__lupita_lopez4000518.xml","9","1","1","0","3","3","3","2","8","8","4.4566","3.5655999999999994","464","OK",""
"4000530__alexandra_de la fuente hernandez4000530.xml","4","1","","","","","","","","","","","0","ERROR","La pieza ""P1"" (2440×400 mm) no entra en una placa útil de 2435×1215 mm."
"4000542__Adrian _Ferrer4000542.xml","","","","","","","","","","","","","","SKIP","formato excluido: raíz distinta de <project>"
"4000551__gloria adriana_cortines4000551.xml","16","3","3","0","4","3","9","8","13","13","10.0025","7.7785","660","OK",""
"4000552__Jair_Rivas4000552.xml","74","5","5","0","4","5","28","27","69","69","30.9205","19.5055","9807","OK",""
"4000556__christian_chavez4000556.xml","7","1","1","0","3","3","4","4","6","6","4.438","4.358","293","OK",""
"4000559__Jair_Rivas4000559.xml","21","3","3","0","4","5","13","30","18","18","12.271","12.479","2569","OK",""
"4000560__Jair_Rivas4000560.xml","18","3","3","0","4","4","13","12","15","15","13.5375","12.8435","1238","OK",""
"4000565__Carlos Gustavo_San Miguel4000565.xml","20","2","2","0","4","3","12","16","18","18","8.544399999999998","6.7032","1354","OK",""
"4000570__Jair_Rivas4000570.xml","11","1","1","0","3","3","2","2","10","10","4.354","4.354","314","OK",""
"4000591__gloria adriana_cortines4000591.xml","38","4","4","0","4","4","19","20","34","34","18.297","19.351","2659","OK",""
"4000592__CTO_PRETINI MUEBLES4000592.xml","35","2","2","0","4","4","29","20","33","33","18.715199999999996","21.058199999999996","1885","OK",""
"4000608__gloria adriana_cortines4000608.xml","3","1","1","0","3","3","2","2","2","2","1.326","1.27","86","OK",""
"4000614__Mega_Maderas4000614.xml","31","3","3","0","4","4","17","24","28","28","11.504599999999998","11.059199999999997","2263","OK",""
"4000616__Mega_Maderas4000616.xml","84","4","4","0","4","4","52","42","80","80","33.317","33.0828","4831","OK",""
"4000618__Mega_Maderas4000618.xml","44","2","2","0","4","4","31","35","42","42","13.352799999999998","13.335600000000001","3078","OK",""
"4000620__Mega_Maderas4000620.xml","45","2","2","0","4","4","36","33","43","43","13.157199999999994","16.6272","3114","OK",""
"4000622__alexandra_de la fuente hernandez4000622.xml","7","1","1","0","4","4","5","5","6","6","2.997","1.941","512","OK",""
"4000627__gloria adriana_cortines4000627.xml","3","1","1","0","3","3","2","2","2","2","1.3278","1.2724000000000002","175","OK",""
"4000633__Andrea_Almada4000633.xml","163","5","5","0","4","4","88","110","158","158","71.0618","65.67739999999999","13819","OK",""
"4000635__Carlos Gustavo_San Miguel4000635.xml","113","11","11","0","6","4","76","79","102","102","77.43879999999999","71.6048","9951","OK",""
"4000641__Nelly_Araujo4000641.xml","14","2","2","0","3","3","5","7","12","12","6.054","6.054","637","OK",""
"4000644__christian_chavez4000644.xml","7","1","1","0","3","3","4","4","6","6","4.438","4.358","332","OK",""
"4000657__Carlos Gustavo_San Miguel4000657.xml","47","1","1","0","5","5","18","17","46","46","11.736399999999989","14.916399999999987","3276","OK",""
"4000694__Andrea_Almada4000694.xml","16","2","2","0","4","4","16","11","14","14","9.3676","8.8926","1056","OK",""
"4000708__alexandra_de la fuente hernandez4000708.xml","6","1","1","0","4","4","4","5","5","5","3.8085","2.0435","267","OK",""
"4000720__alexandra_de la fuente hernandez4000720.xml","12","2","2","0","4","4","10","12","10","10","6.747","5.507","907","OK",""
"4000727__Martin_Quiroga4000727.xml","90","2","2","0","4","4","26","31","88","88","28.569","34.582","3938","OK",""
"4000729__lupita_lopez4000729.xml","20","3","3","0","4","4","17","11","17","17","10.5465","9.9365","1342","OK",""
"4000731__Franco_Mouzo4000731.xml","","","","","","","","","","","","","","SKIP","formato excluido: raíz distinta de <project>"
"4000737__Edgar Efrain_Renero Hernandez4000737.xml","85","8","8","0","4","4","49","43","77","77","41.307300000000005","46.0665","5765","OK",""
"4000750__Martin_Quiroga4000750.xml","24","2","2","0","4","4","13","12","22","22","12.682","11.155","1692","OK",""
"4000774__Paul_Vega4000774.xml","","","","","","","","","","","","","","SKIP","formato excluido: raíz distinta de <project>"
"4000776__Martin_Quiroga4000776.xml","22","2","2","0","4","4","10","13","20","20","12.402","13.728","1249","OK",""
"4000794__Edgar Efrain_Renero Hernandez4000794.xml","51","4","4","0","4","4","19","26","47","47","21.7237","19.4836","4004","OK",""
"4000798__Martin_Quiroga4000798.xml","22","2","2","0","4","4","10","13","20","20","12.402","13.728","1284","OK",""
"4000806__Mega_Maderas4000806.xml","81","8","8","0","4","4","44","45","73","73","42.21939999999999","38.426199999999994","6454","OK",""
"4000808__Mega_Maderas4000808.xml","24","3","3","0","4","4","14","18","21","21","10.4294","10.609399999999999","1883","ERROR","multiset piezas; "
"4000812__Mega_Maderas4000812.xml","8","3","3","0","4","3","7","5","5","5","4.512","3.672","5771","OK",""
"4000819__Nelly_Araujo4000819.xml","74","9","8","-1","4","4","54","51","65","66","34.6625","37.002","8434","OK",""
"4000820__Martin_Quiroga4000820.xml","25","2","2","0","4","4","13","10","23","23","13.642","8.93","1447","OK",""
"4000824__Martin_Quiroga4000824.xml","25","2","2","0","4","4","13","10","23","23","13.642","8.93","1438","OK",""
"4000828__Diego Ezequiel_Diaz Giunta4000828.xml","","","","","","","","","","","","","","SKIP","formato excluido: raíz distinta de <project>"
"4000853__Mega_Maderas4000853.xml","37","2","2","0","4","4","23","5","35","35","8.273999999999997","8.623999999999999","3979","ERROR","multiset piezas; "
"4000855__Mega_Maderas4000855.xml","4","1","1","0","3","3","3","1","3","3","1.0131999999999999","1.0131999999999999","110","ERROR","multiset piezas; "
"4000857__Martin_Quiroga4000857.xml","28","2","2","0","4","4","23","15","26","26","22.358","12.256","1980","OK",""
"4000860__Martin_Quiroga4000860.xml","25","2","2","0","4","4","13","10","23","23","13.642","8.93","2195","OK",""
"4000861__Isidro_Reyes4000861.xml","17","1","1","0","4","4","14","15","16","16","6.749599999999999","6.0454","1503","OK",""
"4000864__Nelly_Araujo4000864.xml","29","5","","","","","","","","","","","0","ERROR","La pieza ""P11"" (2440×70 mm) no entra en una placa útil de 2435×1215 mm."
"4000866__Martin_Quiroga4000866.xml","28","2","2","0","4","4","23","15","26","26","22.358","12.256","1886","OK",""
"4000868__Martin_Quiroga4000868.xml","28","2","2","0","4","4","23","15","26","26","22.358","12.256","1731","OK",""
"4000870__Isidro_Reyes4000870.xml","22","1","1","0","4","4","13","16","21","21","7.379699999999999","7.9341","1550","OK",""
"4000877__Martin_Quiroga4000877.xml","28","2","2","0","4","4","23","15","26","26","22.358","12.256","1737","OK",""
"4000884__Isidro_Reyes4000884.xml","35","2","2","0","4","4","24","15","33","33","12.433699999999996","15.411700000000002","2239","OK",""
"4000893__Mega_Maderas4000893.xml","27","2","2","0","4","4","12","19","25","25","8.928799999999999","7.428","1554","OK",""
"4000912__Nelly_Araujo4000912.xml","62","3","3","0","4","4","39","27","59","59","20.2815","23.3635","4534","OK",""
"4000917__Nelly_Araujo4000917.xml","22","2","2","0","4","4","13","23","20","20","9.31","7.38","1623","OK",""
"4000930__FANY_PUENTE4000930.xml","14","2","2","0","4","4","10","8","12","12","11.064","8.154","496","OK",""
"4000939__mariano_cenzano4000939.xml","30","3","3","0","4","4","16","19","27","27","17.323799999999995","16.698799999999995","3388","OK",""
"4001018__Alan martin_Flores Machado4001018.xml","20","1","1","0","4","4","11","13","19","19","8.753599999999997","7.433599999999998","1249","OK",""
"4001026__FANY_PUENTE4001026.xml","56","2","2","0","4","4","31","32","54","54","16.308","15.228","3721","OK",""
"4001039__Nayla_Augier4001039.xml","87","7","","","","","","","","","","","0","ERROR","La pieza ""P3"" (2600×600 mm) no entra en una placa útil de 2595×1825 mm."
"4001050__Nayla_Augier4001050.xml","14","3","3","0","4","3","10","8","11","11","7.344","8.089","774","OK",""
"4001063__Nayla_Augier4001063.xml","114","8","8","0","4","4","57","64","106","106","66.044","63.588","6677","OK",""
"4001084__Alan_Cruz4001084.xml","61","4","4","0","4","4","30","34","57","57","27.381199999999996","22.5252","5541","OK",""
"4001118__Florencia_Van kerckhoven4001118.xml","","","","","","","","","","","","","","SKIP","formato excluido: raíz distinta de <project>"
"4001124__Carlos Gustavo_San Miguel4001124.xml","91","8","8","0","6","4","66","53","83","83","50.5856","54.27119999999999","18542","OK",""
"4001144__Gustavo Antonio_Soda4001144.xml","9","1","1","0","4","4","6","6","8","8","3.8517","3.2016999999999998","655","OK",""
"4001187__Alan_Cruz4001187.xml","52","5","5","0","4","4","31","30","47","47","22.1872","26.7626","4549","OK",""
"4001191__Gustavo_Viglione4001191.xml","","","","","","","","","","","","","","SKIP","formato excluido: raíz distinta de <project>"
"4001192__dario.siciliani_dario.siciliani4001192.xml","4","1","1","0","3","3","2","2","3","3","2.825","1.87","84","OK",""
"4001195__Ruben_Cisneros4001195.xml","23","3","3","0","4","4","12","21","20","20","9.976399999999998","8.6822","1717","OK",""
"4001204__dario.siciliani_dario.siciliani4001204.xml","2","1","1","0","3","3","2","2","1","1","1.139","0.635","47","OK",""
"4001219__Marcos_Pagella4001219.xml","31","2","2","0","5","4","29","28","29","29","15.198599999999999","13.247099999999998","2139","OK",""
"4001223__Ruben_Cisneros4001223.xml","26","2","2","0","4","4","18","15","24","24","13.581599999999998","13.2494","1768","OK",""
"4001233__dario.siciliani_dario.siciliani4001233.xml","16","2","2","0","4","3","7","9","14","14","8.35","8.19","700","OK",""
"4001236__Pablo Hernan_Ursino4001236.xml","43","3","3","0","4","4","28","27","40","40","21.934399999999997","20.447599999999994","2976","OK",""
"4001243__gloria adriana_cortines4001243.xml","19","2","2","0","4","4","11","13","17","17","10.7015","6.8815","1172","OK",""
"4001244__Rogelio_Morales ramirez4001244.xml","55","4","4","0","4","4","24","34","51","51","20.5361","22.1735","3116","OK",""
"4001246__dario.siciliani_dario.siciliani4001246.xml","16","2","2","0","4","4","8","9","14","14","7.19","9.59","758","OK",""
"4001248__Rogelio_Morales ramirez4001248.xml","16","2","2","0","4","4","10","11","14","14","7.0718","6.706600000000001","762","OK",""
"4001252__Jorge Ivan_Garcia Perez4001252.xml","30","4","3","-1","4","4","20","19","26","27","12.719","11.8355","1536","OK",""
"4001259__Ruben_Cisneros4001259.xml","50","3","3","0","4","4","25","33","47","47","25.7771","26.762700000000006","3344","OK",""
"4001260__Alan_Cruz4001260.xml","35","4","4","0","4","4","26","31","31","31","17.522","17.5786","3361","OK",""
"4001270__Gustavo_Viglione4001270.xml","","","","","","","","","","","","","","SKIP","formato excluido: raíz distinta de <project>"
"4001274__Mega_Maderas4001274.xml","21","2","2","0","3","4","2","22","19","19","2.1233999999999997","2.0784","802","OK",""
"4001284__Andrea_Almada4001284.xml","76","5","5","0","4","4","36","40","71","71","48.5472","37.4592","4175","ERROR","multiset piezas; "
"4001286__Jorge Ivan_Garcia Perez4001286.xml","72","6","6","0","4","4","37","41","66","66","30.792","33.505","4464","OK",""
"4001290__Andrea_Almada4001290.xml","1","1","1","0","3","3","1","1","0","0","0","0","47","OK",""
"4001292__Pablo Hernan_Ursino4001292.xml","33","2","2","0","4","4","22","23","31","31","16.8726","15.2568","2287","OK",""
"4001295__fernando_bravo4001295.xml","80","4","4","0","4","4","35","44","76","76","38.253399999999985","43.06939999999999","4628","OK",""
"4001303__Pablo Hernan_Ursino4001303.xml","10","2","2","0","4","4","7","6","8","8","5.936199999999999","5.6171999999999995","5692","OK",""
"4001307__marcos_de leon4001307.xml","55","3","3","0","4","4","33","36","52","52","25.622799999999994","30.883799999999994","3469","OK",""
"4001313__Nelly_Araujo4001313.xml","8","2","2","0","3","3","5","5","6","6","4.019","4.019","238","OK",""
"4001317__Alan_Cruz4001317.xml","18","2","2","0","4","4","13","13","16","16","9.100400000000002","8.321399999999999","1227","OK",""
"4001325__Gustavo Antonio_Soda4001325.xml","42","6","6","0","4","4","33","37","36","36","20.0379","18.6719","2863","OK",""
"4001337__mariann.tissino_mariann.tissino4001337.xml","57","2","2","0","4","4","32","42","55","55","29.429","22.331","3517","OK",""
"4001342__mariann.tissino_mariann.tissino4001342.xml","57","2","2","0","4","4","32","42","55","55","29.429","22.331","3453","OK",""
"4001346__Paulo_Ledesma4001346.xml","120","8","8","0","7","4","78","72","112","112","68.11099999999999","67.1488","5670","OK",""
"4001352__Gustavo Antonio_Soda4001352.xml","24","4","4","0","4","4","22","20","20","20","19.9235","14.0995","1917","OK",""
"4001364__Carpinteria Arcidiacono_Arcidiacono4001364.xml","","","","","","","","","","","","","","SKIP","formato excluido: raíz distinta de <project>"
"4001367__Nelly_Araujo4001367.xml","2","1","1","0","3","3","1","1","1","1","0.6045","0.6045","94","OK",""
"4001380__mariann.tissino_mariann.tissino4001380.xml","28","1","1","0","4","4","15","22","27","27","8.367","3.593","1586","OK",""
"4001385__mariann.tissino_mariann.tissino4001385.xml","29","1","1","0","4","6","18","23","28","28","17.516","13.295","2856","OK",""
"4001392__Carmen_Canet4001392.xml","166","9","9","0","4","4","97","112","157","157","85.665","100.697","6073","OK",""
"4001398__Gustavo Antonio_Soda4001398.xml","7","1","1","0","4","4","6","6","6","6","6.5179","6.5179","355","OK",""
"4001403__Juan Pablo_Gauna4001403.xml","","","","","","","","","","","","","","SKIP","formato excluido: raíz distinta de <project>"
"4001405__Carpinteria Arcidiacono_Arcidiacono4001405.xml","","","","","","","","","","","","","","SKIP","formato excluido: raíz distinta de <project>"
"4001409__fernando_bravo4001409.xml","11","2","2","0","4","4","6","7","9","9","7.196599999999998","5.8496","7423","OK",""
"4001419__Juan Pablo_Gauna4001419.xml","","","","","","","","","","","","","","SKIP","formato excluido: raíz distinta de <project>"
"4001424__Carmen_Canet4001424.xml","29","3","3","0","4","4","16","17","26","26","17.424","17.272","1840","OK",""
"4001432__Gustavo_Viglione4001432.xml","","","","","","","","","","","","","","SKIP","formato excluido: raíz distinta de <project>"
"4001437__fernando_bravo4001437.xml","10","2","2","0","4","3","7","4","8","8","6.9352","5.6852","440","OK",""
"4001442__mariann.tissino_mariann.tissino4001442.xml","7","2","2","0","3","3","4","2","5","5","3.742","2.025","224","OK",""
"4001448__mariann.tissino_mariann.tissino4001448.xml","7","1","1","0","4","3","3","3","6","6","4.409","3.095","329","OK",""
"4001455__ELSA_M4001455.xml","31","4","4","0","4","4","14","14","27","27","15.4405","15.2025","2143","OK",""
"4001462__Jorge_Garcia Cortes4001462.xml","96","10","10","0","4","4","60","48","86","86","55.67","51.577","7152","OK",""
"4001463__Carmen_Canet4001463.xml","16","3","","","","","","","","","","","0","ERROR","La pieza ""P1"" (2750×80 mm) no entra en una placa útil de 2745×1825 mm."
"4001469__ivan_chavez4001469.xml","","","","","","","","","","","","","","SKIP","formato excluido: raíz distinta de <project>"
"4001491__dariosm78_dariosm784001491.xml","32","2","2","0","4","4","23","25","30","30","18.359","10.358","2756","OK",""
"4001494__dariosm78_dariosm784001494.xml","32","2","2","0","4","4","23","25","30","30","18.359","10.358","2952","OK",""
"4001502__ELSA_M4001502.xml","68","7","7","0","4","4","33","35","61","61","32.1895","28.4345","3963","OK",""
"4001509__dariosm78_dariosm784001509.xml","47","2","2","0","4","4","30","40","45","45","25.63","19.322","3442","OK",""
"4001511__dariosm78_dariosm784001511.xml","47","2","2","0","4","4","30","40","45","45","25.63","19.322","762","OK",""
"4001535__Claudio Hugo_Maderea4001535.xml","91","7","7","0","4","4","66","62","84","84","60.374599999999994","57.39959999999999","3023","OK",""
"4001543__dariosm78_dariosm784001543.xml","50","2","2","0","4","4","29","36","48","48","26.115","20.895","1835","OK",""
"4001548__dariosm78_dariosm784001548.xml","50","2","2","0","4","4","29","36","48","48","26.115","20.895","1708","OK",""
"4001551__alexandra_de la fuente hernandez4001551.xml","5","1","1","0","3","3","3","3","4","4","3.028","1.238","412","OK",""
"4001555__alexandra_de la fuente hernandez4001555.xml","5","1","1","0","3","3","3","3","4","4","3.028","1.238","288","OK",""
"4001560__Mega_Maderas4001560.xml","10","2","2","0","4","4","9","5","8","8","4.7951999999999995","5.084200000000001","473","OK",""
"4001562__Cesar_Carpintero4001562.xml","53","4","4","0","4","4","27","27","49","49","22.1552","23.269800000000004","1331","OK",""
"4001567__Jonatan_Estigarribia4001567.xml","","","","","","","","","","","","","","SKIP","formato excluido: raíz distinta de <project>"
"4001574__martin_maineri4001574.xml","3","1","1","0","3","3","2","2","2","2","2.8588","1.3488","59","OK",""
"4001579__ivan_chavez4001579.xml","","","","","","","","","","","","","","SKIP","formato excluido: raíz distinta de <project>"
"4001590__Nerina_Scazzola4001590.xml","9","2","2","0","4","3","7","7","7","7","4.934799999999999","4.2788","96","OK",""
"4001594__Claudio Hugo_Maderea4001594.xml","9","2","2","0","4","4","6","6","7","7","7.034800000000001","5.2658000000000005","94","OK",""
"4001596__Santiago Nicolas_Maldonado4001596.xml","33","1","1","0","4","4","28","24","32","32","13.929799999999995","11.484799999999998","381","OK",""
"4001597__Cesar_Carpintero4001597.xml","20","4","4","0","4","4","10","14","16","16","8.524799999999999","8.5248","198","OK",""
"4001598__Nayla_Augier4001598.xml","57","4","4","0","4","4","39","33","53","53","35.895","34.0815","930","OK",""
"4001616__dariosm78_dariosm784001616.xml","52","3","3","0","4","4","36","36","49","49","28.276","22.898","2313","OK",""
"4001622__dariosm78_dariosm784001622.xml","52","3","3","0","4","4","36","36","49","49","28.276","22.898","2388","OK",""
"4001623__dariosm78_dariosm784001623.xml","49","3","2","-1","4","5","31","31","46","47","26.466","26.486","1048","OK",""
"4001627__dariosm78_dariosm784001627.xml","49","3","2","-1","4","5","31","31","46","47","26.466","26.486","1080","OK",""
"4001629__Dinorah_Contreras4001629.xml","25","3","3","0","4","3","11","12","22","22","9.27","9.028","3397","OK",""
"4001639__dariosm78_dariosm784001639.xml","46","2","2","0","4","4","30","36","44","44","22.196","14.676","572","OK",""
"4001642__dariosm78_dariosm784001642.xml","46","2","2","0","4","4","30","36","44","44","22.196","14.676","546","OK",""
"4001646__ARIEL FABIAN_RICHETTI4001646.xml","","","","","","","","","","","","","","SKIP","formato excluido: raíz distinta de <project>"
"4001647__Nayla_Augier4001647.xml","18","2","2","0","4","4","15","14","16","16","9.06","8.449","167","OK",""
"4001652__Jorge_Garcia Cortes4001652.xml","29","3","3","0","4","4","26","21","26","26","17.2016","13.5528","499","OK",""
"4001663__Dinorah_Contreras4001663.xml","124","12","12","0","4","4","71","69","112","112","67.986","63.236","1867","OK",""
"4001673__martin_maineri4001673.xml","34","2","2","0","4","4","18","24","32","32","19.234799999999996","17.009799999999995","436","OK",""
"4001689__Nayla_Augier4001689.xml","21","2","2","0","4","4","13","13","19","19","11.435","10.731","207","OK",""
"4001697__Nayla_Augier4001697.xml","38","5","5","0","4","4","26","26","33","33","25.784","23.892","3033","OK",""
"4001720__jose luis_capdevila4001720.xml","","","","","","","","","","","","","","SKIP","formato excluido: raíz distinta de <project>"
"4001728__Mega_Maderas4001728.xml","87","4","4","0","4","4","58","54","83","83","40.221199999999996","39.5852","9965","OK",""
"4001744__Richard_Torres4001744.xml","12","3","3","0","4","4","10","10","9","9","12.667","8.2358","593","OK",""
"4001745__Richard_Torres4001745.xml","53","5","5","0","4","4","30","35","48","48","29.4542","24.334","4401","OK",""
"4001746__Richard_Torres4001746.xml","10","3","","","","","","","","","","","0","ERROR","La pieza ""P1"" (2600×456 mm) no entra en una placa útil de 2595×1825 mm."
"4001775__Maria_Diaz4001775.xml","41","3","3","0","4","4","29","34","38","38","15.602199999999998","15.685199999999998","3373","OK",""
"4001782__Carlos Gustavo_San Miguel4001782.xml","112","10","10","0","6","4","76","74","102","102","68.58279999999999","74.06079999999999","6347","OK",""
"4001784__Nerina_Scazzola4001784.xml","73","4","4","0","4","4","55","62","70","69","40.038999999999994","32.106599999999986","6699","OK",""
"4001788__Andrea_Almada4001788.xml","62","2","2","0","4","4","32","38","60","60","32.022200000000005","27.607199999999988","4118","OK",""
"4001789__Carlos Gustavo_San Miguel4001789.xml","48","1","1","0","5","4","16","21","47","47","18.836399999999994","7.448799999999992","2687","OK",""
"4001792__ruben_gualtieri_59_ruben_gualtieri_594001792.xml","47","3","3","0","4","4","25","17","44","44","24.117","25.688","2730","OK",""
"4001794__ruben_gualtieri_59_ruben_gualtieri_594001794.xml","47","3","3","0","4","4","25","17","44","44","24.117","25.688","2560","OK",""
"4001805__Carlos Gustavo_San Miguel4001805.xml","20","2","2","0","4","3","9","13","18","18","7.705999999999997","6.3222","1257","OK",""
"4001806__Maria_Diaz4001806.xml","22","1","1","0","3","4","2","3","21","21","4.962399999999998","3.932400000000001","1228","OK",""
"4001809__ruben_gualtieri_59_ruben_gualtieri_594001809.xml","54","3","3","0","4","4","25","26","51","51","30.153","29.067","4371","OK",""
"4001833__Francisco Javier_Arevalo Portilla4001833.xml","","","","","","","","","","","","","","SKIP","formato excluido: raíz distinta de <project>"
"4001836__jose luis_capdevila4001836.xml","","","","","","","","","","","","","","SKIP","formato excluido: raíz distinta de <project>"
"4001853__ruben_gualtieri_59_ruben_gualtieri_594001853.xml","31","2","2","0","4","4","14","14","29","29","13.571","11.23","2336","OK",""
"4001862__Carlos_Rojas4001862.xml","15","1","1","0","4","4","2","3","14","14","2.1566","1.6765999999999999","1085","OK",""
"4001878__gustavodg70_gustavodg704001878.xml","11","1","1","0","4","4","7","9","10","10","3.688","3.686","863","OK",""
"4001882__Jesus Alejandro Blancas Flores_Blancas Flores4001882.xml","98","9","","","","","","","","","","","0","ERROR","La pieza ""P25"" (2440×105 mm) no entra en una placa útil de 2435×1215 mm."
"4001883__DIEGO RICARDO_LAFUENTE4001883.xml","29","3","3","0","4","4","11","11","26","26","18.216199999999997","16.431399999999996","27577","OK",""
"4001887__Mario_Fuentes4001887.xml","44","3","3","0","4","4","35","31","41","41","19.830399999999994","20.584399999999995","3094","OK",""
"4001893__DIEGO RICARDO_LAFUENTE4001893.xml","30","3","3","0","4","3","12","12","27","27","17.4958","19.116799999999994","25923","OK",""
"4001898__Mario_Fuentes4001898.xml","10","1","1","0","4","4","5","5","9","9","6.1876","6.1876","558","OK",""
"4001899__DIEGO RICARDO_LAFUENTE4001899.xml","30","3","2","-1","4","5","11","20","27","28","14.585999999999999","12.592799999999999","3234","OK",""
"4001905__DIEGO RICARDO_LAFUENTE4001905.xml","6","1","1","0","3","3","2","2","5","5","4.46","2.657","143","OK",""
"4001923__Mario_Fuentes4001923.xml","23","1","1","0","4","3","11","7","22","22","11.118799999999995","9.530799999999997","1318","ERROR","multiset piezas; "
"4001926__Mario_Fuentes4001926.xml","3","1","1","0","4","3","2","2","2","2","1.7988","1.3888","211","OK",""
"4001932__Leandro david_Profita4001932.xml","46","4","4","0","4","4","26","25","42","42","30.64529999999999","29.176799999999997","3461","OK",""
"4001954__Patricio_Gonzalez Diaz4001954.xml","29","3","3","0","4","3","15","9","26","26","13.793899999999997","11.692399999999997","1842","OK",""
"4001964__dario.siciliani_dario.siciliani4001964.xml","50","2","2","0","4","4","30","32","48","48","23.998","19.938","3713","OK",""
"4001967__dario.siciliani_dario.siciliani4001967.xml","11","2","2","0","4","4","7","7","9","9","6.315","5.351","617","OK",""
"4001969__Steve_Castano4001969.xml","26","2","2","0","4","4","9","8","24","24","13.428","12.048","1329","OK",""
"4001971__dario.siciliani_dario.siciliani4001971.xml","11","2","2","0","4","4","7","7","9","9","6.315","5.351","600","OK",""
"4001976__Steve_Castano4001976.xml","26","2","2","0","4","4","9","8","24","24","13.428","12.048","1296","OK",""
"4001988__dario.siciliani_dario.siciliani4001988.xml","58","3","3","0","4","4","34","21","55","55","31.856","32.073","4508","OK",""
"4001990__dario.siciliani_dario.siciliani4001990.xml","8","1","1","0","3","3","2","2","7","7","4.805","4.295","493","OK",""
"4001995__Luis Enrique_Oviedo Sanchez4001995.xml","6","1","1","0","4","4","6","6","5","5","3.7605","3.7605","427","OK",""
"4002006__Steve_Castano4002006.xml","24","2","2","0","4","3","10","7","22","22","14.31","11.136","983","OK",""
"4002007__Steve_Castano4002007.xml","26","2","2","0","4","4","9","8","24","24","13.428","12.048","1251","OK",""
"4002011__Steve_Castano4002011.xml","24","2","2","0","4","3","10","7","22","22","14.31","11.136","1020","OK",""
"4002024__Steve_Castano4002024.xml","24","2","2","0","4","3","10","7","22","22","14.31","11.136","985","OK",""
"4002030__Nataly_Arredondo4002030.xml","9","1","1","0","4","4","7","4","8","8","6.500599999999999","4.5722","396","OK",""
"4002034__Noelia_Arguello4002034.xml","115","7","7","0","4","4","79","90","108","108","73.02119999999998","63.939199999999985","7618","OK",""
"4002043__Martin_Quiroga4002043.xml","96","3","3","0","4","4","38","22","93","93","33.131","33.281","3996","OK",""
"4002046__Martin_Quiroga4002046.xml","96","3","3","0","4","4","38","22","93","93","33.131","33.281","3717","OK",""
"4002047__Martin_Quiroga4002047.xml","96","3","3","0","4","4","38","22","93","93","33.131","33.281","3860","OK",""
"4002049__Franco_Bandini4002049.xml","5","2","2","0","4","3","4","5","3","3","2.1431999999999998","2.1431999999999998","173","OK",""
"4002069__leandro_bruni4002069.xml","28","2","2","0","4","4","17","19","27","26","12.388799999999996","12.973399999999998","2085","OK",""
"4002072__Matias_Sosa4002072.xml","20","1","1","0","4","5","15","15","19","19","8.536","8.828","1645","OK",""
"4002080__leandro_bruni4002080.xml","14","2","2","0","4","4","7","8","12","12","7.989799999999999","9.1558","711","OK",""
"4002087__Alaida_Susana4002087.xml","9","1","1","0","4","4","4","4","8","8","5.075200000000001","5.075200000000001","679","OK",""
"4002141__Matias_Sosa4002141.xml","30","1","1","0","4","5","16","27","29","29","12.786","11.328","3155","OK",""
"4002157__Matias_Sosa4002157.xml","67","3","3","0","4","4","32","27","64","64","31.742","29.756","3785","OK",""
"4002161__alejandro_velazque4002161.xml","","","","","","","","","","","","","","SKIP","formato excluido: raíz distinta de <project>"
"4002254__GABRIEL_TUMBACO CRUZ4002254.xml","","","","","","","","","","","","","","SKIP","formato excluido: raíz distinta de <project>"
"4002256__GABRIEL_TUMBACO CRUZ4002256.xml","","","","","","","","","","","","","","SKIP","formato excluido: raíz distinta de <project>"
"4002273__Nataly_Arredondo4002273.xml","49","2","2","0","4","4","24","24","47","47","23.13679999999999","15.584799999999994","2924","OK",""
"4002317__lucas_marcos4002317.xml","28","3","3","0","4","4","14","18","25","25","16.5325","17.3825","1796","OK",""
"4002321__lucas_marcos4002321.xml","17","3","3","0","4","4","12","11","14","14","12.3586","11.177900000000001","888","OK",""
"4002322__Sergio_Benitez4002322.xml","15","1","1","0","5","4","10","6","14","14","6.814999999999999","5.488599999999998","868","OK",""
"4002332__Miguel Alberto_Villarruel4002332.xml","16","2","2","0","4","4","10","14","14","14","9.1756","7.581600000000001","1300","OK",""
"4002339__Sergio_Benitez4002339.xml","30","3","3","0","6","4","22","22","27","27","16.3296","19.2548","2438","OK",""
"4002344__ignacio_vocouber4002344.xml","18","1","1","0","8","6","19","32","17","17","10.010799999999998","11.617199999999997","2377","OK",""
"4002353__Carlos_Rojas4002353.xml","33","3","3","0","7","4","24","28","30","30","19.483399999999996","18.546999999999997","2756","OK",""
"4002363__Miguel Alberto_Villarruel4002363.xml","29","2","2","0","4","4","13","22","27","27","15.054799999999995","10.604799999999997","1860","OK",""
"4002365__VICTORIA_CORDOBA4002365.xml","1","1","1","0","3","3","1","1","0","0","0","0","88","OK",""
"4002372__Samuel_Chamochumbi4002372.xml","7","1","1","0","4","4","6","6","6","6","3.2204","2.0834","370","OK",""
"4002381__Samuel_Chamochumbi4002381.xml","8","1","1","0","4","4","7","5","7","7","4.393800000000001","4.3688","334","OK",""
"4002385__martin_pereyra foschiatti4002385.xml","28","3","3","0","5","4","20","20","25","25","15.230799999999999","16.77","2293","OK",""
"4002387__martin_pereyra foschiatti4002387.xml","2","1","1","0","3","3","2","2","1","1","1.6044","0.5044","133","OK",""
"4002406__Cristian_de la Rosa4002406.xml","","","","","","","","","","","","","","SKIP","formato excluido: raíz distinta de <project>"
"4002410__cristian david_caceres4002410.xml","","","","","","","","","","","","","","SKIP","formato excluido: raíz distinta de <project>"
"4002411__lujan agustin_encinas4002411.xml","","","","","","","","","","","","","","SKIP","formato excluido: raíz distinta de <project>"
"4002432__ignacio_vocouber4002432.xml","64","5","6","1","6","4","45","44","59","58","44.43919999999999","43.20319999999999","14214","OK",""
"4002434__ignacio_vocouber4002434.xml","10","2","2","0","3","4","4","8","8","8","6.0452","6.156200000000001","595","OK",""
"4002438__Jeremias_Lasa4002438.xml","88","3","3","0","4","4","31","58","85","85","33.41299999999998","35.333999999999975","5798","OK",""
"4002443__paulo_aguero4002443.xml","30","2","2","0","4","4","19","25","28","28","15.945199999999996","11.432199999999998","2504","OK",""
"4002445__Diego_Manavella4002445.xml","2","1","1","0","2","3","0","1","1","1","0.9564","0.9564","106","OK",""
"4002446__Jeremias_Lasa4002446.xml","111","9","9","0","4","4","58","51","102","102","75.7348","71.64880000000001","4407","OK",""
"4002448__Ricardo_Rivera4002448.xml","27","2","2","0","3","3","10","8","25","25","14.369999999999996","13.514999999999999","1331","OK",""
"4002453__Jeremias_Lasa4002453.xml","49","8","8","0","4","4","26","24","41","41","39.0784","30.9064","6945","OK",""
"4002457__Matias Guillermo_Mattus Fernandez Cendoya4002457.xml","40","3","2","-1","3","3","10","9","37","38","17.099799999999995","18.427199999999992","2139","OK",""
"4002459__Diego_Alvarez4002459.xml","50","2","2","0","4","4","42","40","48","48","22.80919999999999","18.1577","4517","OK",""
"4002472__Carlos_Rojas4002472.xml","15","1","1","0","4","4","2","3","14","14","2.1566","1.6765999999999999","817","OK",""
"4002477__Diego_Alvarez4002477.xml","9","1","1","0","4","4","9","8","8","8","3.8817","3.3517","607","OK",""
"4002503__Jeremias_Lasa4002503.xml","145","3","3","0","4","4","54","64","142","142","57.30880000000002","34.04479999999997","6790","OK",""
"4002507__JAVIER DELGADO_DELGADO4002507.xml","41","4","","","","","","","","","","","0","ERROR","La pieza ""P2"" (2600×600 mm) no entra en una placa útil de 2595×1825 mm."
"4002522__Facundo_Contreras4002522.xml","22","1","1","0","3","3","6","6","21","21","10.089399999999996","9.555399999999995","1251","OK",""
"4002527__Danilo_Gonzalez4002527.xml","","","","","","","","","","","","","","SKIP","formato excluido: raíz distinta de <project>"
"4002528__Damian Ponce_ponce4002528.xml","70","5","5","0","4","4","48","53","65","65","46.696999999999996","43.93899999999999","9315","OK",""
"4002533__Damian Ponce_ponce4002533.xml","8","2","2","0","4","3","4","4","6","6","4.946400000000001","4.1164000000000005","240","OK",""
"4002545__Pablo_Carrieri4002545.xml","","","","","","","","","","","","","","SKIP","formato excluido: raíz distinta de <project>"
"4002546__Mauricio Alejandro_Saracho4002546.xml","84","6","6","0","4","4","56","49","78","78","43.8316","43.71659999999999","5052","OK",""
"4002553__Mauricio Alejandro_Saracho4002553.xml","5","1","1","0","4","4","5","4","4","4","3.7616","2.4876","71","OK",""
"4002564__Marcelo_Gauna diaz4002564.xml","50","1","1","0","4","4","14","46","49","49","16.962","8.213","608","OK",""
"4002575__Carmen_Canet4002575.xml","13","1","1","0","4","4","9","10","12","12","4.821","3.983","123","OK",""
"4002589__Matias_Protopapa4002589.xml","8","2","2","0","4","4","6","6","6","6","5.0114","5.0114","100","OK",""
"4002593__Rosario Itati_Gomez4002593.xml","200","7","7","0","8","4","124","109","193","193","82.76099999999995","61.697199999999974","1853","OK",""
"4002597__Rober_Benvenuto4002597.xml","44","2","2","0","4","4","30","30","42","42","23.88679999999999","18.967799999999997","656","OK",""
"4002605__Rosario Itati_Gomez4002605.xml","28","3","3","0","5","4","15","14","25","25","15.2134","14.000999999999998","283","OK",""
"4002618__Joel _Verber4002618.xml","","","","","","","","","","","","","","SKIP","formato excluido: raíz distinta de <project>"
"4002625__Gabriel Luciano_Morales4002625.xml","2","1","1","0","3","3","2","2","1","1","0.8994","0.3994","41","OK",""
"4002632__javier ary_garcia4002632.xml","","","","","","","","","","","","","","SKIP","formato excluido: raíz distinta de <project>"
"4002646__Leonel_Vignatti4002646.xml","","","","","","","","","","","","","","SKIP","formato excluido: raíz distinta de <project>"
"4002648__Mariano_Zlopasa4002648.xml","42","2","2","0","4","4","25","30","40","40","22.502999999999993","18.282999999999994","707","OK",""
"4002654__Santiago_Gentile4002654.xml","20","2","2","0","3","3","7","7","18","18","10.879199999999999","10.879199999999999","104","OK",""
"4002657__Marcelo_Gauna diaz4002657.xml","11","1","2","1","4","4","9","10","10","9","4.424","6.115","1300","OK",""
"4002664__David_Medina4002664.xml","8","1","1","0","4","4","7","7","7","7","5.428799999999999","5.418799999999999","67","OK",""
"4002665__diego_cazal4002665.xml","10","1","1","0","4","4","5","5","9","9","7.871599999999998","5.961600000000001","167","OK",""
"4002666__Carlos_Caiza4002666.xml","","","","","","","","","","","","","","SKIP","formato excluido: raíz distinta de <project>"
"4002667__Matias_Avila4002667.xml","9","1","1","0","4","4","6","7","8","8","5.7852","3.3852","104","OK",""
"4002669__David_Medina4002669.xml","97","6","6","0","4","4","71","66","91","91","48.66939999999999","53.363399999999984","10544","OK",""
"4002672__Esteban_Rulfi4002672.xml","","","","","","","","","","","","","","SKIP","formato excluido: raíz distinta de <project>"
"4002681__Leonardo_Hansen4002681.xml","","","","","","","","","","","","","","SKIP","formato excluido: raíz distinta de <project>"
"4002691__Marcos _Cumini Londero4002691.xml","","","","","","","","","","","","","","SKIP","formato excluido: raíz distinta de <project>"
"4002699__Marcos _Cumini Londero4002699.xml","","","","","","","","","","","","","","SKIP","formato excluido: raíz distinta de <project>"
"4002705__Leonel_Vignatti4002705.xml","","","","","","","","","","","","","","SKIP","formato excluido: raíz distinta de <project>"
"4002709__Carlos_Rojas4002709.xml","13","2","2","0","5","4","7","7","11","11","9.033400000000002","7.1234","565","OK",""
"4002720__adrian_cuello4002720.xml","40","4","3","-1","4","4","21","26","36","37","19.307399999999998","14.989799999999999","2410","OK",""
"4002722__cristian_macieszonek4002722.xml","","","","","","","","","","","","","","SKIP","formato excluido: raíz distinta de <project>"
"4002727__adrian_cuello4002727.xml","1","1","1","0","3","3","1","1","0","0","0","0","123","OK",""
"4002736__kina.hogar_kina.hogar4002736.xml","8","1","1","0","4","3","5","4","7","7","3.135","2.035","436","OK",""
"4002743__kina.hogar_kina.hogar4002743.xml","2","1","1","0","3","3","1","1","1","1","1.545","1.055","167","OK",""
"4002747__Joel _Verber4002747.xml","","","","","","","","","","","","","","SKIP","formato excluido: raíz distinta de <project>"
"4002748__kina.hogar_kina.hogar4002748.xml","2","1","1","0","3","3","1","1","1","1","1.545","1.055","147","OK",""
"4002749__Diego_Morlino4002749.xml","48","4","4","0","4","4","31","41","44","44","37.18059999999999","32.9126","5217","OK",""
"4002756__kina.hogar_kina.hogar4002756.xml","13","1","1","0","4","4","5","4","12","12","8.121","4.253","668","OK",""
"4002772__adrian_cuello4002772.xml","40","3","3","0","4","4","19","26","37","37","17.1638","14.989799999999999","2279","OK",""
"4002777__jose luis acevedo_ACEVEDO4002777.xml","10","2","2","0","4","4","8","6","8","8","6.499200000000001","6.475199999999999","574","OK",""
"4002778__kina.hogar_kina.hogar4002778.xml","8","1","1","0","4","3","5","4","7","7","3.135","2.035","414","OK",""
"4002782__kina.hogar_kina.hogar4002782.xml","8","1","1","0","4","3","5","4","7","7","3.135","2.035","346","OK",""
"4002791__Carlos_Rojas4002791.xml","25","2","2","0","6","5","16","13","23","23","18.941999999999997","16.828199999999995","2302","OK",""
"4002794__kina.hogar_kina.hogar4002794.xml","8","1","1","0","4","3","5","4","7","7","3.135","2.035","422","OK",""
"4002795__adrian_cuello4002795.xml","40","3","3","0","4","4","19","26","37","37","17.1638","14.989799999999999","2225","OK",""
"4002798__Carlos_Rojas4002798.xml","25","2","2","0","5","3","18","8","23","23","17.711999999999996","17.216199999999997","1742","OK",""
"4002800__Carlos_Rojas4002800.xml","3","1","1","0","3","3","2","2","2","2","1.9378000000000002","1.3588","163","OK",""
"4002801__Jorge_Haza4002801.xml","29","2","2","0","4","4","19","23","27","27","12.0183","13.702299999999997","2287","OK",""
"4002806__kina.hogar_kina.hogar4002806.xml","8","1","1","0","4","3","5","4","7","7","3.135","2.035","451","OK",""
"4002810__Jorge_Haza4002810.xml","17","1","1","0","4","4","8","15","16","16","9.724899999999998","4.3544","1103","OK",""
"4002816__Mariano Andres_Penzo4002816.xml","99","5","5","0","7","4","77","60","94","94","47.67759999999998","50.12759999999999","11242","OK",""
"4002819__Matias_Sosa4002819.xml","27","2","2","0","4","4","20","19","25","25","13.115","11.857","2331","OK",""
"4002825__kina.hogar_kina.hogar4002825.xml","9","1","1","0","4","4","5","6","8","8","3.34","2.44","1014","OK",""
"4002836__Walter_Garmasar4002836.xml","49","2","2","0","5","4","27","26","47","47","19.006799999999995","18.958799999999997","6405","OK",""
"4002840__Miguel Angel_Montiel4002840.xml","52","1","2","1","8","4","44","34","51","50","16.420399999999987","22.55000000000001","9567","OK",""
"4002841__Patricio_Gonzalez Diaz4002841.xml","23","2","2","0","4","4","12","11","21","21","14.128399999999997","12.994399999999997","1499","OK",""
"4002843__RODRIGO_MEDINA4002843.xml","60","2","2","0","4","4","26","31","58","58","21.08069999999999","18.27669999999999","4319","OK",""
"4002845__kina.hogar_kina.hogar4002845.xml","9","1","1","0","4","4","5","6","8","8","3.34","2.44","646","OK",""
"4002847__Matias_Farias4002847.xml","5","1","1","0","3","3","3","3","4","4","3.9375999999999998","2.4776","269","OK",""
"4002849__Luis_Gonzalez4002849.xml","12","1","1","0","4","4","6","6","11","11","7.4175","4.7875","615","OK",""
"4002858__Magali_Giache4002858.xml","1","1","1","0","3","3","1","1","0","0","0","0","90","OK",""
"4002862__Nicolas_Almaraz4002862.xml","90","5","5","0","6","4","57","44","85","85","47.09159999999998","47.54399999999998","6098","OK",""
"4002864__Daniel_Buttazzoni4002864.xml","40","2","2","0","4","4","27","30","38","38","19.350199999999994","12.221199999999998","3512","OK",""
"4002867__norman_mutti4002867.xml","7","1","1","0","4","4","4","4","6","6","1.9464","2.7873999999999994","350","OK",""
"4002875__cristian david_caceres4002875.xml","","","","","","","","","","","","","","SKIP","formato excluido: raíz distinta de <project>"
"4002890__Sabrina_Scopetta4002890.xml","","","","","","","","","","","","","","SKIP","formato excluido: raíz distinta de <project>"
"4002891__emporio_madera4002891.xml","","","","","","","","","","","","","","SKIP","formato excluido: raíz distinta de <project>"
"4002894__Sabrina_Scopetta4002894.xml","","","","","","","","","","","","","","SKIP","formato excluido: raíz distinta de <project>"
"4002895__Sabrina_Scopetta4002895.xml","","","","","","","","","","","","","","SKIP","formato excluido: raíz distinta de <project>"
"4002898__Eduardo Horacio_Moras4002898.xml","95","6","6","0","4","4","52","51","89","89","47.133599999999994","54.30959999999999","22579","OK",""
"4002901__daniel_miniovich4002901.xml","21","1","1","0","4","4","17","13","20","20","9.458999999999994","7.650999999999996","1355","OK",""
"4002910__Alejandro_De Stefano4002910.xml","","","","","","","","","","","","","","SKIP","formato excluido: raíz distinta de <project>"
"4002932__Ernesto_jordan4002932.xml","21","1","1","0","4","4","11","18","20","20","7.995999999999998","7.261999999999994","1274","OK",""
"4002934__Guillermo nicolas_Diaz4002934.xml","34","3","2","-1","4","4","26","24","31","32","14.332399999999998","8.9998","3694","ERROR","multiset piezas; "
"4002938__Azul_Gutierrez4002938.xml","","","","","","","","","","","","","","SKIP","formato excluido: raíz distinta de <project>"
"4002944__Joel _Verber4002944.xml","","","","","","","","","","","","","","SKIP","formato excluido: raíz distinta de <project>"
"4002948__Azul_Gutierrez4002948.xml","","","","","","","","","","","","","","SKIP","formato excluido: raíz distinta de <project>"
"4002951__Dalmasio_Rossetti4002951.xml","40","3","3","0","4","4","25","30","37","37","24.683299999999996","25.132299999999997","5241","OK",""
"4002955__Cesar Abraham_Sanchez Gonzalez4002955.xml","47","6","6","0","4","4","36","36","41","41","29.8905","23.6925","19092","OK",""
"4002996__diego alberto_modon4002996.xml","20","4","4","0","4","4","12","14","16","16","12.903399999999998","12.248399999999998","1470","OK",""
"4003000__Joel _Verber4003000.xml","","","","","","","","","","","","","","SKIP","formato excluido: raíz distinta de <project>"
"4003006__Damian_Vazquez4003006.xml","51","3","3","0","4","4","31","34","48","48","21.967199999999995","21.389199999999995","4883","OK",""
"4003014__Dalmasio_Rossetti4003014.xml","43","3","3","0","4","4","26","32","40","40","27.100499999999993","26.54649999999999","7471","OK",""
"4003027__VENTAS_EGGER RG4003027.xml","1","1","1","0","3","3","1","1","0","0","0","0","117","OK",""
"4003029__Walter_Garmasar4003029.xml","49","2","2","0","5","4","27","26","47","47","19.006799999999995","18.958799999999997","4126","OK",""
"4003036__Dalmasio_Rossetti4003036.xml","65","5","5","0","4","4","38","41","60","60","40.081999999999994","39.88","6070","OK",""
"4003038__gloria adriana_cortines4003038.xml","5","1","","","","","","","","","","","0","ERROR","La pieza ""P3"" (2440×139 mm) no entra en una placa útil de 2435×1215 mm."
"4003043__Diego_Aquino4003043.xml","3","1","1","0","3","3","3","3","2","2","1.0088","0.8088","134","OK",""
"4003050__Dalmasio_Rossetti4003050.xml","23","3","3","0","4","4","19","17","20","20","16.396","12.5375","1937","OK",""
"4003051__Dalmasio_Rossetti4003051.xml","8","3","3","0","4","4","8","8","5","5","5.963","3.318","11275","OK",""
"4003052__Daniel_Buttazzoni4003052.xml","3","1","1","0","4","3","3","2","2","2","1.3718000000000001","1.0088","207","OK",""
"4003056__Damian_Vazquez4003056.xml","35","2","2","0","4","4","24","23","33","33","15.745199999999997","12.782199999999996","4448","OK",""
"4003057__Nelson_Lenis4003057.xml","","","","","","","","","","","","","","SKIP","formato excluido: raíz distinta de <project>"
"4003070__Javier_Boher4003070.xml","76","6","6","0","4","4","46","48","70","70","40.818","35.79599999999999","7345","OK",""
"4003075__Adrian_SEIF4003075.xml","68","5","4","-1","5","4","50","44","63","64","38.698199999999986","38.67759999999999","18019","OK",""
"4003087__Adrian_SEIF4003087.xml","9","1","1","0","6","5","8","7","8","8","6.935199999999999","6.729599999999999","849","OK",""
"4003089__lujan agustin_encinas4003089.xml","","","","","","","","","","","","","","SKIP","formato excluido: raíz distinta de <project>"
"4003107__emporio_madera4003107.xml","","","","","","","","","","","","","","SKIP","formato excluido: raíz distinta de <project>"
"4003108__Luca_Vicario4003108.xml","","","","","","","","","","","","","","SKIP","formato excluido: raíz distinta de <project>"
"4003118__gloria adriana_cortines4003118.xml","17","2","","","","","","","","","","","0","ERROR","La pieza ""P8"" (2440×400 mm) no entra en una placa útil de 2435×1215 mm."
"4003121__David_Medina4003121.xml","16","1","1","0","4","4","10","10","15","15","8.804999999999998","8.065999999999999","984","OK",""
"4003125__Guillermo nicolas_Diaz4003125.xml","161","8","8","0","4","4","90","110","153","153","83.14119999999998","76.59219999999996","8682","OK",""
"4003134__Diego_Malin4003134.xml","","","","","","","","","","","","","","SKIP","formato excluido: raíz distinta de <project>"
"4003141__daniel_Miniovich4003141.xml","","","","","","","","","","","","","","SKIP","formato excluido: raíz distinta de <project>"
"4003149__daniel_Miniovich4003149.xml","","","","","","","","","","","","","","SKIP","formato excluido: raíz distinta de <project>"
"4003152__daniel_Miniovich4003152.xml","","","","","","","","","","","","","","SKIP","formato excluido: raíz distinta de <project>"
"4003155__daniel_Miniovich4003155.xml","","","","","","","","","","","","","","SKIP","formato excluido: raíz distinta de <project>"
"4003158__Matias Guillermo_Mattus Fernandez Cendoya4003158.xml","3","1","1","0","3","2","3","0","2","2","1.2127999999999999","1.2127999999999999","114","ERROR","multiset piezas; "
"4003160__daniel_Miniovich4003160.xml","","","","","","","","","","","","","","SKIP","formato excluido: raíz distinta de <project>"
"4003171__cristian david_caceres4003171.xml","","","","","","","","","","","","","","SKIP","formato excluido: raíz distinta de <project>"
"4003178__Luis_Hildebrant4003178.xml","","","","","","","","","","","","","","SKIP","formato excluido: raíz distinta de <project>"
"4003194__Luca_Vicario4003194.xml","","","","","","","","","","","","","","SKIP","formato excluido: raíz distinta de <project>"
"4003206__Luca_Vicario4003206.xml","","","","","","","","","","","","","","SKIP","formato excluido: raíz distinta de <project>"
"4003207__Ernesto_Malcherczyk4003207.xml","","","","","","","","","","","","","","SKIP","formato excluido: raíz distinta de <project>"
"4003211__juan_rivero4003211.xml","13","1","1","0","4","4","8","11","12","12","5.450400000000001","4.1224","1072","OK",""
"4003216__Ernesto_Malcherczyk4003216.xml","","","","","","","","","","","","","","SKIP","formato excluido: raíz distinta de <project>"
"4003233__Ernesto_Malcherczyk4003233.xml","","","","","","","","","","","","","","SKIP","formato excluido: raíz distinta de <project>"
"4003235__Nelly_Araujo4003235.xml","46","8","","","","","","","","","","","0","ERROR","La pieza ""P4"" (2790×524 mm) no entra en una placa útil de 2785×2055 mm."
"4003239__VENTAS_EGGER RG4003239.xml","31","2","2","0","4","4","19","22","29","29","19.243599999999997","13.902599999999998","2059","OK",""
"4003241__Ernesto_Malcherczyk4003241.xml","","","","","","","","","","","","","","SKIP","formato excluido: raíz distinta de <project>"
"4003243__Nelly_Araujo4003243.xml","46","8","","","","","","","","","","","0","ERROR","La pieza ""P4"" (2790×524 mm) no entra en una placa útil de 2785×2055 mm."
"4003245__Ernesto_Malcherczyk4003245.xml","","","","","","","","","","","","","","SKIP","formato excluido: raíz distinta de <project>"
"4003252__Nelly_Araujo4003252.xml","9","1","1","0","4","3","3","3","8","8","4.11","4.07","387","OK",""
"4003256__Luca_Vicario4003256.xml","","","","","","","","","","","","","","SKIP","formato excluido: raíz distinta de <project>"
"4003262__Nelly_Araujo4003262.xml","13","1","1","0","4","4","4","4","12","12","5.01","5.01","1048","OK",""
"4003269__VENTAS_EGGER RG4003269.xml","33","2","2","0","4","4","22","14","31","31","16.182399999999998","14.254399999999997","2216","OK",""
"4003272__Agustin_Picco4003272.xml","38","1","1","0","4","4","20","35","37","37","11.510299999999992","8.791299999999996","3241","OK",""
"4003284__Gabriela_Gudino4003284.xml","2","1","1","0","4","3","2","2","1","1","1.0044","0.6544","115","OK",""
"4003296__ignacio_vocouber4003296.xml","146","5","5","0","8","4","69","89","141","141","50.53419999999997","43.86639999999998","6492","OK",""
"4003306__Nelly_Araujo4003306.xml","8","2","2","0","3","3","4","3","6","6","3.861","2.903","357","OK",""
"4003309__ignacio_vocouber4003309.xml","14","1","1","0","4","3","3","7","13","13","4.277200000000001","4.174200000000001","729","OK",""
"4003344__Cesar_Carpintero4003344.xml","2","2","2","0","3","3","2","2","0","0","0","0","194","OK",""
"4003364__Alfredo Alejandro_Gulino4003364.xml","116","8","8","0","4","4","88","94","108","108","64.01469999999999","65.10419999999999","7422","OK",""
"4003366__Sabrina_Scopetta4003366.xml","","","","","","","","","","","","","","SKIP","formato excluido: raíz distinta de <project>"
"4003369__Maximiliano_Santoro4003369.xml","15","3","3","0","3","3","7","9","12","12","7.5228","7.5228","762","OK",""
"4003377__Juan Carlos_Rojas4003377.xml","","","","","","","","","","","","","","SKIP","formato excluido: raíz distinta de <project>"
"4003406__Alfredo Alejandro_Gulino4003406.xml","7","1","1","0","4","4","6","6","6","6","5.6114","5.1304","519","OK",""
"4003413__Nelly_Araujo4003413.xml","19","2","2","0","4","4","10","8","17","17","6.9785","9.1925","1299","OK",""
"4003431__Ricardo_Lopez Taliente4003431.xml","132","7","7","0","4","4","79","84","125","125","65.416","73.726","8215","OK",""
"4003432__Nicolas_Quintana4003432.xml","108","7","7","0","4","4","57","71","101","101","63.592399999999984","63.7544","8170","OK",""
"4003444__Ricardo_Lopez Taliente4003444.xml","132","7","7","0","4","4","79","84","125","125","65.416","73.726","7750","OK",""
"4003457__Nicolas_Quintana4003457.xml","108","7","7","0","4","4","57","71","101","101","63.592399999999984","63.7544","7043","OK",""
"4003461__Ricardo_Lopez Taliente4003461.xml","132","7","7","0","4","4","79","84","125","125","65.416","73.726","11841","OK",""
"4003470__Nelly_Araujo4003470.xml","8","1","1","0","4","3","5","7","7","7","4.3415","2.1615","893","OK",""
"4003479__Mega_Maderas4003479.xml","11","2","2","0","3","3","4","11","9","9","5.1526000000000005","3.4295999999999998","1063","OK",""
"4003524__Nicolas_Scalko4003524.xml","28","2","2","0","4","4","21","22","26","26","22.4898","22.334","4347","OK",""
"4003530__Mega_Maderas4003530.xml","11","2","2","0","4","4","6","10","9","9","5.4946","4.7826","952","OK",""
"4003533__Nicolas_Scalko4003533.xml","5","1","1","0","3","3","3","3","4","4","1.1867999999999999","1.116","435","OK",""
"4003544__Nicolas_Quintana4003544.xml","66","3","3","0","4","4","34","25","63","63","35.37319999999999","26.777199999999993","5607","OK",""
"4003553__juan manuel_vigouroux4003553.xml","25","4","4","0","4","4","17","15","21","21","14.087399999999999","15.821399999999997","31311","OK",""
"4003556__Mega_Maderas4003556.xml","32","5","5","0","3","3","13","20","27","27","15.117","13.971600000000002","1548","OK",""
"4003566__David_Rengifo4003566.xml","","","","","","","","","","","","","","SKIP","formato excluido: raíz distinta de <project>"
"4003567__Jonny_reyes4003567.xml","","","","","","","","","","","","","","SKIP","formato excluido: raíz distinta de <project>"
"4003572__Cesar Abraham_Sanchez Gonzalez4003572.xml","47","6","6","0","4","4","36","36","41","41","27.0305","23.6925","19428","OK",""
"4003589__JAVIER GUSTAVO_RICHARD4003589.xml","9","2","1","-1","4","4","10","6","8","8","1.7952000000000001","1.7952000000000001","641","OK",""
"4003618__Mega_Maderas4003618.xml","16","1","1","0","4","4","8","12","15","15","5.7799999999999985","4.726","924","OK",""
"4003620__Mega_Maderas4003620.xml","34","3","3","0","4","4","17","22","31","31","15.382399999999997","14.5314","2648","OK",""
"4003632__Mega_Maderas4003632.xml","26","2","2","0","4","4","21","16","24","24","9.1046","11.4428","1730","OK",""
"4003635__Nicolas_Quintana4003635.xml","252","12","12","0","4","4","163","184","240","240","151.56099999999995","150.88199999999998","17001","OK",""
"4003641__leandro_Sevilla4003641.xml","23","1","1","0","4","4","10","20","22","22","7.1105","6.9655","1634","OK",""
"4003651__Ariel Ignacio_Ayala4003651.xml","81","3","3","0","6","4","49","51","78","78","36.23879999999999","35.30819999999999","6264","OK",""
"4003656__Nicolas_Quintana4003656.xml","48","6","6","0","4","4","38","37","42","42","37.28179999999999","28.995799999999996","8300","OK",""
"4003661__Leonel_Vignatti4003661.xml","","","","","","","","","","","","","","SKIP","formato excluido: raíz distinta de <project>"
"4003662__Nelly_Araujo4003662.xml","8","1","1","0","4","3","5","7","7","7","3.6265","2.1615","518","OK",""
"4003671__Leonel_Vignatti4003671.xml","","","","","","","","","","","","","","SKIP","formato excluido: raíz distinta de <project>"
"4003674__Ariel Ignacio_Ayala4003674.xml","2","1","1","0","4","3","2","2","1","1","1.0024","1.0024","80","OK",""
"4003678__Nicolas_Quintana4003678.xml","56","3","3","0","4","4","33","38","53","53","35.01119999999999","30.531199999999995","3867","OK",""
"4003682__Leonel_Vignatti4003682.xml","","","","","","","","","","","","","","SKIP","formato excluido: raíz distinta de <project>"
"4003695__Alan martin_Flores Machado4003695.xml","20","1","1","0","4","4","11","13","19","19","8.753599999999997","7.433599999999998","1238","OK",""
"4003700__Nicolas_Quintana4003700.xml","48","7","7","0","4","4","30","42","41","41","30.603399999999997","33.8904","6280","OK",""
"4003757__Nicolas_Quintana4003757.xml","26","4","4","0","4","4","23","23","22","22","20.721799999999998","19.0858","14313","OK",""
"4003764__Nicolas_Quintana4003764.xml","23","7","7","0","4","4","16","14","16","16","13.899400000000002","14.999399999999998","8631","OK",""
"4003775__gloria adriana_cortines4003775.xml","12","2","2","0","4","4","8","9","10","10","7.695","7.075","613","OK",""
"4003789__Federico_Jauregui4003789.xml","56","2","2","0","4","4","30","22","54","54","23.78259999999999","20.12259999999999","4736","OK",""
"4003793__Federico_Jauregui4003793.xml","31","2","2","0","4","4","23","29","30","29","18.418999999999997","8.795599999999997","2461","OK",""
"4003794__Ramon_Mata4003794.xml","12","2","2","0","4","3","9","9","10","10","6.893","4.517","1059","OK",""
"4003797__Federico_Jauregui4003797.xml","12","2","2","0","4","4","6","8","10","10","6.901999999999999","8.778","795","OK",""
"4003799__cristian david_caceres4003799.xml","","","","","","","","","","","","","","SKIP","formato excluido: raíz distinta de <project>"
"4003802__Federico_Jauregui4003802.xml","26","4","4","0","4","4","18","24","22","22","18.302799999999998","18.676800000000004","2621","OK",""
"4003809__Federico_Jauregui4003809.xml","6","1","1","0","4","4","6","5","6","5","4.288399999999999","0.462","331","OK",""
"4003816__Luis_Mendez4003816.xml","152","14","14","0","4","4","92","109","138","138","78.817","75.287","11750","OK",""
"4003835__cristian david_caceres4003835.xml","","","","","","","","","","","","","","SKIP","formato excluido: raíz distinta de <project>"
"4003837__Dinorah_Contreras4003837.xml","9","2","2","0","3","3","4","4","7","7","7.7055","7.7055","373","OK",""
"4003844__Luis_Arriaga4003844.xml","8","1","2","1","4","4","5","6","7","6","4.0695","3.821","5372","OK",""
"4003852__Luis_Mendez4003852.xml","4","1","1","0","4","4","4","4","3","3","2.2585","1.1535","198","OK",""
"4003853__Proyecto_Melanina4003853.xml","105","5","5","0","4","4","53","54","100","100","54.810999999999986","60.57699999999999","24155","OK",""
"4003870__Eduardo Horacio_Moras4003870.xml","95","6","6","0","4","4","52","51","89","89","47.133599999999994","54.30959999999999","22553","OK",""
"4003874__Dinorah_Contreras4003874.xml","4","1","1","0","3","3","1","1","3","3","1.0185","0.6535","168","OK",""
"4003885__gloria adriana_cortines4003885.xml","10","1","1","0","3","3","3","3","9","9","7.5005","5.4805","318","OK",""
"4003892__Eliu_Perez4003892.xml","","","","","","","","","","","","","","SKIP","formato excluido: raíz distinta de <project>"
"4003897__gloria adriana_cortines4003897.xml","20","2","2","0","3","3","6","7","18","18","15.001","11.041","723","OK",""
"4003900__alexandra_de la fuente hernandez4003900.xml","54","6","6","0","4","4","32","38","48","48","30.361","28.691","4462","OK",""
"4003930__MATIAS_KEBIN4003930.xml","18","1","1","0","5","4","10","10","17","17","8.941999999999998","7.464799999999998","993","OK",""
"4003940__Guillermo nicolas_Diaz4003940.xml","5","2","2","0","3","3","2","5","3","3","1.8981999999999999","1.8981999999999999","215","OK",""
"4003942__emporio_madera4003942.xml","","","","","","","","","","","","","","SKIP","formato excluido: raíz distinta de <project>"
"4003945__Luis_Mendez4003945.xml","18","2","2","0","4","4","13","12","16","16","9.994","9.815","2716","OK",""
"4003946__matias_rivas4003946.xml","3","1","1","0","3","4","2","3","2","2","2.1988000000000003","1.6088","179","OK",""
"4003949__Eduardo_Olalla4003949.xml","","","","","","","","","","","","","","SKIP","formato excluido: raíz distinta de <project>"
"4003951__cristian david_caceres4003951.xml","","","","","","","","","","","","","","SKIP","formato excluido: raíz distinta de <project>"
"4003952__Luis_Mendez4003952.xml","2","1","1","0","3","4","1","2","1","1","1.4145","0.6045","148","OK",""
"4003956__Dinorah_Contreras4003956.xml","36","5","4","-1","4","4","22","29","31","32","14.6569","17.7686","3388","OK",""
"4003963__Emanuel _ramirez4003963.xml","","","","","","","","","","","","","","SKIP","formato excluido: raíz distinta de <project>"
"4003965__cristian david_caceres4003965.xml","","","","","","","","","","","","","","SKIP","formato excluido: raíz distinta de <project>"
"4003969__Emanuel _ramirez4003969.xml","","","","","","","","","","","","","","SKIP","formato excluido: raíz distinta de <project>"
"4003977__Gustavo_Alvarez4003977.xml","32","3","3","0","4","4","13","29","29","29","15.440599999999998","15.042599999999998","2807","OK",""
"4003982__cristian david_caceres4003982.xml","","","","","","","","","","","","","","SKIP","formato excluido: raíz distinta de <project>"
"4003990__Luis_Mendez4003990.xml","45","5","6","1","4","4","27","34","40","39","25.438","23.2065","10235","OK",""
"4004003__Marcelo Alfredo_Gaitan4004003.xml","47","2","2","0","4","4","20","21","45","45","24.15599999999999","19.256999999999994","3357","OK",""
"4004014__Dinorah_Contreras4004014.xml","36","5","4","-1","4","4","22","29","31","32","14.6569","17.7686","3614","OK",""
"4004036__Pablo_Herranz4004036.xml","","","","","","","","","","","","","","SKIP","formato excluido: raíz distinta de <project>"
"4004040__Pablo_Herranz4004040.xml","","","","","","","","","","","","","","SKIP","formato excluido: raíz distinta de <project>"
"4004044__Matias_Piragine4004044.xml","3","1","1","0","3","3","3","3","2","2","1.0188","1.0188","123","OK",""
"4004045__Pablo_Herranz4004045.xml","","","","","","","","","","","","","","SKIP","formato excluido: raíz distinta de <project>"
"4004051__Pablo_Herranz4004051.xml","","","","","","","","","","","","","","SKIP","formato excluido: raíz distinta de <project>"
"4004066__Pablo_Herranz4004066.xml","","","","","","","","","","","","","","SKIP","formato excluido: raíz distinta de <project>"
"4004075__lupita_lopez4004075.xml","56","4","4","0","4","4","22","24","52","52","21.753","20.908399999999997","5394","OK",""
"4004078__Pablo_Herranz4004078.xml","","","","","","","","","","","","","","SKIP","formato excluido: raíz distinta de <project>"
"4004100__Virginia_Filippa4004100.xml","4","1","1","0","3","3","2","2","3","3","3.4972000000000003","3.1052000000000004","156","OK",""
"4004107__Raul_Calderon4004107.xml","","","","","","","","","","","","","","SKIP","formato excluido: raíz distinta de <project>"
"4004110__claudio alberto_rodriguez4004110.xml","43","4","4","0","4","4","22","24","39","39","25.363599999999998","22.621599999999997","2481","OK",""
"4004111__Virginia_Filippa4004111.xml","4","1","1","0","3","3","2","2","3","3","3.4972000000000003","3.1052000000000004","162","OK",""
"4004116__Virginia_Filippa4004116.xml","4","1","1","0","3","3","2","2","3","3","3.4972000000000003","3.1052000000000004","80","OK",""
"4004125__Jose alejandro_Tapia4004125.xml","11","1","1","0","4","4","7","10","10","10","4.562","3.694","842","OK",""
"4004129__lujan agustin_encinas4004129.xml","","","","","","","","","","","","","","SKIP","formato excluido: raíz distinta de <project>"
"4004133__Diego Antonio_Leonardelli4004133.xml","57","3","3","0","4","4","35","33","54","54","30.13119999999999","30.808799999999994","4597","OK",""
"4004138__alexandra_de la fuente hernandez4004138.xml","6","1","1","0","4","3","4","2","5","5","3.0885","1.9735","325","OK",""
"4004149__alexandra_de la fuente hernandez4004149.xml","11","1","","","","","","","","","","","0","ERROR","La pieza ""P1"" (2440×99.6 mm) no entra en una placa útil de 2435×1215 mm."
"4004150__cristian david_caceres4004150.xml","","","","","","","","","","","","","","SKIP","formato excluido: raíz distinta de <project>"
"4004151__Alejandro_Campal4004151.xml","53","6","6","0","4","4","35","39","47","47","41.572799999999994","34.396800000000006","7127","OK",""
"4004161__cristian david_caceres4004161.xml","","","","","","","","","","","","","","SKIP","formato excluido: raíz distinta de <project>"
"4004162__Luis_Mendez4004162.xml","23","4","4","0","4","4","16","18","19","19","11.5045","11.5535","2660","OK",""
"4004170__cristian david_caceres4004170.xml","","","","","","","","","","","","","","SKIP","formato excluido: raíz distinta de <project>"
"4004179__alexandra_de la fuente hernandez4004179.xml","8","1","1","0","4","4","4","6","7","7","3.7408999999999994","2.8709","595","OK",""
"4004181__Alfredo_Soto4004181.xml","10","2","2","0","4","4","10","10","8","8","5.5898","3.0898000000000003","896","OK",""
"4004186__cristian david_caceres4004186.xml","","","","","","","","","","","","","","SKIP","formato excluido: raíz distinta de <project>"
"4004190__Matias_Piragine4004190.xml","17","2","2","0","3","3","5","7","15","15","7.9025","8.2515","1439","OK",""
"4004198__Alejandro_Campal4004198.xml","8","2","2","0","4","4","4","4","6","6","5.3664","5.3664","552","OK",""
"4004202__Juan Roberto_Martinez4004202.xml","22","2","2","0","7","4","22","20","20","20","11.756999999999996","6.741","2280","OK",""
"4004223__emporio_madera4004223.xml","","","","","","","","","","","","","","SKIP","formato excluido: raíz distinta de <project>"
"4004226__Diego Antonio_Leonardelli4004226.xml","57","5","4","-1","4","4","45","47","52","53","36.098","34.568599999999996","10099","OK",""
"4004237__Diego Antonio_Leonardelli4004237.xml","9","2","2","0","4","4","9","6","7","7","5.7608","5.965799999999999","7993","OK",""
"4004253__Marcelo_Palenque4004253.xml","","","","","","","","","","","","","","SKIP","formato excluido: raíz distinta de <project>"
"4004262__Juan Roberto_Martinez4004262.xml","27","1","1","0","10","4","17","17","26","26","13.195399999999992","10.425399999999996","1463","OK",""
"4004270__VENTAS_EGGER RG4004270.xml","13","1","1","0","3","4","9","12","12","12","5.748399999999999","2.506","811","OK",""
"4004277__Nelly_Araujo4004277.xml","12","2","2","0","4","3","9","9","10","10","6.893","4.517","665","OK",""
"4004283__Nelly_Araujo4004283.xml","8","1","1","0","4","4","5","7","7","7","4.8995","2.4815","522","OK",""
"4004288__Fabian_ponce4004288.xml","22","1","1","0","4","4","9","18","21","21","7.7074","5.652799999999999","1447","OK",""
"4004290__Juan Roberto_Martinez4004290.xml","83","4","4","0","9","5","55","65","79","79","43.79619999999999","42.26559999999999","13316","OK",""
"4004294__ELSA_M4004294.xml","1","1","1","0","3","3","1","1","0","0","0","0","194","OK",""
"4004295__gloria adriana_cortines4004295.xml","18","2","2","0","3","3","7","7","16","16","7.432","5.952","1432","OK",""
"4004303__Nelly_Araujo4004303.xml","26","2","2","0","4","5","13","17","24","24","12.378","11.168","4423","OK",""
"4004329__cristian david_caceres4004329.xml","","","","","","","","","","","","","","SKIP","formato excluido: raíz distinta de <project>"
"4004331__Joel_Ayala4004331.xml","141","9","9","0","5","4","85","103","132","132","80.69579999999999","76.38029999999999","8423","OK",""
"4004337__victor_moneta4004337.xml","","","","","","","","","","","","","","SKIP","formato excluido: raíz distinta de <project>"
"4004367__matias facundo_oyola4004367.xml","62","3","3","0","4","4","32","41","59","59","22.5426","26.076599999999992","4446","OK",""
"4004385__Lizandro_Chirinos del Angel4004385.xml","32","4","4","0","4","4","14","19","28","28","10.806199999999999","15.801199999999998","39771","OK",""
"4004397__Fabian_ponce4004397.xml","24","1","1","0","4","4","12","12","23","23","8.141000000000002","7.139400000000001","1694","OK",""
"4004409__Joel_Ayala4004409.xml","8","4","4","0","4","3","6","6","4","4","4.5946","4.414599999999999","11493","OK",""
"4004415__Joel_Ayala4004415.xml","8","4","4","0","4","3","6","6","4","4","4.5946","4.414599999999999","11872","OK",""
"4004417__Joel_Ayala4004417.xml","8","4","4","0","4","3","6","6","4","4","4.5946","4.414599999999999","12432","OK",""
"4004430__Mariano_Centeno Crowley4004430.xml","29","2","2","0","4","4","22","25","27","27","13.879299999999999","13.353299999999997","2743","OK",""
"4004439__Juan Fernando _Maldonado4004439.xml","","","","","","","","","","","","","","SKIP","formato excluido: raíz distinta de <project>"
"4004445__Pablo_Morganti4004445.xml","10","1","1","0","4","4","6","7","9","9","4.5396","4.639600000000001","572","OK",""
"4004449__Danilo_Gonzalez4004449.xml","","","","","","","","","","","","","","SKIP","formato excluido: raíz distinta de <project>"
"4004452__Marcelo Alfredo_Gaitan4004452.xml","60","1","1","0","4","4","17","17","59","59","19.465600000000006","14.253599999999985","4700","OK",""
"4004466__Leonel_Vignatti4004466.xml","","","","","","","","","","","","","","SKIP","formato excluido: raíz distinta de <project>"
"4004467__Matias_Piragine4004467.xml","12","2","2","0","4","4","9","9","10","10","8.395","5.902","690","OK",""
"4004472__Pablo Javier_Giacobino Ruibal4004472.xml","26","2","2","0","5","4","22","23","24","24","13.466599999999996","12.324099999999998","2282","OK",""
"4004478__Danilo_Gonzalez4004478.xml","","","","","","","","","","","","","","SKIP","formato excluido: raíz distinta de <project>"
"4004482__matias facundo_oyola4004482.xml","116","6","6","0","4","4","73","57","110","110","53.56399999999998","56.787999999999975","32386","OK",""
"4004485__Marcos _Cumini Londero4004485.xml","","","","","","","","","","","","","","SKIP","formato excluido: raíz distinta de <project>"
"4004494__matias facundo_oyola4004494.xml","62","3","3","0","4","4","32","41","59","59","22.5426","26.076599999999992","4542","OK",""
"4004502__claudio alberto_rodriguez4004502.xml","99","10","10","0","4","4","48","52","89","89","63.6796","65.37759999999999","22355","OK",""
"4004503__Matias_Piragine4004503.xml","30","3","3","0","4","4","12","13","27","27","16.366799999999998","14.806299999999998","2048","OK",""
"4004519__Karen_Crespo4004519.xml","11","1","1","0","4","4","10","7","10","10","9.644","4.21","787","OK",""
"4004530__Mariano_Centeno Crowley4004530.xml","20","1","1","0","4","4","12","20","19","19","13.854599999999996","5.677599999999996","1798","OK",""
"4004534__Mega_Maderas4004534.xml","10","1","1","0","3","3","2","2","9","9","4.3296","4.3296","457","OK",""
"4004536__Mega_Maderas4004536.xml","38","1","1","0","4","4","23","31","37","37","9.744799999999993","7.174799999999998","2599","OK",""
"4004542__lujan agustin_encinas4004542.xml","","","","","","","","","","","","","","SKIP","formato excluido: raíz distinta de <project>"
"4004552__Jose_Nava4004552.xml","30","2","2","0","3","3","8","8","28","28","10.976","10.976","3970","OK",""
"4004559__alexandra_de la fuente hernandez4004559.xml","8","2","2","0","4","4","8","8","6","6","3.597","3.427","312","OK",""
"4004560__Marcos _Cumini Londero4004560.xml","","","","","","","","","","","","","","SKIP","formato excluido: raíz distinta de <project>"
"4004561__Nelly_Araujo4004561.xml","47","3","3","0","4","4","17","11","44","44","15.133","17.791","3171","OK",""
"4004567__Rodrigo_Baio4004567.xml","8","1","1","0","4","4","7","3","7","7","5.380799999999999","3.4808000000000003","473","OK",""
"4004569__alexandra_de la fuente hernandez4004569.xml","3","1","1","0","3","3","2","2","2","2","1.759","1.759","136","OK",""
"4004573__claudio alberto_rodriguez4004573.xml","16","3","3","0","4","3","10","6","13","13","12.3072","11.2072","694","OK",""
"4004577__Pedro_Pliachikas4004577.xml","19","1","1","0","4","4","13","12","18","18","10.707199999999997","10.504199999999997","1928","OK",""
"4004588__lujan agustin_encinas4004588.xml","","","","","","","","","","","","","","SKIP","formato excluido: raíz distinta de <project>"
"4004597__Rodrigo_Baio4004597.xml","24","1","1","0","4","4","11","9","23","23","7.371199999999997","5.711199999999999","1339","OK",""
"4004604__ruben_gualtieri_59_ruben_gualtieri_594004604.xml","37","2","2","0","4","4","24","27","35","35","14.85","12.514","3021","OK",""
"4004610__Agustin_Finci4004610.xml","","","","","","","","","","","","","","SKIP","formato excluido: raíz distinta de <project>"
"4004611__Nelly_Araujo4004611.xml","10","2","2","0","3","4","6","7","8","8","5.836","4.4405","1055","OK",""
"4004614__JOSE PABLO_TOMAS VALENCIA4004614.xml","12","1","1","0","3","3","3","7","11","11","4.1095","3.6695","642","OK",""
"4004619__Nelly_Araujo4004619.xml","4","1","1","0","3","3","3","3","3","3","2.0635","2.0635","166","OK",""
"4004621__JOSE PABLO_TOMAS VALENCIA4004621.xml","24","2","2","0","4","4","17","15","22","22","9.622","9.344","1938","OK",""
"4004622__Matias_Mariangeli4004622.xml","","","","","","","","","","","","","","SKIP","formato excluido: raíz distinta de <project>"
"4004624__Matias_Mariangeli4004624.xml","","","","","","","","","","","","","","SKIP","formato excluido: raíz distinta de <project>"
"4004627__Matias_Mariangeli4004627.xml","","","","","","","","","","","","","","SKIP","formato excluido: raíz distinta de <project>"
"4004635__Cesar Norberto_Molina 4004635.xml","","","","","","","","","","","","","","SKIP","formato excluido: raíz distinta de <project>"
"4004637__Alberto_Aguilera4004637.xml","10","2","2","0","4","4","6","7","8","8","5.1756","4.0616","820","OK",""
"4004644__Mauro Miguel_Sliwinski Vera4004644.xml","11","1","1","0","4","4","7","9","10","10","5.446","4.19","1121","OK",""
"4004650__Julio_Ali4004650.xml","","","","","","","","","","","","","","SKIP","formato excluido: raíz distinta de <project>"
"4004660__emporio_madera4004660.xml","","","","","","","","","","","","","","SKIP","formato excluido: raíz distinta de <project>"
"4004661__CAOBA_CAOBA4004661.xml","39","6","6","0","4","4","24","25","33","33","28.64","25.385","2823","OK",""
"4004662__Cesar Norberto_Molina 4004662.xml","","","","","","","","","","","","","","SKIP","formato excluido: raíz distinta de <project>"
"4004664__Nelly_Araujo4004664.xml","18","1","1","0","4","3","9","11","17","17","9.7795","6.2165","1028","OK",""
"4004690__Alejandro_Villafane4004690.xml","4","1","1","0","3","3","2","2","3","3","2.1132","1.5131999999999999","200","OK",""
"4004722__Carpinteross_Rio grandee4004722.xml","73","6","6","0","4","4","42","46","67","67","45.98279999999999","45.273599999999995","16410","OK",""
"4004723__Carpinteross_Rio grandee4004723.xml","73","6","6","0","4","4","42","46","67","67","45.98279999999999","45.273599999999995","16850","OK",""
"4004727__Nicolas_Scalko4004727.xml","54","1","1","0","3","3","9","9","53","53","15.263199999999987","15.263199999999987","1864","OK",""
"4004735__Sara_Benedict4004735.xml","","","","","","","","","","","","","","SKIP","formato excluido: raíz distinta de <project>"
"4004741__Martin_Da costa4004741.xml","7","1","1","0","4","4","5","6","6","6","3.5304","3.1444","385","OK",""
"4004760__Cesar Norberto_Molina 4004760.xml","","","","","","","","","","","","","","SKIP","formato excluido: raíz distinta de <project>"
"4004761__Carpinteross_Rio grandee4004761.xml","13","2","2","0","4","4","6","6","11","11","6.304399999999999","6.0344","682","OK",""
"4004799__daniel_miniovich4004799.xml","21","1","1","0","4","4","17","13","20","20","9.472999999999995","7.663999999999996","1303","OK",""
"4004804__Pablo_Gorgal4004804.xml","10","2","2","0","4","4","6","5","8","8","5.115","5.03","5397","OK",""
"4004805__emporio_madera4004805.xml","","","","","","","","","","","","","","SKIP","formato excluido: raíz distinta de <project>"
"4004824__Pablo_Gorgal4004824.xml","8","1","1","0","3","3","2","2","7","7","4.55","4.55","426","OK",""
"4004836__Ernesto_Malcherczyk4004836.xml","","","","","","","","","","","","","","SKIP","formato excluido: raíz distinta de <project>"
"4004845__Nicolas_Scalko4004845.xml","2","1","1","0","4","4","2","2","1","1","0.9544","0.4294","133","OK",""
"4004864__Angeles _Echenique4004864.xml","","","","","","","","","","","","","","SKIP","formato excluido: raíz distinta de <project>"
"4004875__Pablo_Carrieri4004875.xml","","","","","","","","","","","","","","SKIP","formato excluido: raíz distinta de <project>"
"4004880__SILVIO HERNAL_TORRES4004880.xml","7","1","1","0","3","3","3","3","6","6","5.506399999999999","5.3564","270","OK",""
"4004885__Pablo_Carrieri4004885.xml","","","","","","","","","","","","","","SKIP","formato excluido: raíz distinta de <project>"
"4004921__Angeles _Echenique4004921.xml","","","","","","","","","","","","","","SKIP","formato excluido: raíz distinta de <project>"
"4004925__Virginia_Filippa4004925.xml","4","1","1","0","3","3","2","2","3","3","3.4972000000000003","3.1052000000000004","134","OK",""
"4004964__CAOBA_CAOBA4004964.xml","27","1","1","0","4","4","23","19","26","26","11.8715","9.942","1847","OK",""
"4004967__emporio_madera4004967.xml","","","","","","","","","","","","","","SKIP","formato excluido: raíz distinta de <project>"
"4004986__emporio_madera4004986.xml","","","","","","","","","","","","","","SKIP","formato excluido: raíz distinta de <project>"
"4005011__fabricio_paz perez4005011.xml","4","1","1","0","3","3","2","2","3","3","3.1132000000000004","3.1132000000000004","180","OK",""
"4005016__JOSE MARIA_BRACAMONTE4005016.xml","","","","","","","","","","","","","","SKIP","formato excluido: raíz distinta de <project>"
"4005017__fabricio_paz perez4005017.xml","4","1","1","0","3","3","2","2","3","3","3.4932000000000003","3.1032","151","OK",""
"4005030__JOSE MARIA_BRACAMONTE4005030.xml","","","","","","","","","","","","","","SKIP","formato excluido: raíz distinta de <project>"
"4005032__VENTAS_EGGER RG4005032.xml","3","2","","","","","","","","","","","0","ERROR","La pieza ""P1"" (2440×430 mm) no entra en una placa útil de 2435×1215 mm."
"4005034__matias facundo_oyola4005034.xml","66","4","4","0","4","4","46","37","62","62","31.929799999999993","35.70979999999999","4870","OK",""
"4005036__jonathan_cardozo4005036.xml","99","8","8","0","4","4","65","61","91","91","68.019","67.888","6394","OK",""
"4005037__Emiliano Martin_Fernandez4005037.xml","47","3","3","0","4","4","22","39","44","44","21.4076","22.43959999999999","3664","OK",""
"4005053__JOSE MARIA_BRACAMONTE4005053.xml","","","","","","","","","","","","","","SKIP","formato excluido: raíz distinta de <project>"
"4005055__Miriam_Dominguez4005055.xml","23","1","1","0","4","4","11","8","22","22","10.106799999999996","9.460799999999997","1850","ERROR","multiset piezas; "
"4005057__lujan agustin_encinas4005057.xml","","","","","","","","","","","","","","SKIP","formato excluido: raíz distinta de <project>"
"4005067__Diego_Villalba4005067.xml","67","2","2","0","4","4","37","48","65","65","31.946","18.73199999999999","5328","OK",""
"4005073__Mega_Maderas4005073.xml","46","3","3","0","4","4","19","24","43","43","25.797199999999993","19.143199999999997","3147","OK",""
"4005082__JOSE MARIA_BRACAMONTE4005082.xml","","","","","","","","","","","","","","SKIP","formato excluido: raíz distinta de <project>"
"4005087__Damian Ponce_ponce4005087.xml","8","1","1","0","3","3","2","2","7","7","3.9508","3.6008","365","OK",""
"4005090__Jonny_Catuto4005090.xml","","","","","","","","","","","","","","SKIP","formato excluido: raíz distinta de <project>"
"4005093__Damian Ponce_ponce4005093.xml","78","6","6","0","4","4","37","44","72","72","47.3388","48.66979999999999","80456","OK",""
"4005097__Diego_Villalba4005097.xml","21","1","1","0","4","4","9","12","20","20","7.7029999999999985","8.220999999999998","1256","OK",""
"4005105__Maximiliano_Barrera4005105.xml","6","1","1","0","4","3","5","3","5","5","2.022","1.718","385","OK",""
"4005111__VENTAS_EGGER RG4005111.xml","43","4","3","-1","4","4","32","28","39","40","25.8848","27.0036","9602","OK",""
"4005120__Luis_Mendez4005120.xml","200","17","17","0","4","4","137","128","183","183","109.2075","95.8855","13092","OK",""
"4005123__Fernando _VICINI4005123.xml","","","","","","","","","","","","","","SKIP","formato excluido: raíz distinta de <project>"
"4005125__Fernando _VICINI4005125.xml","","","","","","","","","","","","","","SKIP","formato excluido: raíz distinta de <project>"
"4005132__JOSE MARIA_BRACAMONTE4005132.xml","","","","","","","","","","","","","","SKIP","formato excluido: raíz distinta de <project>"
"4005133__Fernando _VICINI4005133.xml","","","","","","","","","","","","","","SKIP","formato excluido: raíz distinta de <project>"
"4005134__Dalmasio_Rossetti4005134.xml","10","3","3","0","5","3","6","5","7","7","3.5338000000000003","2.4398","7674","OK",""
"4005139__JOSE MARIA_BRACAMONTE4005139.xml","","","","","","","","","","","","","","SKIP","formato excluido: raíz distinta de <project>"
"4005162__VENTAS_EGGER RG4005162.xml","83","5","5","0","4","4","53","52","78","78","48.50639999999999","44.550799999999995","7548","OK",""
"4005165__Jorge_Cobe4005165.xml","41","2","2","0","4","4","29","31","39","39","13.163099999999996","11.631599999999997","3061","OK",""
"4005171__JOSE MARIA_BRACAMONTE4005171.xml","","","","","","","","","","","","","","SKIP","formato excluido: raíz distinta de <project>"
"4005180__Maximiliano_Santoro4005180.xml","22","1","1","0","4","4","12","12","21","21","11.666400000000001","12.317","1365","OK",""
"4005199__Ramon_Mata4005199.xml","6","1","1","0","3","3","3","3","5","5","3.1325","3.1325","132","OK",""
"4005201__Carlos Gustavo_San Miguel4005201.xml","93","9","9","0","6","4","50","56","84","84","60.42319999999999","52.7446","5199","OK",""
"4005203__matias facundo_oyola4005203.xml","16","2","2","0","4","4","16","15","14","14","8.996599999999999","8.561599999999999","1286","OK",""
"4005214__alexandra_de la fuente hernandez4005214.xml","7","1","1","0","4","4","3","3","6","6","4.297","3.862","287","OK",""
"4005217__mario_da costa4005217.xml","20","3","3","0","4","3","16","15","18","17","8.6142","7.9668","1329","OK",""
"4005226__VENTAS_EGGER RG4005226.xml","60","3","3","0","4","4","35","41","57","57","33.1942","33.64300000000001","5919","OK",""
"4005233__Matias_Sosa4005233.xml","6","1","1","0","3","3","2","2","5","5","2.924","2.301","210","OK",""
"4005237__Mauricio_Bazan4005237.xml","48","2","2","0","4","4","29","30","46","46","20.216399999999993","16.104399999999995","3352","OK",""
"4005250__Carlos Gustavo_San Miguel4005250.xml","26","3","3","0","4","4","9","17","23","23","12.620399999999998","10.4562","1840","OK",""
"4005251__VENTAS_EGGER RG4005251.xml","10","2","2","0","4","4","9","9","8","8","6.8292","6.3812","617","OK",""
"4005263__Carlos Gustavo_San Miguel4005263.xml","7","1","1","0","4","4","6","6","6","6","3.3032000000000004","1.2332000000000003","327","OK",""
"4005294__Mauricio_Bazan4005294.xml","9","1","1","0","3","4","2","5","8","8","3.3182","2.0932","540","OK",""
"4005296__Adrian_Maru4005296.xml","2","1","1","0","3","3","2","2","1","1","0.7044","0.7044","119","OK",""
"4005299__l Hugo Horacio_Mercadal4005299.xml","171","13","12","-1","4","4","105","115","158","159","96.11319999999995","82.79159999999997","9190","OK",""
"4005304__Pablo_Camps4005304.xml","19","1","1","0","4","4","10","10","18","18","9.669199999999996","7.3291999999999975","1031","OK",""
"4005308__carlos_ithuralde4005308.xml","27","3","3","0","4","4","19","20","25","24","16.060999999999996","17.293599999999998","2151","OK",""
"4005323__carlos_ithuralde4005323.xml","2","1","1","0","3","3","2","2","1","1","0.4794","0.4794","101","OK",""
"4005332__l Hugo Horacio_Mercadal4005332.xml","17","2","2","0","4","4","9","11","15","15","10.066","8.942","1117","OK",""
"4005349__DARIO ABEL_LUCIANI4005349.xml","46","1","1","0","4","4","21","28","45","45","11.436499999999988","8.491999999999992","2628","OK",""
"4005368__Ezequiel_Palomino4005368.xml","4","1","1","0","3","3","3","3","3","3","3.1872","1.3132","324","OK",""
"4005394__damian_espada4005394.xml","","","","","","","","","","","","","","SKIP","formato excluido: raíz distinta de <project>"
"4005402__NELSON_MONTENEGRO4005402.xml","10","1","1","0","3","3","3","2","9","9","3.0596000000000005","2.3596","491","OK",""
"4005406__NELSON_MONTENEGRO4005406.xml","65","2","2","0","4","4","21","28","63","63","22.85919999999999","17.755199999999995","3482","OK",""
"4005409__mario_da costa4005409.xml","20","3","3","0","4","3","16","15","18","17","8.6142","7.9668","1336","OK",""
"4005416__NELSON_MONTENEGRO4005416.xml","12","1","1","0","4","3","8","8","11","11","6.7474","4.4434","730","OK",""
"4005445__Nelly_Araujo4005445.xml","9","2","2","0","3","3","4","6","7","7","5.0755","4.0055","506","OK",""
"4005450__Gerardo_Legue4005450.xml","108","1","1","0","3","4","11","29","107","107","26.60159999999996","17.26080000000002","3478","OK",""
"4005457__Nelly_Araujo4005457.xml","19","4","","","","","","","","","","","0","ERROR","La pieza ""P13"" (2440×799 mm) no entra en una placa útil de 2435×1215 mm."
"4005458__Augusto Scocco_Augusto Scocco4005458.xml","70","3","3","0","7","5","56","56","67","67","36.94439999999999","35.75819999999998","8452","OK",""
"4005462__Jeremias_Romero4005462.xml","20","2","2","0","4","4","16","19","18","18","10.3142","8.8822","1740","OK",""
"4005464__Alejandro_Herrera4005464.xml","","","","","","","","","","","","","","SKIP","formato excluido: raíz distinta de <project>"
"4005468__Esteban_Mercadal4005468.xml","","","","","","","","","","","","","","SKIP","formato excluido: raíz distinta de <project>"
"4005487__Jeremias_Romero4005487.xml","21","2","2","0","4","4","11","14","19","19","9.8806","9.311599999999997","1270","OK",""
"4005489__VENTAS_EGGER RG4005489.xml","24","3","3","0","4","4","14","15","21","21","11.6418","10.9356","1596","OK",""
"4005499__Jeremias_Romero4005499.xml","5","2","2","0","3","3","2","2","3","3","1.7832000000000001","1.7832000000000001","136","OK",""
"4005501__Luis_Mendez4005501.xml","19","3","3","0","4","4","18","17","16","16","12.148","7.39","2602","OK",""
"4005512__Mauricio_Bazan4005512.xml","52","2","2","0","4","4","28","38","50","50","15.813999999999997","16.02099999999999","4306","OK",""
"4005514__Jeremias_Romero4005514.xml","6","1","1","0","4","4","3","4","5","5","2.9020000000000006","2.3964000000000003","343","OK",""
"4005580__Diego_Bachmann4005580.xml","","","","","","","","","","","","","","SKIP","formato excluido: raíz distinta de <project>"
"4005582__Omar_MENDIETA4005582.xml","35","4","3","-1","7","4","22","24","31","32","17.5796","16.5548","2725","OK",""
"4005585__fernando javier_cattaneo4005585.xml","48","5","4","-1","4","5","35","68","43","44","28.5182","24.699999999999996","14634","ERROR","multiset piezas; "
"4005586__fernando javier_cattaneo4005586.xml","21","2","2","0","4","4","13","15","19","19","13.759599999999999","9.809599999999998","1236","OK",""
"4005590__Omar_MENDIETA4005590.xml","104","5","5","0","8","4","61","58","99","99","51.79219999999998","58.02159999999999","5553","OK",""
"4005597__lupita_lopez4005597.xml","81","8","7","-1","4","4","52","48","73","74","40.2525","39.5504","6344","OK",""
"4005612__lupita_lopez4005612.xml","20","2","2","0","4","4","12","14","18","18","8.858","7.461","1562","OK",""
"4005620__Carpinteross_Rio grandee4005620.xml","3","1","1","0","3","3","1","1","2","2","1.0288","0.1288","125","OK",""
"4005636__fernando javier_cattaneo4005636.xml","48","4","4","0","4","4","33","33","44","44","28.74059999999999","30.77959999999999","7310","ERROR","multiset piezas; "
"4005666__Selene_Casas4005666.xml","22","3","3","0","4","4","17","19","19","19","7.786899999999999","7.5255","2586","OK",""
"4005695__Luis_Bonsignore4005695.xml","","","","","","","","","","","","","","SKIP","formato excluido: raíz distinta de <project>"
"4005703__Maximiliano_Santoro4005703.xml","48","2","2","0","4","4","12","14","46","46","11.299399999999995","13.43839999999999","25301","OK",""
"4005744__Dinorah_Contreras4005744.xml","72","5","5","0","4","4","33","35","67","67","35.108700000000006","29.763099999999998","4090","OK",""
"4005755__Dinorah_Contreras4005755.xml","13","2","2","0","3","4","3","6","11","11","3.5107","6.480699999999999","543","OK",""
"4005763__VALKA_VALKA SRL4005763.xml","19","1","1","0","5","4","10","16","18","18","5.766599999999999","4.536200000000001","1208","OK",""
"4005770__Selene_Casas4005770.xml","25","2","2","0","4","4","17","16","23","23","14.213700000000001","15.4171","3296","OK",""
"4005771__Juan Roberto_Martinez4005771.xml","19","2","2","0","7","4","16","14","17","17","11.487599999999997","10.448799999999999","1944","OK",""
"4005773__Juan Roberto_Martinez4005773.xml","92","4","4","0","7","4","52","59","88","88","48.36959999999999","51.954199999999986","5591","OK",""
"4005777__Nicolas_Scalko4005777.xml","42","3","3","0","4","4","24","27","39","39","27.032","20.3162","2641","OK",""
"4005779__Maximiliano_Santoro4005779.xml","1308","5","4","-1","4","4","74","80","1303","1304","98.22820000000074","100.54660000000071","44151","OK",""
"4005785__Gleb_Velichko4005785.xml","96","7","7","0","4","4","74","80","89","89","60.827599999999975","57.677599999999984","8525","OK",""
"4005793__Selene_Casas4005793.xml","10","1","1","0","3","3","1","10","9","9","1.0305","1.0305","386","OK",""
"4005800__Gleb_Velichko4005800.xml","21","1","1","0","4","4","16","17","20","20","10.995999999999997","8.330999999999998","1445","OK",""
"4005803__Patricio_Fernandez4005803.xml","18","2","2","0","4","4","15","17","16","16","9.8292","7.9026","1275","OK",""
"4005805__Gleb_Velichko4005805.xml","9","1","1","0","4","4","9","8","8","8","5.4112","4.4681999999999995","767","OK",""
"4005809__Esteban_Mercadal4005809.xml","","","","","","","","","","","","","","SKIP","formato excluido: raíz distinta de <project>"
"4005819__Dinorah_Contreras4005819.xml","68","4","4","0","4","4","28","20","64","64","30.697600000000005","19.115199999999998","4259","OK",""
"4005824__Lizandro_Chirinos del Angel4005824.xml","36","4","4","0","4","4","19","27","32","32","17.193199999999997","19.061799999999998","3178","OK",""
"4005826__Nelly_Araujo4005826.xml","48","5","","","","","","","","","","","0","ERROR","La pieza ""P8"" (2440×550 mm) no entra en una placa útil de 2435×1215 mm."
"4005840__Patricio_Fernandez4005840.xml","32","2","2","0","4","4","16","13","30","30","10.022399999999998","11.5908","1738","OK",""
"4005861__Luis_Mendez4005861.xml","3","1","","","","","","","","","","","0","ERROR","La pieza ""P1"" (2440×260 mm) no entra en una placa útil de 2435×1215 mm."
"4005880__Luis_Mendez4005880.xml","3","1","","","","","","","","","","","0","ERROR","La pieza ""P1"" (2440×260 mm) no entra en una placa útil de 2435×1215 mm."
"4005894__JV_4005894.xml","28","3","3","0","4","4","14","17","25","25","13.106","13.267999999999999","1982","OK",""
"4005896__Marcelo_Gauna diaz4005896.xml","83","3","3","0","4","4","49","45","80","80","37.67","29.012","5772","OK",""
"4005911__ruben_gualtieri_59_ruben_gualtieri_594005911.xml","1","1","1","0","3","3","1","1","0","0","0","0","120","OK",""
"4005925__ruben_gualtieri_59_ruben_gualtieri_594005925.xml","4","1","1","0","3","4","2","2","3","3","1.811","1.509","201","OK",""
"4005932__ALDANA_HANSEN4005932.xml","73","4","4","0","4","4","43","32","69","69","40.459599999999995","34.108599999999996","6944","OK",""
"4005939__JV_4005939.xml","9","3","3","0","4","4","8","7","6","6","8.016399999999999","1.5364","7608","OK",""
"4005991__gustavo_bolano4005991.xml","38","1","1","0","4","4","20","18","37","37","16.356799999999993","13.172799999999992","2265","OK",""
"4006071__DANIEL_ACUNA4006071.xml","78","4","4","0","7","4","47","56","74","74","37.588999999999984","35.883599999999994","5647","OK",""
"4006079__Mega_Maderas4006079.xml","14","1","1","0","3","3","5","5","13","13","5.757199999999999","5.757199999999999","364","OK",""
"4006096__lupita_lopez4006096.xml","28","4","4","0","4","4","18","23","24","24","16.6226","15.384999999999998","2070","OK",""
"4006100__ALDANA_HANSEN4006100.xml","30","3","3","0","4","4","16","14","27","27","16.2588","16.767799999999998","2238","OK",""
"4006105__lupita_lopez4006105.xml","2","1","","","","","","","","","","","0","ERROR","La pieza ""P1"" (2435×299.2 mm) no entra en una placa útil de 2430×1210 mm."
"4006109__Dinorah_Contreras4006109.xml","3","1","1","0","4","3","2","2","2","2","0.9957999999999999","0.9957999999999999","127","OK",""
"4006127__Mega_Maderas4006127.xml","34","5","4","-1","4","4","21","29","29","30","12.802200000000001","13.509000000000002","1509","OK",""
"4006129__Mega_Maderas4006129.xml","75","12","11","-1","4","4","53","45","63","64","26.662200000000002","41.806599999999996","25401","OK",""
"4006131__Gustavo_Molina4006131.xml","","","","","","","","","","","","","","SKIP","formato excluido: raíz distinta de <project>"
"4006133__Mega_Maderas4006133.xml","61","6","6","0","4","4","25","38","55","55","29.9384","28.082","7707","OK",""
"4006136__sofia_schunk4006136.xml","20","1","1","0","4","4","16","17","19","19","6.572599999999999","6.406599999999998","1342","OK",""
"4006145__Gustavo_Molina4006145.xml","","","","","","","","","","","","","","SKIP","formato excluido: raíz distinta de <project>"
"4006150__Nelly_Araujo4006150.xml","12","2","2","0","3","3","6","6","10","10","6.571","6.094","720","OK",""
"4006171__Gustavo_Molina4006171.xml","","","","","","","","","","","","","","SKIP","formato excluido: raíz distinta de <project>"
"4006177__Nelly_Araujo4006177.xml","51","7","7","0","4","4","37","38","44","44","29.054","28.181","3682","OK",""
"4006179__Mega_Maderas4006179.xml","16","1","1","0","4","3","6","11","15","15","7.586","3.9460000000000006","934","OK",""
"4006189__Nelly_Araujo4006189.xml","8","2","2","0","4","3","6","6","6","6","5.421","3.12","343","OK",""
"4006193__Nelly_Araujo4006193.xml","21","4","4","0","3","4","12","19","17","17","11.5185","11.0075","1050","OK",""
"4006233__Ailen Micaela_Salvo4006233.xml","15","1","1","0","4","4","6","6","14","14","7.612599999999999","6.810599999999998","1178","OK",""
"4006243__Ailen Micaela_Salvo4006243.xml","18","3","3","0","4","4","11","8","15","15","10.27","10.483","12686","OK",""
"4006252__Mega_Maderas4006252.xml","32","1","1","0","3","3","3","3","31","31","6.416399999999998","6.746399999999994","1363","OK",""
"4006259__Mega_Maderas4006259.xml","32","1","1","0","4","3","4","3","31","31","6.746399999999994","6.746399999999994","1701","OK",""
"4006271__Mega_Maderas4006271.xml","9","1","1","0","4","3","4","3","8","8","4.7202","2.9252000000000002","515","OK",""
"4006273__gloria adriana_cortines4006273.xml","5","1","1","0","4","3","3","2","4","4","4.888","2.198","184","OK",""
"4006280__Mario_Fuentes4006280.xml","2","1","1","0","3","3","2","2","1","1","0.4664","0.45439999999999997","143","OK",""
"4006282__Mega_Maderas4006282.xml","32","1","1","0","4","3","7","3","31","31","7.076399999999994","6.746399999999994","1175","OK",""
"4006283__Ailen Micaela_Salvo4006283.xml","79","4","4","0","4","4","40","39","75","75","39.143999999999984","35.47099999999998","4929","OK",""
"4006286__Mega_Maderas4006286.xml","9","1","1","0","4","3","4","3","8","8","4.7202","2.9252000000000002","352","OK",""
"4006297__Pablo_Ravetta4006297.xml","22","1","1","0","4","4","14","15","21","21","9.315399999999999","8.051399999999997","1354","OK",""
"4006299__Ailen Micaela_Salvo4006299.xml","75","5","5","0","4","4","28","40","70","70","43.501999999999995","35.44899999999999","4871","OK",""
"4006305__Mario_Fuentes4006305.xml","16","1","1","0","4","5","8","8","15","15","10.581999999999997","9.947999999999999","2163","OK",""
"4006307__joel_kibich4006307.xml","27","2","2","0","6","4","14","14","25","25","14.067999999999996","14.559999999999999","1915","OK",""
"4006308__Natalia_Requejo4006308.xml","56","3","3","0","4","4","28","30","53","53","33.605","31.441","3351","OK",""
"4006309__Demetrio_Reyna4006309.xml","21","1","1","0","4","4","15","17","20","20","7.557999999999998","6.921999999999998","1309","OK",""
"4006310__Pablo_Ravetta4006310.xml","58","1","1","0","4","4","25","25","57","57","29.807800000000018","29.80780000000002","3044","OK",""
"4006312__Natalia_Requejo4006312.xml","56","3","3","0","4","4","28","30","53","53","33.605","31.441","3667","OK",""
"4006315__Natalia_Requejo4006315.xml","56","3","3","0","4","4","28","30","53","53","33.605","31.441","3331","OK",""
"4006318__Mega_Maderas4006318.xml","3","1","1","0","3","3","1","3","2","2","0.7888","0.7888","154","OK",""
"4006325__Natalia_Requejo4006325.xml","56","3","3","0","4","4","28","30","53","53","33.605","31.441","3242","OK",""
"4006329__Mega_Maderas4006329.xml","3","1","1","0","3","3","1","3","2","2","0.7888","0.7888","142","OK",""
"4006330__Natalia_Requejo4006330.xml","56","3","3","0","4","4","28","30","53","53","33.605","31.441","3486","OK",""
"4006335__Natalia_Requejo4006335.xml","56","3","3","0","4","4","28","27","53","53","28.779","31.377","3855","OK",""
"4006340__Mega_Maderas4006340.xml","3","1","1","0","3","3","1","3","2","2","0.7888","0.7888","160","OK",""
"4006347__Mega_Maderas4006347.xml","215","7","7","0","4","4","54","34","208","208","49.27519999999996","46.99519999999997","4998","OK",""
"4006348__Natalia_Requejo4006348.xml","56","3","3","0","4","4","28","27","53","53","28.759","31.377","4274","OK",""
"4006355__Natalia_Requejo4006355.xml","56","3","3","0","4","4","28","27","53","53","28.779","31.377","5002","OK",""
"4006358__Natalia_Requejo4006358.xml","56","3","3","0","4","4","28","30","53","53","33.585","31.437","4465","OK",""
"4006360__Mario_Fuentes4006360.xml","10","1","1","0","4","4","6","6","9","9","10.001599999999998","8.7076","1174","OK",""
"4006363__Mario_Fuentes4006363.xml","11","1","1","0","4","4","8","8","10","10","11.639999999999999","8.983","1310","OK",""
"4006364__joel_kibich4006364.xml","143","5","5","0","7","4","60","61","138","138","47.15619999999998","48.451199999999986","10515","OK",""
"4006368__Mega_Maderas4006368.xml","69","2","2","0","4","3","12","12","67","67","19.037399999999987","16.159799999999986","3341","OK",""
"4006373__Natalia_Requejo4006373.xml","60","4","4","0","4","4","43","34","56","56","37.634","33.37","6863","OK",""
"4006383__Natalia_Requejo4006383.xml","60","4","4","0","4","4","43","35","56","56","37.668","33.686","6288","OK",""
"4006393__Mega_Maderas4006393.xml","35","4","4","0","4","4","20","26","31","31","19.7034","17.2946","4849","OK",""
"4006396__Mega_Maderas4006396.xml","74","10","10","0","4","4","48","51","64","64","37.653600000000004","38.0712","35140","OK",""
"4006397__Natalia_Requejo4006397.xml","60","4","4","0","4","4","43","34","56","56","37.634","33.37","5746","OK",""
"4006399__Natalia_Requejo4006399.xml","60","4","4","0","4","4","44","35","56","56","37.498","33.696","4963","OK",""
"4006413__NORMA_AGUILAR4006413.xml","166","10","10","0","4","4","92","102","156","156","90.64089999999997","79.4579","12215","OK",""
"4006422__NORMA_AGUILAR4006422.xml","8","2","2","0","4","4","7","5","6","6","5.0733999999999995","4.668399999999999","1200","OK",""
"4006429__LEONARDO MATIAS_ALFONSO4006429.xml","85","7","7","0","4","4","44","45","78","78","55.16769999999999","61.065200000000004","8115","OK",""
"4006446__mxd_mxd4006446.xml","18","2","2","0","4","4","12","13","16","16","9.988","8.617","1495","OK",""
"4006454__LEONARDO MATIAS_ALFONSO4006454.xml","84","8","8","0","4","4","36","37","76","76","51.606399999999994","56.4449","4720","OK",""
"4006456__mxd_mxd4006456.xml","21","3","3","0","4","3","11","10","18","18","11.382","11.62","20169","OK",""
"4006508__GABRIEL_FORMICA4006508.xml","","","","","","","","","","","","","","SKIP","formato excluido: raíz distinta de <project>"
"4006511__Pablo_Carrieri4006511.xml","","","","","","","","","","","","","","SKIP","formato excluido: raíz distinta de <project>"
"4006516__David_Rangel4006516.xml","44","2","2","0","4","4","22","14","42","42","18.06","16.508","2537","OK",""
"4006517__Ricardo_Vera4006517.xml","147","8","8","0","4","4","85","95","139","139","64.52559999999997","54.07659999999999","11886","OK",""
"4006520__GABRIEL_Carbajo4006520.xml","","","","","","","","","","","","","","SKIP","formato excluido: raíz distinta de <project>"
"4006522__Ricardo_Vera4006522.xml","11","1","1","0","4","4","11","6","10","10","5.031","4.906","596","OK",""
"4006529__ariel mauricio_astesiano4006529.xml","188","10","10","0","4","4","130","122","178","178","87.988","98.833","10635","OK",""
"4006541__ariel mauricio_astesiano4006541.xml","17","2","2","0","4","4","11","9","15","15","12.715","12.489","1632","OK",""
"4006545__gustavodg70_gustavodg704006545.xml","12","1","1","0","4","4","8","7","11","11","6.365","4.655","816","OK",""
"4006562__rafael_ibanez4006562.xml","","","","","","","","","","","","","","SKIP","formato excluido: raíz distinta de <project>"
"4006563__rafael_ibanez4006563.xml","","","","","","","","","","","","","","SKIP","formato excluido: raíz distinta de <project>"
"4006569__Pablo Hernan_Ursino4006569.xml","85","5","5","0","4","4","36","40","80","80","47.02279999999999","35.78939999999999","4667","OK",""
"4006573__Silvio_Aguilera4006573.xml","22","2","2","0","3","3","6","3","20","20","9.277999999999999","6.392999999999999","1011","OK",""
"4006579__Pablo Hernan_Ursino4006579.xml","18","3","3","0","3","4","6","7","15","15","10.896","10.887","873","OK",""
"4006592__Damian_PaIS4006592.xml","84","5","5","0","4","4","59","64","79","79","45.72359999999999","47.95459999999999","10880","OK",""
"4006632__Julio_Trucco4006632.xml","75","5","5","0","4","4","55","62","70","70","38.741499999999995","45.28049999999999","7393","OK",""
"4006636__Matias_Arias4006636.xml","199","17","17","0","4","4","117","117","182","182","143.50079999999997","142.4848","5761","OK",""
"4006643__marcelo_ayala4006643.xml","141","9","9","0","4","4","90","105","133","132","82.19169999999998","80.58479999999999","8084","OK",""
"4006648__Matias_Arias4006648.xml","40","10","10","0","4","5","32","37","30","30","32.986000000000004","34.185","11735","ERROR","multiset piezas; "
"4006687__jose_fernandez4006687.xml","97","5","5","0","4","4","52","48","92","92","49.81979999999998","46.942299999999996","6538","OK",""
"4006694__Juan_Gonzalez4006694.xml","","","","","","","","","","","","","","SKIP","formato excluido: raíz distinta de <project>"
"4006698__jose_fernandez4006698.xml","31","2","2","0","4","4","19","24","29","29","17.056099999999997","15.963599999999994","2111","OK",""
"4006707__jose_fernandez4006707.xml","34","4","4","0","4","4","15","19","30","30","19.840999999999998","19.467499999999998","40465","OK",""
"4006708__Matias_Arias4006708.xml","128","11","10","-1","4","4","85","92","117","118","81.86479999999999","80.9622","9727","OK",""
"4006717__GABRIEL_TUMBACO CRUZ4006717.xml","","","","","","","","","","","","","","SKIP","formato excluido: raíz distinta de <project>"
"4006728__Anibal_Pancallo4006728.xml","16","1","1","0","3","4","6","6","15","15","12.867999999999999","5.915999999999999","943","OK",""
"4006734__JAVIER DELGADO_DELGADO4006734.xml","36","4","","","","","","","","","","","0","ERROR","La pieza ""P2"" (2600×600 mm) no entra en una placa útil de 2595×1825 mm."
"4006774__Mauro Leandro Bernardino_Torres4006774.xml","21","3","3","0","4","3","10","8","18","18","15.7596","16.5592","1085","OK",""
"4006785__LUIS GERARDO_Gueta Cazares4006785.xml","27","2","2","0","4","4","22","18","25","25","16.0476","15.372599999999997","3352","OK",""
"4006799__Lineth_Aguirre4006799.xml","78","9","9","0","4","4","58","58","69","69","49.982099999999996","52.5535","26119","OK",""
"4006826__Manuel_Segovia4006826.xml","41","2","2","0","4","4","27","26","39","39","15.501599999999993","21.1056","3475","OK",""
"4006827__Manuel_Segovia4006827.xml","32","4","4","0","4","4","26","23","28","28","15.929200000000002","16.429199999999998","9142","OK",""
"4006867__gerardo_rios4006867.xml","56","4","4","0","4","4","36","32","52","52","22.415","20.562","5693","OK",""
"4006868__gerardo_rios4006868.xml","10","2","2","0","4","4","8","6","8","8","4.4206","2.6266","935","OK",""
"4006919__jjosem.2016_jjosem.20164006919.xml","8","2","2","0","4","4","7","5","6","6","6.485","5.44","833","OK",""
"4006922__jjosem.2016_jjosem.20164006922.xml","8","2","2","0","4","4","7","5","6","6","6.485","5.44","836","OK",""
"4006934__jjosem.2016_jjosem.20164006934.xml","41","4","","","","","","","","","","","0","ERROR","La pieza ""P20"" (2750×100 mm) no entra en una placa útil de 2740×1820 mm."
"4006937__Mario_Fuentes4006937.xml","9","1","1","0","3","3","4","4","8","8","5.409200000000001","5.195200000000001","547","OK",""
"4006938__Paulo_Ledesma4006938.xml","64","5","5","0","5","4","48","32","59","59","35.837799999999994","34.22859999999999","12255","OK",""
"4006947__Juan_Giomi4006947.xml","30","2","2","0","4","4","17","15","28","28","13.493199999999998","10.9132","3930","OK",""
"4006956__Juan_Giomi4006956.xml","13","2","2","0","3","3","6","6","11","11","6.918400000000002","5.038399999999999","1126","OK",""
"4006969__Juan_Giomi4006969.xml","5","1","1","0","4","4","3","3","4","4","4.5876","2.1176","416","OK",""
"4006977__cristian david_caceres4006977.xml","","","","","","","","","","","","","","SKIP","formato excluido: raíz distinta de <project>"
"4006978__Lucas Miguel_Sasso4006978.xml","43","3","3","0","4","5","18","28","40","40","26.052999999999994","24.31299999999999","10572","OK",""
"4006989__Enrique_Tourn4006989.xml","39","2","2","0","4","4","30","33","37","37","10.2652","10.709200000000001","4703","OK",""
"4006991__mariann.tissino_mariann.tissino4006991.xml","45","2","2","0","4","4","31","34","43","43","20.781","21.277","5254","OK",""
"4006993__Lucas Miguel_Sasso4006993.xml","30","2","2","0","4","4","17","19","28","28","18.460199999999997","13.8722","2463","OK",""
"4007006__Gaston_Chaumont4007006.xml","39","2","2","0","4","4","16","14","37","37","12.226799999999997","15.128799999999996","2780","OK",""
"4007007__Carlos Gustavo_San Miguel4007007.xml","31","3","3","0","6","4","26","21","28","28","23.299799999999994","12.492199999999997","2013","OK",""
"4007009__mariann.tissino_mariann.tissino4007009.xml","3","1","1","0","4","3","3","3","2","2","3.457","0.864","238","OK",""
"4007012__mariann.tissino_mariann.tissino4007012.xml","3","1","1","0","4","3","3","3","2","2","3.457","0.864","183","OK",""
"4007016__jjosem.2016_jjosem.20164007016.xml","7","1","1","0","4","4","6","6","6","6","6.485","5.38","449","OK",""
"4007020__VICTORIA_CORDOBA4007020.xml","30","4","4","0","3","4","13","13","26","26","16.8444","18.6394","1843","OK",""
"4007024__mariann.tissino_mariann.tissino4007024.xml","45","2","2","0","4","4","31","34","43","43","20.781","21.277","4222","OK",""
"4007031__Lucas_Pineiro4007031.xml","40","3","3","0","5","4","26","21","37","37","16.7618","20.138299999999994","10927","OK",""
"4007038__Joel _Verber4007038.xml","","","","","","","","","","","","","","SKIP","formato excluido: raíz distinta de <project>"
"4007057__Marcos _Cumini Londero4007057.xml","","","","","","","","","","","","","","SKIP","formato excluido: raíz distinta de <project>"
"4007058__Claudio_Maggiore4007058.xml","9","1","1","0","5","4","6","8","8","8","4.373200000000001","1.8172000000000001","720","OK",""
"4007069__Joel _Verber4007069.xml","","","","","","","","","","","","","","SKIP","formato excluido: raíz distinta de <project>"
"4007074__Damian_PaIS4007074.xml","84","5","5","0","4","4","59","64","79","79","45.72359999999999","47.95459999999999","11107","OK",""
"4007078__Analia_Pinter4007078.xml","41","3","3","0","4","4","37","37","38","38","28.393699999999995","25.641199999999998","3360","OK",""
"4007085__Damian_PaIS4007085.xml","1","1","1","0","3","3","1","1","0","0","0","0","86","OK",""
"4007113__sofia_schunk4007113.xml","20","1","1","0","4","4","16","17","19","19","6.537099999999997","6.406599999999998","1178","OK",""
"4007117__Ramiro _Leites4007117.xml","","","","","","","","","","","","","","SKIP","formato excluido: raíz distinta de <project>"
"4007118__Eduardo nahuel_Tarico4007118.xml","28","4","4","0","5","4","25","27","24","24","22.5584","19.455599999999993","2116","OK",""
"4007123__leandro_feldman4007123.xml","","","","","","","","","","","","","","SKIP","formato excluido: raíz distinta de <project>"
"4007124__Joel _Verber4007124.xml","","","","","","","","","","","","","","SKIP","formato excluido: raíz distinta de <project>"
"4007132__fernando javier_cattaneo4007132.xml","48","4","4","0","4","4","34","34","44","44","29.132599999999993","29.15759999999999","7906","ERROR","multiset piezas; "
"4007140__leandro_feldman4007140.xml","","","","","","","","","","","","","","SKIP","formato excluido: raíz distinta de <project>"
"4007141__VENTAS_EGGER RG4007141.xml","6","3","","","","","","","","","","","0","ERROR","La pieza ""P2"" (2600×600 mm) no entra en una placa útil de 2595×1825 mm."
"4007166__gaston_rostro4007166.xml","8","1","1","0","4","4","4","4","7","7","4.4678","4.4678","344","OK",""
"4007172__Dario_Piancino4007172.xml","","","","","","","","","","","","","","SKIP","formato excluido: raíz distinta de <project>"
"4007175__Lucas Miguel_Sasso4007175.xml","34","2","2","0","4","4","18","23","32","32","19.829799999999995","14.554799999999997","2093","OK",""
"4007177__fernando javier_cattaneo4007177.xml","33","2","2","0","4","4","20","19","31","31","19.277399999999993","17.856399999999994","2241","OK",""
"4007181__Dario_Piancino4007181.xml","","","","","","","","","","","","","","SKIP","formato excluido: raíz distinta de <project>"
"4007182__Analia_Pinter4007182.xml","41","3","3","0","4","4","37","37","38","38","28.393699999999995","25.641199999999998","3082","OK",""
"4007186__Dario_Piancino4007186.xml","","","","","","","","","","","","","","SKIP","formato excluido: raíz distinta de <project>"
"4007191__DIEGO RICARDO_LAFUENTE4007191.xml","17","1","1","0","4","4","14","15","16","16","8.333200000000003","7.476800000000001","1276","OK",""
"4007193__Dario_Piancino4007193.xml","","","","","","","","","","","","","","SKIP","formato excluido: raíz distinta de <project>"
"4007195__NELSON_MONTENEGRO4007195.xml","65","2","2","0","4","4","21","28","63","63","22.85919999999999","17.755199999999995","3506","OK",""
"4007202__Dario_Piancino4007202.xml","","","","","","","","","","","","","","SKIP","formato excluido: raíz distinta de <project>"
"4007210__Dario_Piancino4007210.xml","","","","","","","","","","","","","","SKIP","formato excluido: raíz distinta de <project>"
"4007215__Dario_Piancino4007215.xml","","","","","","","","","","","","","","SKIP","formato excluido: raíz distinta de <project>"
"4007221__emanuel alejandro_capdevila4007221.xml","","","","","","","","","","","","","","SKIP","formato excluido: raíz distinta de <project>"
"4007222__diego alberto_modon4007222.xml","22","4","4","0","4","4","16","20","18","18","13.874199999999998","12.139199999999999","1612","OK",""
"4007223__Damian_PaIS4007223.xml","52","2","2","0","4","4","37","43","50","50","24.478999999999992","18.134999999999994","4326","OK",""
"4007230__AUSTER ESTUDIOS SAS_GIECO PEIRETTI4007230.xml","2","1","1","0","3","3","1","1","1","1","0.8004","0.31039999999999995","131","OK",""
"4007231__AUSTER ESTUDIOS SAS_GIECO PEIRETTI4007231.xml","14","1","1","0","4","4","9","14","13","13","5.676199999999999","4.942","1035","OK",""
"4007237__AUSTER ESTUDIOS SAS_GIECO PEIRETTI4007237.xml","63","5","5","0","4","4","33","34","58","58","41.82719999999999","40.6532","4677","OK",""
"4007238__kina.hogar_kina.hogar4007238.xml","11","2","1","-1","4","4","7","9","9","10","5.38","3.855","6548","OK",""
"4007239__AUSTER ESTUDIOS SAS_GIECO PEIRETTI4007239.xml","33","3","3","0","4","4","23","29","30","30","13.417","15.581799999999998","2945","OK",""
"4007249__AUSTER ESTUDIOS SAS_GIECO PEIRETTI4007249.xml","10","3","3","0","4","4","8","7","7","7","7.9608","5.017799999999999","8955","OK",""
"4007256__Damian Ponce_ponce4007256.xml","9","3","3","0","3","2","9","0","6","6","3.2863999999999995","3.2863999999999995","203","ERROR","multiset piezas; "
"4007260__DIEGO RICARDO_LAFUENTE4007260.xml","21","2","2","0","4","4","13","16","19","19","14.4638","10.847000000000001","1613","OK",""
"4007276__fabian_rodriguez reyes4007276.xml","11","1","1","0","4","4","11","8","10","10","3.024","1.064","635","OK",""
"4007277__Conte_Hogar4007277.xml","67","4","4","0","4","4","41","46","63","63","40.51119999999999","37.493199999999995","8083","OK",""
"4007280__cristian_godoy4007280.xml","3","1","1","0","5","4","4","2","2","2","1.1938","0.9087999999999999","166","OK",""
"4007282__Ramiro_Montes4007282.xml","32","2","2","0","4","5","14","12","30","30","14.435","12.245","4121","OK",""
"4007287__diego alberto_modon4007287.xml","13","1","1","0","3","4","7","8","12","12","5.174799999999999","2.7118","692","OK",""
"4007289__Alejandro_Monzon4007289.xml","30","3","3","0","4","4","15","14","27","27","17.029799999999998","22.253800000000002","2040","OK",""
"4007291__Damian Ponce_ponce4007291.xml","1","1","1","0","3","2","1","0","0","0","0","0","42","ERROR","multiset piezas; "
"4007292__DIEGO RICARDO_LAFUENTE4007292.xml","28","2","1","-1","4","5","16","13","26","27","14.760399999999997","12.154799999999994","1846","OK",""
"4007295__cristian_godoy4007295.xml","3","1","1","0","5","4","4","2","2","2","1.1938","0.9087999999999999","139","OK",""
"4007301__Conte_Hogar4007301.xml","8","1","1","0","4","5","5","8","7","7","4.859799999999999","4.771199999999999","1037","OK",""
"4007303__Analia_Pinter4007303.xml","10","1","1","0","4","4","4","4","9","9","6.616599999999998","6.616599999999998","438","OK",""
"4007305__kina.hogar_kina.hogar4007305.xml","12","1","1","0","4","4","7","5","11","11","5.685","4.855","750","OK",""
"4007306__Cesar Norberto_Molina 4007306.xml","","","","","","","","","","","","","","SKIP","formato excluido: raíz distinta de <project>"
"4007314__Julio_Ali4007314.xml","","","","","","","","","","","","","","SKIP","formato excluido: raíz distinta de <project>"
"4007321__Cesar Norberto_Molina 4007321.xml","","","","","","","","","","","","","","SKIP","formato excluido: raíz distinta de <project>"
"4007327__kina.hogar_kina.hogar4007327.xml","18","1","1","0","4","4","8","6","17","17","6.995","6.265","1110","OK",""
"4007334__Javier_Carignano4007334.xml","44","5","5","0","4","4","29","19","39","39","24.641599999999997","22.655599999999996","35429","ERROR","multiset piezas; "
"4007337__Cesar Norberto_Molina 4007337.xml","","","","","","","","","","","","","","SKIP","formato excluido: raíz distinta de <project>"
"4007342__Guillermo nicolas_Diaz4007342.xml","13","3","3","0","3","3","13","13","10","10","2.722","2.722","11807","OK",""
"4007344__Martin_Vazquez4007344.xml","","","","","","","","","","","","","","SKIP","formato excluido: raíz distinta de <project>"
"4007345__DIEGO RICARDO_LAFUENTE4007345.xml","22","3","2","-1","4","5","12","15","19","20","15.1176","15.8798","3465","OK",""
"4007349__Federico_bonan4007349.xml","","","","","","","","","","","","","","SKIP","formato excluido: raíz distinta de <project>"
"4007355__Gaston_Correa4007355.xml","","","","","","","","","","","","","","SKIP","formato excluido: raíz distinta de <project>"
"4007378__Michel_Vasquez Moretti4007378.xml","3","1","1","0","4","4","3","3","2","2","1.971","0.634","195","OK",""
"4007379__hernan_Barrientos4007379.xml","75","3","3","0","6","4","33","20","72","72","28.718999999999987","31.374799999999993","3983","OK",""
"4007399__Guillermo nicolas_Diaz4007399.xml","12","1","1","0","4","4","7","8","11","11","6.1124","5.8294","862","OK",""
"4007435__DIEGO RICARDO_LAFUENTE4007435.xml","31","2","2","0","4","4","19","20","29","29","11.486400000000001","14.888","2083","OK",""
"4007440__casa_dascenzo4007440.xml","37","2","2","0","4","4","20","18","35","35","20.356499999999993","18.431999999999995","2943","OK",""
"4007449__HUGO ARIEL_CANCINOS4007449.xml","","","","","","","","","","","","","","SKIP","formato excluido: raíz distinta de <project>"
"4007460__lucas_ginestar4007460.xml","6","1","1","0","3","4","6","3","5","5","1.322","1.022","374","OK",""
"4007463__CAOBA_CAOBA4007463.xml","17","1","1","0","4","4","11","9","16","16","10.553","7.757","1045","OK",""
"4007464__DIEGO RICARDO_LAFUENTE4007464.xml","17","1","1","0","4","4","14","15","16","16","8.331600000000002","7.476800000000001","1114","OK",""
"4007466__JOSE_MENDEZ4007466.xml","5","1","1","0","3","3","3","4","4","4","2.545","1.975","274","OK",""
"4007471__lucas_ginestar4007471.xml","6","1","1","0","3","4","6","3","5","5","1.322","1.022","285","OK",""
"4007478__Federico Marcelo_Cavallin Partelli4007478.xml","53","2","2","0","4","4","38","38","51","51","24.27239999999999","22.934399999999986","7463","OK",""
"4007482__VENTAS_EGGER RG4007482.xml","6","1","1","0","4","3","3","3","5","5","2.8984","1.9132000000000002","645","OK",""
"4007484__lucas_ginestar4007484.xml","6","1","1","0","3","4","6","3","5","5","1.322","1.022","574","OK",""
"4007487__VENTAS_EGGER RG4007487.xml","6","1","1","0","4","3","5","3","5","5","3.9192","1.9488","548","OK",""
"4007491__Maxi_Giuliano4007491.xml","5","2","2","0","4","4","5","5","3","3","2.1102","1.2101999999999997","403","OK",""
"4007510__Cesar Norberto_Molina 4007510.xml","","","","","","","","","","","","","","SKIP","formato excluido: raíz distinta de <project>"
"4007521__Walter_Monzon4007521.xml","17","1","1","0","4","4","10","10","16","16","6.5246","5.108","1974","OK",""
"4007526__carlos_nada4007526.xml","","","","","","","","","","","","","","SKIP","formato excluido: raíz distinta de <project>"
"4007531__carlos_nada4007531.xml","","","","","","","","","","","","","","SKIP","formato excluido: raíz distinta de <project>"
"4007533__Walter_Monzon4007533.xml","8","1","1","0","4","3","4","4","7","7","7.807799999999999","3.5292000000000003","786","OK",""
"4007556__Nicolas_Paz4007556.xml","","","","","","","","","","","","","","SKIP","formato excluido: raíz distinta de <project>"
"4007561__Nicolas_Paz4007561.xml","","","","","","","","","","","","","","SKIP","formato excluido: raíz distinta de <project>"
"4007565__gustavo_calvet4007565.xml","9","1","1","0","3","3","3","3","8","8","6.485199999999999","6.185199999999999","535","OK",""
"4007566__Nicolas_Paz4007566.xml","","","","","","","","","","","","","","SKIP","formato excluido: raíz distinta de <project>"
"4007568__Nicolas_Paz4007568.xml","","","","","","","","","","","","","","SKIP","formato excluido: raíz distinta de <project>"
"4007581__Marina_Gellert4007581.xml","11","1","1","0","4","5","6","9","10","10","7.504999999999998","7.611999999999998","2325","OK",""
"4007589__emanuel alejandro_capdevila4007589.xml","","","","","","","","","","","","","","SKIP","formato excluido: raíz distinta de <project>"
"4007591__Alejandro_Monzon4007591.xml","7","1","1","0","4","3","5","5","6","6","4.525900000000001","2.1424000000000003","819","OK",""
"4007594__Pablo_Herranz4007594.xml","","","","","","","","","","","","","","SKIP","formato excluido: raíz distinta de <project>"
"4007598__HERNAN MATIAS_SCARPATI4007598.xml","7","1","1","0","3","3","3","3","6","6","4.876399999999999","3.9464","497","OK",""
"4007599__HERNAN MATIAS_SCARPATI4007599.xml","7","1","1","0","3","3","3","3","6","6","4.876399999999999","3.9464","500","OK",""
"4007600__HERNAN MATIAS_SCARPATI4007600.xml","7","1","1","0","3","3","3","3","6","6","4.876399999999999","3.9464","541","OK",""
"4007601__Conte_Hogar4007601.xml","156","10","10","0","4","4","78","102","146","146","82.03939999999999","82.68539999999997","9564","OK",""
"4007602__Pablo_Herranz4007602.xml","","","","","","","","","","","","","","SKIP","formato excluido: raíz distinta de <project>"
"4007603__HERNAN MATIAS_SCARPATI4007603.xml","7","1","1","0","3","3","3","3","6","6","4.876399999999999","3.9464","367","OK",""
"4007606__HERNAN MATIAS_SCARPATI4007606.xml","7","1","1","0","3","3","3","3","6","6","4.876399999999999","3.9464","294","OK",""
"4007610__Lucas Miguel_Sasso4007610.xml","8","2","2","0","4","4","7","7","6","6","7.4454","5.4284","490","OK",""
"4007611__HERNAN MATIAS_SCARPATI4007611.xml","7","1","1","0","3","3","3","3","6","6","4.876399999999999","3.9464","322","OK",""
"4007612__Pablo_Herranz4007612.xml","","","","","","","","","","","","","","SKIP","formato excluido: raíz distinta de <project>"
"4007614__Pablo_Herranz4007614.xml","","","","","","","","","","","","","","SKIP","formato excluido: raíz distinta de <project>"
"4007616__Pablo_Herranz4007616.xml","","","","","","","","","","","","","","SKIP","formato excluido: raíz distinta de <project>"
"4007619__Nicolas_Franco4007619.xml","25","1","1","0","4","4","12","24","24","24","5.796599999999999","5.228599999999998","1812","OK",""
"4007628__Mega_Maderas4007628.xml","43","6","6","0","4","4","32","27","37","37","28.769599999999997","25.8268","5695","OK",""
"4007629__Pablo_Herranz4007629.xml","","","","","","","","","","","","","","SKIP","formato excluido: raíz distinta de <project>"
"4007631__gloria adriana_cortines4007631.xml","51","5","5","0","4","4","32","37","46","46","31.126","26.629","3851","OK",""
"4007648__Raul_Churquina4007648.xml","6","1","1","0","3","3","3","3","5","5","2.407","2.222","299","OK",""
"4007650__Dario_Piancino4007650.xml","","","","","","","","","","","","","","SKIP","formato excluido: raíz distinta de <project>"
"4007651__joel_kibich4007651.xml","78","3","3","0","6","5","48","59","75","75","31.565999999999985","27.602999999999984","21941","OK",""
"4007653__Dario_Piancino4007653.xml","","","","","","","","","","","","","","SKIP","formato excluido: raíz distinta de <project>"
"4007660__gloria adriana_cortines4007660.xml","38","2","2","0","4","4","13","7","36","36","10.773599999999998","10.226999999999997","1853","OK",""
"4007662__Dario_Piancino4007662.xml","","","","","","","","","","","","","","SKIP","formato excluido: raíz distinta de <project>"
"4007665__Dario_Piancino4007665.xml","","","","","","","","","","","","","","SKIP","formato excluido: raíz distinta de <project>"
"4007668__Dario_Piancino4007668.xml","","","","","","","","","","","","","","SKIP","formato excluido: raíz distinta de <project>"
"4007670__Cesar_Carpintero4007670.xml","29","3","3","0","4","4","15","14","26","26","11.791400000000001","10.5834","2384","OK",""
"4007681__Dario_Piancino4007681.xml","","","","","","","","","","","","","","SKIP","formato excluido: raíz distinta de <project>"
"4007690__VENTAS_EGGER RG4007690.xml","11","1","1","0","3","3","3","3","10","10","5.753","4.003","586","OK",""
"4007693__VENTAS_EGGER RG4007693.xml","11","1","1","0","3","3","3","3","10","10","5.753","4.003","366","OK",""
"4007694__Cesar_Carpintero4007694.xml","29","3","3","0","4","4","15","17","26","26","11.770599999999998","10.393600000000001","2506","OK",""
"4007715__Conte_Hogar4007715.xml","15","3","3","0","4","3","7","8","12","12","10.6428","10.6118","864","OK",""
"4007716__Mega_Maderas4007716.xml","30","3","3","0","4","4","19","17","27","27","14.9244","13.7404","3631","OK",""
"4007719__Mega_Maderas4007719.xml","33","4","4","0","4","4","20","15","29","29","14.945","15.981","4862","OK",""
"4007722__Mega_Maderas4007722.xml","13","3","3","0","4","4","10","9","10","10","5.750799999999999","5.6674","12687","OK",""
"4007725__Mega_Maderas4007725.xml","14","3","3","0","4","4","11","8","11","11","5.2863999999999995","4.6274","12473","ERROR","multiset piezas; "
"4007733__VENTAS_EGGER RG4007733.xml","3","1","1","0","3","3","2","2","2","2","1.4487999999999999","1.2888","180","OK",""
"4007738__Oriana_Rodriguez4007738.xml","","","","","","","","","","","","","","SKIP","formato excluido: raíz distinta de <project>"
"4007743__HUGO ARIEL_CANCINOS4007743.xml","","","","","","","","","","","","","","SKIP","formato excluido: raíz distinta de <project>"
"4007744__lujan agustin_encinas4007744.xml","","","","","","","","","","","","","","SKIP","formato excluido: raíz distinta de <project>"
"4007763__GABRIEL_TUMBACO CRUZ4007763.xml","","","","","","","","","","","","","","SKIP","formato excluido: raíz distinta de <project>"
"4007776__diego alberto_modon4007776.xml","10","1","1","0","4","3","7","4","9","9","5.475599999999999","5.2536","562","OK",""
"4007783__Emmanuel_Garcia4007783.xml","","","","","","","","","","","","","","SKIP","formato excluido: raíz distinta de <project>"
"4007784__gloria adriana_cortines4007784.xml","69","11","10","-1","4","4","50","57","58","59","47.295","49.7555","24685","OK",""
"4007786__lujan agustin_encinas4007786.xml","","","","","","","","","","","","","","SKIP","formato excluido: raíz distinta de <project>"
"4007808__gloria adriana_cortines4007808.xml","67","10","10","0","4","4","48","53","57","57","47.0495","47.9685","22193","OK",""
"4007810__VENTAS_EGGER RG4007810.xml","8","3","3","0","3","3","7","6","5","5","4.147","2.882","6521","OK",""
"4007828__Martin_Brasi4007828.xml","","","","","","","","","","","","","","SKIP","formato excluido: raíz distinta de <project>"
"4007840__HUGO ARIEL_CANCINOS4007840.xml","","","","","","","","","","","","","","SKIP","formato excluido: raíz distinta de <project>"
"4007842__emporio_madera4007842.xml","","","","","","","","","","","","","","SKIP","formato excluido: raíz distinta de <project>"
"4007855__Martin_Brasi4007855.xml","","","","","","","","","","","","","","SKIP","formato excluido: raíz distinta de <project>"
"4007856__Marcelo_Duarte4007856.xml","11","1","1","0","7","5","9","7","10","10","8.003999999999998","8.191999999999998","938","OK",""
"4007859__Martin_Brasi4007859.xml","","","","","","","","","","","","","","SKIP","formato excluido: raíz distinta de <project>"
"4007866__Yuri_Mielnikowicz4007866.xml","39","2","2","0","4","4","21","23","37","37","14.712","20.802","2603","OK",""
"4007867__gloria adriana_cortines4007867.xml","85","7","7","0","4","4","57","66","78","78","37.108","45.947","11343","OK",""
"4007869__Martin_Brasi4007869.xml","","","","","","","","","","","","","","SKIP","formato excluido: raíz distinta de <project>"
"4007872__Nelly_Araujo4007872.xml","12","2","2","0","4","4","8","8","10","10","7.493","4.72","633","OK",""
"4007889__Dario_Piancino4007889.xml","","","","","","","","","","","","","","SKIP","formato excluido: raíz distinta de <project>"
"4007894__Marcelo_Duarte4007894.xml","25","1","1","0","5","4","12","19","24","24","8.861599999999997","4.2826","1772","OK",""
"4007897__Dario_Piancino4007897.xml","","","","","","","","","","","","","","SKIP","formato excluido: raíz distinta de <project>"
"4007908__Dario_Piancino4007908.xml","","","","","","","","","","","","","","SKIP","formato excluido: raíz distinta de <project>"
"4007920__Dario_Piancino4007920.xml","","","","","","","","","","","","","","SKIP","formato excluido: raíz distinta de <project>"
"4007923__casa_dascenzo4007923.xml","25","2","2","0","4","4","16","12","23","23","15.996199999999996","14.664699999999998","1697","OK",""
"4007926__Dario_Piancino4007926.xml","","","","","","","","","","","","","","SKIP","formato excluido: raíz distinta de <project>"
"4007931__alexandra_de la fuente hernandez4007931.xml","20","3","3","0","4","4","9","10","17","17","10.2965","10.2465","1141","OK",""
"4007936__Dario_Piancino4007936.xml","","","","","","","","","","","","","","SKIP","formato excluido: raíz distinta de <project>"
"4007945__VENTAS_EGGER RG4007945.xml","3","1","1","0","3","3","2","2","2","2","1.4287999999999998","1.2888","174","OK",""
"4007948__Dario_Piancino4007948.xml","","","","","","","","","","","","","","SKIP","formato excluido: raíz distinta de <project>"
"4007949__emporio_madera4007949.xml","","","","","","","","","","","","","","SKIP","formato excluido: raíz distinta de <project>"
"4007954__Dario_Piancino4007954.xml","","","","","","","","","","","","","","SKIP","formato excluido: raíz distinta de <project>"
"4007959__Dario_Piancino4007959.xml","","","","","","","","","","","","","","SKIP","formato excluido: raíz distinta de <project>"
"4007964__Dario_Piancino4007964.xml","","","","","","","","","","","","","","SKIP","formato excluido: raíz distinta de <project>"
"4007967__casa_dascenzo4007967.xml","37","2","2","0","4","4","20","23","35","35","20.374499999999994","17.551499999999994","3232","OK",""
"4007980__Dinorah_Contreras4007980.xml","5","1","1","0","4","4","3","4","4","4","5.098","2.553","208","OK",""
"4007985__emporio_madera4007985.xml","","","","","","","","","","","","","","SKIP","formato excluido: raíz distinta de <project>"
"4007998__Cesar Norberto_Molina 4007998.xml","","","","","","","","","","","","","","SKIP","formato excluido: raíz distinta de <project>"
"4008023__Cesar Norberto_Molina 4008023.xml","","","","","","","","","","","","","","SKIP","formato excluido: raíz distinta de <project>"
"4008025__emanuel alejandro_capdevila4008025.xml","","","","","","","","","","","","","","SKIP","formato excluido: raíz distinta de <project>"
"4008034__Steve_Castano4008034.xml","51","4","4","0","4","4","33","28","47","47","32.804","31.222","10362","OK",""
"4008038__Ramiro _Leites4008038.xml","","","","","","","","","","","","","","SKIP","formato excluido: raíz distinta de <project>"
"4008043__Ezequiel_Lanus urrets4008043.xml","426","20","19","-1","4","4","263","248","406","407","184.72339999999997","208.21779999999998","27268","OK",""
"4008050__Ezequiel_Lanus urrets4008050.xml","219","15","14","-1","4","5","126","174","204","205","124.99759999999998","127.93019999999997","11050","OK",""
"4008056__Ezequiel_Lanus urrets4008056.xml","20","1","1","0","4","4","13","18","19","19","7.249599999999998","5.462599999999997","1269","OK",""
"4008062__Nelly_Araujo4008062.xml","19","6","5","-1","4","6","14","17","13","14","10.9765","10.89","6328","OK",""
"4008064__Ezequiel_Lanus urrets4008064.xml","91","6","6","0","4","4","47","47","85","85","54.24999999999999","50.903999999999975","3500","OK",""
"4008068__Ezequiel_Lanus urrets4008068.xml","120","11","11","0","4","4","71","77","109","109","83.08259999999999","81.0976","5653","OK",""
"4008070__Ezequiel_Lanus urrets4008070.xml","36","3","4","1","4","4","12","13","33","32","19.964199999999998","19.465799999999994","5120","OK",""
"4008082__Emiliano Martin_Fernandez4008082.xml","57","3","3","0","4","4","30","39","54","54","24.3736","22.207599999999992","941","OK",""
"4008083__Ezequiel_Lanus urrets4008083.xml","227","16","15","-1","4","4","136","162","211","212","142.10139999999993","106.09879999999997","7313","OK",""
"4008085__Dinorah_Contreras4008085.xml","18","1","1","0","3","3","6","3","17","17","6.8765","6.8765","680","OK",""
"4008086__Nicolas_Franco4008086.xml","27","3","3","0","4","3","14","13","24","24","16.1506","11.642599999999998","26375","OK",""
"4008096__jeremias manuel_sidoti4008096.xml","","","","","","","","","","","","","","SKIP","formato excluido: raíz distinta de <project>"
"4008103__gloria adriana_cortines4008103.xml","56","4","4","0","4","4","24","22","52","52","26.805","24.113","4622","OK",""
"4008109__casa_dascenzo4008109.xml","7","1","1","0","4","4","4","6","6","6","5.6164","4.7184","479","OK",""
"4008122__Agustin_Piccini4008122.xml","15","1","1","0","4","4","11","11","14","14","7.669599999999998","5.934599999999999","1295","OK",""
"4008124__Dario_Piancino4008124.xml","","","","","","","","","","","","","","SKIP","formato excluido: raíz distinta de <project>"
"4008130__Pablo_Palmisano4008130.xml","","","","","","","","","","","","","","SKIP","formato excluido: raíz distinta de <project>"
"4008136__Dario_Piancino4008136.xml","","","","","","","","","","","","","","SKIP","formato excluido: raíz distinta de <project>"
"4008137__jeremias manuel_sidoti4008137.xml","","","","","","","","","","","","","","SKIP","formato excluido: raíz distinta de <project>"
"4008143__Dario_Piancino4008143.xml","","","","","","","","","","","","","","SKIP","formato excluido: raíz distinta de <project>"
"4008147__Pablo_Palmisano4008147.xml","","","","","","","","","","","","","","SKIP","formato excluido: raíz distinta de <project>"
"4008151__Mega_Maderas4008151.xml","81","12","12","0","4","4","47","70","69","69","44.716600000000014","43.8746","21784","OK",""
"4008153__Mega_Maderas4008153.xml","34","4","4","0","4","4","21","29","30","30","18.131400000000003","13.509000000000002","1676","OK",""
"4008154__Miguel Alberto_Villarruel4008154.xml","56","4","4","0","4","4","34","47","52","52","11.0528","10.222","42473","OK",""
"4008163__jeremias manuel_sidoti4008163.xml","","","","","","","","","","","","","","SKIP","formato excluido: raíz distinta de <project>"
"4008176__Pablo_Palmisano4008176.xml","","","","","","","","","","","","","","SKIP","formato excluido: raíz distinta de <project>"
"4008180__Dinorah_Contreras4008180.xml","35","5","5","0","4","4","23","16","30","30","17.923","17.907","2625","OK",""
"4008185__Agustin_Piccini4008185.xml","77","3","3","0","4","4","45","39","74","74","36.954599999999985","38.2916","5656","OK",""
"4008199__Nelly_Araujo4008199.xml","15","1","1","0","4","4","10","11","14","14","8.205","6.225","1079","OK",""
"4008211__CARLOS_NIEVAS4008211.xml","2","1","1","0","4","4","2","2","1","1","0.365","0.365","164","OK",""
"4008225__CARLOS_NIEVAS4008225.xml","2","1","1","0","3","4","1","2","1","1","0.725","0.365","215","OK",""
"4008226__Miguel Angel_Silvero4008226.xml","8","1","1","0","4","3","5","2","7","7","6.635199999999999","4.5308","272","OK",""
"4008230__CARLOS_NIEVAS4008230.xml","3","1","1","0","4","3","3","3","2","2","1.09","0.37","196","OK",""
"4008235__CARLOS_NIEVAS4008235.xml","3","1","1","0","4","3","3","3","2","2","1.09","0.37","206","OK",""
"4008241__CAOBA_CAOBA4008241.xml","3","1","1","0","4","4","3","2","2","2","1.61","0.576","204","OK",""
"4008246__Ezequiel_Lanus urrets4008246.xml","69","6","5","-1","4","4","39","44","63","64","35.194199999999995","36.73859999999999","6640","OK",""
"4008247__CAOBA_CAOBA4008247.xml","3","1","1","0","4","4","2","2","2","2","0.576","0.576","194","OK",""
"4008255__Matias_Avila4008255.xml","8","1","1","0","4","4","3","4","7","7","4.7368000000000015","2.6167999999999996","312","OK",""
"4008261__agustin aj amoblamientos_juri4008261.xml","31","3","3","0","4","4","18","16","28","28","17.8308","16.3812","2457","ERROR","multiset piezas; "
"4008265__fernando_furfaro4008265.xml","15","1","1","0","4","4","10","6","14","14","9.376","7.127","806","OK",""
"4008268__casa_dascenzo4008268.xml","9","1","1","0","4","4","6","6","8","8","6.625199999999999","5.5632","495","OK",""
"4008273__CARLOS_NIEVAS4008273.xml","1","1","1","0","3","3","1","1","0","0","0","0","97","OK",""
"4008274__CAOBA_CAOBA4008274.xml","35","2","2","0","4","4","22","24","33","33","15.857","14.492","2294","OK",""
"4008283__Marcos_Palmiero4008283.xml","99","6","6","0","4","4","69","58","93","93","55.26319999999998","52.2812","6421","OK",""
"4008285__CARLOS_NIEVAS4008285.xml","1","1","1","0","3","3","1","1","0","0","0","0","108","OK",""
"4008297__Pablo_Palmisano4008297.xml","","","","","","","","","","","","","","SKIP","formato excluido: raíz distinta de <project>"
"4008298__HUGO ARIEL_CANCINOS4008298.xml","","","","","","","","","","","","","","SKIP","formato excluido: raíz distinta de <project>"
"4008305__Patricio_Gonzalez Diaz4008305.xml","32","4","4","0","4","4","15","18","28","28","13.6162","15.7702","1937","OK",""
"4008313__lujan agustin_encinas4008313.xml","","","","","","","","","","","","","","SKIP","formato excluido: raíz distinta de <project>"
"4008326__Dinorah_Contreras4008326.xml","17","3","3","0","4","4","13","14","14","14","11.395","9.2934","1341","OK",""
"4008333__Dinorah_Contreras4008333.xml","3","1","1","0","3","3","2","2","2","2","1.418","0.8186","332","OK",""
"4008381__lupita_lopez4008381.xml","11","3","3","0","4","4","9","8","8","8","5.328","5.523","10774","OK",""
"4008387__Daniel Esteban_Burgos4008387.xml","86","5","5","0","4","4","71","58","81","81","54.46539999999999","49.533399999999986","7235","OK",""
"4008397__Daniel Esteban_Burgos4008397.xml","6","1","1","0","4","4","5","5","5","5","4.381","1.724","472","OK",""
"4008400__lupita_lopez4008400.xml","2","1","1","0","3","3","2","2","1","1","0.8029","0.8029","88","OK",""
"4008404__Daniel Esteban_Burgos4008404.xml","5","1","1","0","4","3","5","3","4","4","4.1486","1.8426","274","OK",""
"4008405__lujan agustin_encinas4008405.xml","","","","","","","","","","","","","","SKIP","formato excluido: raíz distinta de <project>"
"4008431__Sergio_Ortega4008431.xml","51","3","3","0","4","4","25","36","48","48","17.9404","22.6958","4458","OK",""
"4008437__Agustina_Vico4008437.xml","70","1","1","0","4","4","18","18","69","69","21.730600000000003","21.805600000000002","4662","OK",""
"4008444__GERMAN_HORAK4008444.xml","16","1","1","0","4","4","6","4","15","15","5.964","5.874","1464","OK",""
"4008445__Agustina_Vico4008445.xml","29","1","1","0","4","6","15","15","28","28","13.290199999999993","14.136199999999993","5707","OK",""
"4008447__GERMAN_HORAK4008447.xml","101","4","4","0","4","5","38","51","97","97","45.767","49.848","32031","OK",""
"4008463__Mega_Maderas4008463.xml","11","1","1","0","4","3","5","4","10","10","7.044","4.511","521","OK",""
"4008471__GERMAN_HORAK4008471.xml","41","2","2","0","4","4","24","31","39","39","18.485","15.111","3830","OK",""
"4008474__Mega_Maderas4008474.xml","9","1","1","0","4","4","4","5","8","8","4.432200000000001","3.0021999999999998","430","OK",""
"4008479__Mega_Maderas4008479.xml","9","1","1","0","4","3","4","5","8","8","3.9292000000000007","2.8022000000000005","529","OK",""
"4008496__Danilo_Gonzalez4008496.xml","","","","","","","","","","","","","","SKIP","formato excluido: raíz distinta de <project>"
"4008503__Danilo_Gonzalez4008503.xml","","","","","","","","","","","","","","SKIP","formato excluido: raíz distinta de <project>"
"4008505__Danilo_Gonzalez4008505.xml","","","","","","","","","","","","","","SKIP","formato excluido: raíz distinta de <project>"
"4008511__lupita_lopez4008511.xml","2","1","1","0","3","3","2","2","1","1","0.8037000000000001","0.8037000000000001","105","OK",""
"4008524__Dario_Piancino4008524.xml","","","","","","","","","","","","","","SKIP","formato excluido: raíz distinta de <project>"
"4008535__Dario_Piancino4008535.xml","","","","","","","","","","","","","","SKIP","formato excluido: raíz distinta de <project>"
"4008537__Ricardo_Vera4008537.xml","49","7","7","0","4","4","37","42","42","42","36.6578","42.006800000000005","15322","OK",""
"4008540__lupita_lopez4008540.xml","7","2","","","","","","","","","","","0","ERROR","La pieza ""P1"" (2435×400 mm) no entra en una placa útil de 2430×1210 mm."
"4008542__Ariel_Puyol4008542.xml","49","3","3","0","4","4","32","28","46","46","25.262399999999992","24.266399999999994","13706","OK",""
"4008548__Dario_Piancino4008548.xml","","","","","","","","","","","","","","SKIP","formato excluido: raíz distinta de <project>"
"4008556__Ricardo_Vera4008556.xml","7","3","3","0","3","3","3","3","4","4","2.3575999999999997","2.3556","3791","OK",""
"4008557__Matias_Avila4008557.xml","8","1","1","0","4","4","3","4","7","7","4.7368000000000015","2.6167999999999996","360","OK",""
"4008563__Agustina_Vico4008563.xml","35","1","1","0","4","5","16","20","34","34","14.30359999999999","11.922599999999994","2688","OK",""
"4008567__agustin aj amoblamientos_juri4008567.xml","4","2","2","0","4","3","3","3","2","2","2.6158","1.9188000000000003","2696","OK",""
"4008585__Lucas_Picasso4008585.xml","","","","","","","","","","","","","","SKIP","formato excluido: raíz distinta de <project>"
"4008587__Danilo_Gonzalez4008587.xml","","","","","","","","","","","","","","SKIP","formato excluido: raíz distinta de <project>"
"4008591__Mega_Maderas4008591.xml","30","6","5","-1","4","4","18","24","24","25","15.9932","15.9828","2490","OK",""
"4008599__Marcos _Cumini Londero4008599.xml","","","","","","","","","","","","","","SKIP","formato excluido: raíz distinta de <project>"
"4008601__MATIAS EMANUEL_RAMOS4008601.xml","51","4","4","0","4","4","23","22","47","47","27.995799999999996","24.371799999999993","3522","OK",""
"4008602__CESAR_LOPEZ4008602.xml","22","3","3","0","4","4","18","17","19","19","16.5076","15.517599999999998","1557","OK",""
"4008608__CESAR_LOPEZ4008608.xml","11","1","1","0","4","4","9","10","10","10","6.13","4.995","640","OK",""
"4008613__Omar_MENDIETA4008613.xml","20","2","2","0","5","4","10","13","18","18","7.6952","7.3911999999999995","1306","OK",""
"4008616__Marcos _Cumini Londero4008616.xml","","","","","","","","","","","","","","SKIP","formato excluido: raíz distinta de <project>"
"4008620__Mega_Maderas4008620.xml","26","2","2","0","4","4","17","18","24","24","10.2356","7.855599999999999","1641","OK",""
"4008623__Mega_Maderas4008623.xml","18","2","1","-1","4","5","12","13","16","17","6.0992","9.312799999999998","2310","OK",""
"4008626__Agustina_Vico4008626.xml","32","1","1","0","4","4","10","17","31","31","11.004399999999992","11.888399999999994","1892","OK",""
"4008635__JAQUELINE_marcial4008635.xml","5","2","2","0","3","3","5","5","3","3","2.9432","2.3331999999999997","282","OK",""
"4008644__Mostrador_San Martin 34008644.xml","","","","","","","","","","","","","","SKIP","formato excluido: raíz distinta de <project>"
"4008650__Agustina_Vico4008650.xml","27","1","1","0","4","4","21","13","26","26","13.851399999999996","12.052399999999995","1744","OK",""
"4008656__dariosm78_dariosm784008656.xml","18","2","2","0","3","5","6","11","16","16","7.28","8.83","2767","OK",""
"4008669__Agustina_Vico4008669.xml","25","1","1","0","4","4","15","11","24","24","9.762599999999996","12.417599999999995","1463","OK",""
"4008672__gloria adriana_cortines4008672.xml","49","6","","","","","","","","","","","0","ERROR","La pieza ""P17"" (2440×99.2 mm) no entra en una placa útil de 2435×1215 mm."
"4008676__Marcos _Cumini Londero4008676.xml","","","","","","","","","","","","","","SKIP","formato excluido: raíz distinta de <project>"
"4008677__dariosm78_dariosm784008677.xml","18","2","2","0","3","5","6","11","16","16","7.28","8.83","2541","OK",""
"4008681__cristian_pastrana4008681.xml","28","5","4","-1","4","4","18","18","23","24","18.7692","16.302599999999998","1816","OK",""
"4008719__francisco_villarreal4008719.xml","27","7","","","","","","","","","","","0","ERROR","La pieza ""P9"" (2440×100 mm) no entra en una placa útil de 2435×1215 mm."
"4008724__Marcelo_Riz4008724.xml","","","","","","","","","","","","","","SKIP","formato excluido: raíz distinta de <project>"
"4008733__Santiago Nicolas_Maldonado4008733.xml","33","1","1","0","4","4","28","24","32","32","13.929799999999995","11.484799999999998","2460","OK",""
"4008734__Brisa_Alegre4008734.xml","","","","","","","","","","","","","","SKIP","formato excluido: raíz distinta de <project>"
"4008737__francisco_villarreal4008737.xml","12","3","3","0","3","3","6","5","9","9","4.3173","3.9892999999999996","9618","OK",""
"4008738__lupita_lopez4008738.xml","5","2","","","","","","","","","","","0","ERROR","La pieza ""P2"" (2435×675 mm) no entra en una placa útil de 2430×1210 mm."
"4008741__Marcelo_Riz4008741.xml","","","","","","","","","","","","","","SKIP","formato excluido: raíz distinta de <project>"
"4008742__gloria adriana_cortines4008742.xml","32","4","","","","","","","","","","","0","ERROR","La pieza ""P10"" (2440×99.6 mm) no entra en una placa útil de 2435×1215 mm."
"4008744__Agustina_Vico4008744.xml","40","1","1","0","4","5","20","26","39","39","18.131599999999995","17.09959999999999","4620","OK",""
"4008763__Mostrador_San Martin 34008763.xml","","","","","","","","","","","","","","SKIP","formato excluido: raíz distinta de <project>"
"4008765__Agustina_Vico4008765.xml","37","1","1","0","4","4","22","19","36","36","16.06039999999999","13.866399999999992","2374","OK",""
"4008767__dariosm78_dariosm784008767.xml","29","4","3","-1","4","4","14","24","25","26","18.998","16.888","11306","OK",""
"4008773__Dinorah_Contreras4008773.xml","115","17","17","0","4","4","69","84","98","98","71.02940000000001","65.86299999999999","27961","OK",""
"4008787__Santiago Nicolas_Maldonado4008787.xml","1","1","1","0","3","3","1","1","0","0","0","0","141","OK",""
"4008791__Dinorah_Contreras4008791.xml","22","3","3","0","4","4","12","14","19","19","11.1503","10.6703","1400","OK",""
"4008793__Ramon_Mata4008793.xml","14","1","1","0","3","3","4","4","13","13","4.8485","4.8485","643","OK",""
"4008796__Mega_Maderas4008796.xml","13","6","5","-1","4","4","9","12","7","8","7.474","5.9568","18536","OK",""
"4008797__Dirleu_de Cristo4008797.xml","","","","","","","","","","","","","","SKIP","formato excluido: raíz distinta de <project>"
"4008801__Marcelo_Riz4008801.xml","","","","","","","","","","","","","","SKIP","formato excluido: raíz distinta de <project>"
"4008812__Dinorah_Contreras4008812.xml","17","3","2","-1","3","5","10","29","14","15","6.945600000000001","10.4164","8143","OK",""
"4008814__gloria adriana_cortines4008814.xml","48","7","7","0","4","4","41","33","41","41","16.3905","17.602100000000004","11660","OK",""
"4008833__alexandra_de la fuente hernandez4008833.xml","4","1","1","0","3","3","2","1","3","3","2.4075","1.8075","222","OK",""
"4008845__Gaston_Correa4008845.xml","","","","","","","","","","","","","","SKIP","formato excluido: raíz distinta de <project>"
"4008881__Salim_Guagui4008881.xml","","","","","","","","","","","","","","SKIP","formato excluido: raíz distinta de <project>"
"4008896__diego_castro4008896.xml","","","","","","","","","","","","","","SKIP","formato excluido: raíz distinta de <project>"
"4008899__diego_castro4008899.xml","","","","","","","","","","","","","","SKIP","formato excluido: raíz distinta de <project>"
"4008903__emporio_madera4008903.xml","","","","","","","","","","","","","","SKIP","formato excluido: raíz distinta de <project>"
"4008906__Emmanuel_Casanellas4008906.xml","20","3","3","0","4","4","12","12","17","17","11.2428","9.8988","18296","OK",""
"4008910__alexandra_de la fuente hernandez4008910.xml","10","1","1","0","4","3","4","3","9","9","5.2905","4.0405","356","OK",""
"4008922__lupita_lopez4008922.xml","5","2","","","","","","","","","","","0","ERROR","La pieza ""P2"" (2435×675 mm) no entra en una placa útil de 2430×1210 mm."
"4008925__emporio_madera4008925.xml","","","","","","","","","","","","","","SKIP","formato excluido: raíz distinta de <project>"
"4008929__alexandra_de la fuente hernandez4008929.xml","6","1","1","0","4","4","4","4","5","5","3.6025","2.0725","228","OK",""
"4008933__Emmanuel_Casanellas4008933.xml","10","1","1","0","3","4","4","6","9","9","3.6226000000000003","3.0686000000000004","695","OK",""
"4008946__Emmanuel_Casanellas4008946.xml","4","1","1","0","4","3","4","3","4","3","3.2176000000000005","0.7482000000000001","331","OK",""
"4008949__Agustin_Piccini4008949.xml","30","2","1","-1","4","4","19","24","28","29","13.540199999999995","10.192599999999995","2643","OK",""
"4008971__Emmanuel_Casanellas4008971.xml","9","3","3","0","3","3","9","9","6","6","3.1764","2.1264000000000003","497","OK",""
"4008980__Nelly_Araujo4008980.xml","22","4","3","-1","4","4","12","13","18","19","12.046","12.4655","1259","OK",""
"4008993__bruno_giordano4008993.xml","","","","","","","","","","","","","","SKIP","formato excluido: raíz distinta de <project>"
"4008998__Fabrizio_Leiva4008998.xml","74","5","5","0","4","4","36","46","69","69","41.90559999999999","41.502599999999994","4222","OK",""
"4009004__lupita_lopez4009004.xml","5","1","1","0","4","4","3","3","4","4","3.498","1.969","290","OK",""
"4009010__Dinorah_Contreras4009010.xml","8","1","1","0","4","4","3","3","7","7","3.2845","3.2055","328","OK",""
"4009014__Mega_Maderas4009014.xml","5","2","2","0","4","3","4","4","3","3","2.3932","2.3531999999999997","3473","OK",""
"4009017__Mega_Maderas4009017.xml","32","2","2","0","4","4","17","11","30","30","13.063199999999998","14.415999999999997","1706","OK",""
"4009019__Mega_Maderas4009019.xml","15","2","2","0","4","4","11","10","13","13","7.6132","6.208799999999999","958","ERROR","multiset piezas; "
"4009029__Nelly_Araujo4009029.xml","2","1","1","0","3","3","1","1","1","1","0.6045","0.6045","150","OK",""
"4009036__Fabrizio_Leiva4009036.xml","11","2","2","0","3","4","4","7","9","9","5.0486","4.805599999999999","462","OK",""
"4009037__rodrigo miguel_fernandez4009037.xml","35","1","1","0","3","3","10","10","34","34","13.346599999999995","13.346599999999995","1382","OK",""
"4009044__Alexis_Guzman4009044.xml","105","10","10","0","4","4","63","70","95","95","56.04759999999999","53.12699999999999","6187","OK",""
"4009063__Leonel_Vignatti4009063.xml","","","","","","","","","","","","","","SKIP","formato excluido: raíz distinta de <project>"
"4009065__lupita_lopez4009065.xml","5","1","1","0","4","4","3","3","4","4","3.491","1.964","328","OK",""
"4009074__Diego_Morlino4009074.xml","301","14","14","0","4","4","140","163","287","287","142.57829999999996","155.43729999999994","7829","OK",""
"4009077__JOSE MARIA_BRACAMONTE4009077.xml","","","","","","","","","","","","","","SKIP","formato excluido: raíz distinta de <project>"
"4009078__Salim_Guagui4009078.xml","","","","","","","","","","","","","","SKIP","formato excluido: raíz distinta de <project>"
"4009083__rodrigo miguel_fernandez4009083.xml","18","1","1","0","3","3","9","2","17","17","10.329799999999997","5.3698","712","OK",""
"4009089__Dinorah_Contreras4009089.xml","12","1","1","0","4","3","5","9","11","11","6.733899999999999","3.5669","776","OK",""
"4009092__Dinorah_Contreras4009092.xml","22","3","3","0","4","4","17","19","19","19","7.786899999999999","7.5251","2852","OK",""
"4009097__Dinorah_Contreras4009097.xml","13","2","2","0","4","4","9","10","11","11","8.8415","5.4945","726","OK",""
"4009105__Leonel_Vignatti4009105.xml","","","","","","","","","","","","","","SKIP","formato excluido: raíz distinta de <project>"
"4009110__gloria adriana_cortines4009110.xml","14","3","3","0","4","4","9","9","11","11","10.2865","8.3485","878","OK",""
"4009114__Jeremias_Lasa4009114.xml","145","3","3","0","4","4","54","64","142","142","57.30880000000002","34.04479999999997","6258","OK",""
"4009122__Diego_Morlino4009122.xml","1","1","1","0","3","3","1","1","0","0","0","0","89","OK",""
"4009124__Alan_Cruz4009124.xml","50","5","5","0","4","4","35","33","45","45","26.4972","18.761400000000002","12857","OK",""
"4009125__Leonel_Vignatti4009125.xml","","","","","","","","","","","","","","SKIP","formato excluido: raíz distinta de <project>"
"4009126__Alexis_Guzman4009126.xml","20","4","4","0","4","3","13","12","16","16","11.158399999999999","10.364400000000002","1768","OK",""
"4009127__lujan agustin_encinas4009127.xml","","","","","","","","","","","","","","SKIP","formato excluido: raíz distinta de <project>"
"4009130__lujan agustin_encinas4009130.xml","","","","","","","","","","","","","","SKIP","formato excluido: raíz distinta de <project>"
"4009133__gloria adriana_cortines4009133.xml","14","3","3","0","4","4","10","9","11","11","7.9937000000000005","8.3397","946","OK",""
"4009149__casa_dascenzo4009149.xml","9","1","1","0","4","4","6","6","8","8","6.625199999999999","5.5632","512","OK",""
"4009160__nicolas_torreiro4009160.xml","8","6","6","0","3","3","9","8","3","2","1.6211999999999998","0.9408","11444","OK",""
"4009161__Gustavo Fernando_Ferraris4009161.xml","","","","","","","","","","","","","","SKIP","formato excluido: raíz distinta de <project>"
"4009176__Alan_Cruz4009176.xml","11","3","3","0","3","4","3","6","8","8","4.3957999999999995","4.445800000000001","9905","OK",""
"4009194__Ricardo_Vera4009194.xml","49","7","7","0","4","4","37","42","42","42","36.6578","42.006800000000005","15217","OK",""
"4009209__Esteban_Mercadal4009209.xml","","","","","","","","","","","","","","SKIP","formato excluido: raíz distinta de <project>"
"4009210__Marcos _Cumini Londero4009210.xml","","","","","","","","","","","","","","SKIP","formato excluido: raíz distinta de <project>"
"4009225__emporio_madera4009225.xml","","","","","","","","","","","","","","SKIP","formato excluido: raíz distinta de <project>"
"4009226__Alexis_Guzman4009226.xml","7","1","1","0","4","4","4","6","6","6","2.0114","1.7864","524","OK",""
"4009229__DIEGO RICARDO_LAFUENTE4009229.xml","38","3","3","0","4","4","21","21","35","35","20.685800000000004","16.5738","2685","OK",""
"4009233__victor_perez4009233.xml","","","","","","","","","","","","","","SKIP","formato excluido: raíz distinta de <project>"
"4009234__GRUPO ALEGRO_GRUPO ALEGRO4009234.xml","22","3","3","0","4","4","15","16","19","19","16.1966","13.7416","1576","OK",""
"4009241__Gustavo Fernando_Ferraris4009241.xml","","","","","","","","","","","","","","SKIP","formato excluido: raíz distinta de <project>"
"4009242__GRUPO ALEGRO_GRUPO ALEGRO4009242.xml","2","1","1","0","3","3","1","1","1","1","1.3664","0.4844","192","OK",""
"4009251__Alexis_Guzman4009251.xml","8","1","1","0","4","4","6","5","7","7","3.5978000000000003","2.5858000000000003","533","OK",""
"4009257__Marcos _Cumini Londero4009257.xml","","","","","","","","","","","","","","SKIP","formato excluido: raíz distinta de <project>"
"4009261__Marcos _Cumini Londero4009261.xml","","","","","","","","","","","","","","SKIP","formato excluido: raíz distinta de <project>"
"4009266__FACUNDO_ROMERA4009266.xml","274","17","16","-1","4","5","97","125","257","258","152.99879999999996","160.26319999999998","7326","OK",""
"4009273__Cristina_Banegas4009273.xml","","","","","","","","","","","","","","SKIP","formato excluido: raíz distinta de <project>"
"4009293__Steve_Castano4009293.xml","51","4","4","0","4","4","33","28","47","47","32.804","31.222","10388","OK",""
"4009296__DIEGO RICARDO_LAFUENTE4009296.xml","44","3","3","0","4","4","19","26","41","41","20.353","16.12","3366","OK",""
"4009307__Manuel_Lenoc4009307.xml","53","2","2","0","4","4","34","40","51","51","22.129399999999993","21.22339999999999","4192","OK",""
"4009311__Steve_Castano4009311.xml","51","4","4","0","4","4","33","26","47","47","26.824","31.131","11297","OK",""
"4009314__Steve_Castano4009314.xml","51","4","4","0","4","4","33","28","47","47","32.804","31.222","10484","OK",""
"4009319__Steve_Castano4009319.xml","51","4","4","0","4","4","33","28","47","47","32.804","31.222","10355","OK",""
"4009325__Steve_Castano4009325.xml","51","4","4","0","4","4","33","28","47","47","32.804","31.222","10416","OK",""
"4009327__Steve_Castano4009327.xml","51","4","4","0","4","4","33","28","47","47","32.804","31.222","10677","OK",""
"4009330__Steve_Castano4009330.xml","51","4","4","0","4","4","33","28","47","47","32.804","31.222","10968","OK",""
"4009335__Steve_Castano4009335.xml","51","4","4","0","4","4","33","28","47","47","32.804","31.222","10753","OK",""
"4009340__Diego_Paternite4009340.xml","11","1","1","0","4","4","5","5","10","10","5.623","5.749","572","OK",""
"4009341__GRUPO ALEGRO_GRUPO ALEGRO4009341.xml","25","3","3","0","4","4","22","17","22","22","16.8898","15.249799999999999","1990","OK",""
"4009353__Esteban_Mercadal4009353.xml","","","","","","","","","","","","","","SKIP","formato excluido: raíz distinta de <project>"
"4009367__emporio_madera4009367.xml","","","","","","","","","","","","","","SKIP","formato excluido: raíz distinta de <project>"
"4009373__Mega_Maderas4009373.xml","10","1","1","0","4","4","8","6","9","9","4.0846","4.0846","613","OK",""
"4009379__lupita_lopez4009379.xml","14","2","2","0","4","3","10","4","12","12","5.111","5.798","10691","OK",""
"4009384__Esteban_Mercadal4009384.xml","","","","","","","","","","","","","","SKIP","formato excluido: raíz distinta de <project>"
"4009393__lupita_lopez4009393.xml","6","1","1","0","4","4","5","6","5","5","3.1165","1.6825","364","OK",""
"4009411__lupita_lopez4009411.xml","8","2","2","0","4","4","5","5","6","6","3.5862","3.5862","6067","OK",""
"4009416__Nelly_Araujo4009416.xml","34","4","4","0","4","4","16","16","30","30","19.887","18.017","3295","OK",""
"4009423__lupita_lopez4009423.xml","6","1","1","0","4","3","6","6","5","5","2.5985","1.5235000000000003","502","OK",""
"4009427__Fernando Rey_Garcia Martinez4009427.xml","188","14","14","0","4","4","138","122","174","174","78.59","100.045","10577","OK",""
"4009428__Fernando Rey_Garcia Martinez4009428.xml","42","5","5","0","4","4","29","37","37","37","18.8909","19.207900000000002","5395","OK",""
"4009430__Fernando Rey_Garcia Martinez4009430.xml","12","1","1","0","4","4","8","8","11","11","4.2171","3.8765","835","OK",""
"4009432__Fernando Rey_Garcia Martinez4009432.xml","8","4","4","0","3","3","7","6","4","4","1.798","2.318","5203","OK",""
"4009439__Nelly_Araujo4009439.xml","32","4","4","0","3","4","11","13","28","28","17.761","16.016","1979","OK",""
"4009444__Esteban_Mercadal4009444.xml","","","","","","","","","","","","","","SKIP","formato excluido: raíz distinta de <project>"
"4009445__nicolas_torreiro4009445.xml","9","6","6","0","3","3","9","8","4","3","3.2216","2.5412","12170","OK",""
"4009449__Lineth_Aguirre4009449.xml","78","10","10","0","4","4","50","58","68","68","46.2594","46.467800000000004","22316","OK",""
"4009456__VENTAS_EGGER RG4009456.xml","33","2","2","0","4","4","15","28","31","31","15.122999999999998","14.7548","2732","OK",""
"4009458__Diego_Paternite4009458.xml","22","2","2","0","4","4","14","11","20","20","14.754","11.552","1313","OK",""
"4009463__casa_dascenzo4009463.xml","25","2","2","0","4","4","16","12","23","23","16.0052","14.676699999999999","1803","OK",""
"4009466__Damian Ponce_ponce4009466.xml","9","1","1","0","4","4","7","6","8","8","5.175200000000001","3.9152000000000005","732","OK",""
"4009468__emporio_madera4009468.xml","","","","","","","","","","","","","","SKIP","formato excluido: raíz distinta de <project>"
"4009472__VENTAS_EGGER RG4009472.xml","5","1","1","0","3","4","2","5","4","4","3.1276","1.9806","348","OK",""
"4009480__goboconstrucciones_goboconstrucciones4009480.xml","65","3","3","0","4","4","45","37","62","62","29.888","32.061","5831","OK",""
"4009483__Esteban_Mercadal4009483.xml","","","","","","","","","","","","","","SKIP","formato excluido: raíz distinta de <project>"
"4009487__GERMAN_HORAK4009487.xml","23","2","2","0","4","4","15","11","21","21","14.05","11.404","1247","OK",""
"4009489__goboconstrucciones_goboconstrucciones4009489.xml","23","2","2","0","4","4","9","18","21","21","9.999","8.663","1858","OK",""
"4009490__pablo cesar_alejo morales4009490.xml","80","8","8","0","4","4","54","37","72","72","38.276199999999996","43.9612","25036","OK",""
"4009492__GRUPO ALEGRO_GRUPO ALEGRO4009492.xml","27","2","2","0","4","4","20","21","25","25","17.638999999999996","14.732999999999999","3884","OK",""
"4009499__emporio_madera4009499.xml","","","","","","","","","","","","","","SKIP","formato excluido: raíz distinta de <project>"
"4009515__emporio_madera4009515.xml","","","","","","","","","","","","","","SKIP","formato excluido: raíz distinta de <project>"
"4009522__ruben julian_ursino4009522.xml","24","3","3","0","4","3","10","10","21","21","17.606399999999997","16.3374","1680","OK",""
"4009526__Nelly_Araujo4009526.xml","30","4","","","","","","","","","","","0","ERROR","La pieza ""P11"" (2440×130 mm) no entra en una placa útil de 2435×1215 mm."
"4009529__CAOBA_CAOBA4009529.xml","93","5","5","0","4","4","43","57","88","88","37.8685","32.7265","4716","OK",""
"4009533__alexandra_de la fuente hernandez4009533.xml","8","1","1","0","4","3","4","6","7","7","3.5265","2.2265","372","OK",""
"4009544__Nicolas_Paz4009544.xml","","","","","","","","","","","","","","SKIP","formato excluido: raíz distinta de <project>"
"4009553__goboconstrucciones_goboconstrucciones4009553.xml","80","3","3","0","4","4","57","52","77","77","36.065","36.088","6747","OK",""
"4009556__CAOBA_CAOBA4009556.xml","5","2","","","","","","","","","","","0","ERROR","La pieza ""P4"" (2600×600 mm) no entra en una placa útil de 2595×1825 mm."
"4009561__ruben julian_ursino4009561.xml","106","5","5","0","4","4","54","45","101","101","45.91339999999999","46.23339999999999","5432","OK",""
"4009567__Esteban_Mercadal4009567.xml","","","","","","","","","","","","","","SKIP","formato excluido: raíz distinta de <project>"
"4009576__Alejandro_Almaguer4009576.xml","89","11","11","0","4","4","61","60","78","78","52.033","49.672","23275","OK",""
"4009585__CAOBA_CAOBA4009585.xml","4","2","2","0","4","4","3","3","2","2","1.84","1.374","162","OK",""
"4009588__Nelly_Araujo4009588.xml","32","4","","","","","","","","","","","0","ERROR","La pieza ""P1"" (2440×129 mm) no entra en una placa útil de 2435×1215 mm."
"4009596__Hector Ubaldo_Ovando Contreras4009596.xml","21","2","2","0","4","4","9","15","20","19","11.927","11.7656","1263","OK",""
"4009599__Pedro_Pliachikas4009599.xml","15","1","1","0","3","4","9","10","14","14","5.103599999999999","5.103599999999999","1124","OK",""
"4009601__LUCAS_dom4009601.xml","20","1","1","0","4","4","5","6","19","19","6.736","6.736","872","OK",""
"4009604__ruben julian_ursino4009604.xml","43","3","3","0","4","4","24","21","40","40","21.49599999999999","16.924999999999994","12828","OK",""
"4009608__Nelly_Araujo4009608.xml","31","3","","","","","","","","","","","0","ERROR","La pieza ""P1"" (2440×129 mm) no entra en una placa útil de 2435×1215 mm."
"4009618__Hector Ubaldo_Ovando Contreras4009618.xml","9","2","2","0","3","3","6","4","8","7","3.9957000000000003","2.8272999999999997","7280","OK",""
"4009630__JOEL_SIROLLI4009630.xml","","","","","","","","","","","","","","SKIP","formato excluido: raíz distinta de <project>"
"4009652__Hector Ubaldo_Ovando Contreras4009652.xml","28","2","2","0","4","4","11","18","26","26","13.944399999999998","10.040400000000002","1926","OK",""
"4009663__Nelly_Araujo4009663.xml","32","4","4","0","4","4","15","18","28","28","18.41","16.445","2926","OK",""
"4009675__rodrigo miguel_fernandez4009675.xml","35","1","1","0","3","3","10","10","34","34","13.346599999999995","13.346599999999995","1726","OK",""
"4009678__ruben julian_ursino4009678.xml","18","2","2","0","4","4","10","9","16","16","10.333399999999997","10.000399999999997","1246","OK",""
"4009696__Dinorah_Contreras4009696.xml","12","1","1","0","4","3","5","9","11","11","6.733899999999999","3.5669","945","OK",""
"4009705__juan pablo_escobar4009705.xml","59","4","4","0","6","4","45","33","55","55","33.40599999999999","34.13099999999999","11498","OK",""
"4009719__Alexis_Guzman4009719.xml","9","1","1","0","4","4","6","7","8","8","3.4002000000000003","3.3602000000000003","663","OK",""
"4009722__Fernando_Golding4009722.xml","7","1","1","0","3","3","2","2","6","6","3.6864","3.5364","350","OK",""
"4009743__Fernando_Golding4009743.xml","9","1","1","0","3","3","4","3","8","8","5.5952","5.199199999999999","323","OK",""
"4009746__Nelly_Araujo4009746.xml","16","5","","","","","","","","","","","0","ERROR","La pieza ""P6"" (2440×400 mm) no entra en una placa útil de 2435×1215 mm."
"4009752__Fernando_Golding4009752.xml","7","1","1","0","4","3","4","2","6","6","3.5364","3.1163999999999996","350","OK",""
"4009755__MilimetroCero_MilimetroCero4009755.xml","246","19","19","0","4","4","106","151","227","227","127.15279999999996","167.1403","8846","OK",""
"4009757__juan pablo_escobar4009757.xml","8","2","2","0","4","4","5","5","6","6","5.256399999999999","4.5664","430","OK",""
"4009760__Fernando_Golding4009760.xml","7","1","1","0","4","4","5","6","6","6","5.8464","3.2463999999999995","373","OK",""
"4009764__Alexis_Guzman4009764.xml","25","4","4","0","4","4","12","12","21","21","14.122399999999999","15.1674","1455","OK",""
"4009771__Fernando_Golding4009771.xml","7","1","1","0","3","3","2","3","6","6","3.5784000000000002","3.2004","417","OK",""
"4009774__Raul_Churquina4009774.xml","2","1","1","0","3","3","2","2","1","1","0.6136","0.6136","141","OK",""
"4009781__Alexis_Guzman4009781.xml","8","3","3","0","3","3","4","4","5","5","2.737","2.737","6193","OK",""
"4009784__Nelly_Araujo4009784.xml","99","6","5","-1","4","4","42","33","93","94","42.6085","42.368","12477","OK",""
"4009785__Fernando_Golding4009785.xml","8","1","1","0","4","4","4","3","7","7","2.5888","2.1248","472","OK",""
"4009794__juan pablo_escobar4009794.xml","1","1","1","0","3","3","1","1","0","0","0","0","64","OK",""
"4009795__Fernando_Golding4009795.xml","9","1","1","0","4","4","5","4","9","8","3.0295999999999994","2.2752","407","OK",""
"4009800__Damian Ponce_ponce4009800.xml","13","4","4","0","3","2","13","0","9","9","6.7096","6.6596","477","ERROR","multiset piezas; "
"4009802__Damian Ponce_ponce4009802.xml","20","4","4","0","3","3","20","1","16","16","8.645400000000002","8.035400000000001","682","ERROR","multiset piezas; "
"4009804__Damian Ponce_ponce4009804.xml","99","8","8","0","4","4","39","33","91","91","55.280399999999986","57.84139999999999","3503","OK",""
"4009808__Fernando_Golding4009808.xml","8","1","1","0","4","4","6","6","7","7","6.378799999999999","4.3388","510","OK",""
"4009821__Fernando_Golding4009821.xml","8","1","1","0","4","3","4","5","7","7","4.3348","3.0308","413","OK",""
"4009832__Fernando_Golding4009832.xml","7","1","1","0","4","4","7","5","7","6","2.7808","2.0664000000000002","492","OK",""
"4009833__Fabian_Alvarez Kordi4009833.xml","31","1","1","0","7","5","24","29","30","30","11.171999999999993","15.790999999999993","4042","OK",""
"4009834__Fernando_Golding4009834.xml","7","1","1","0","3","3","3","2","6","6","3.2864","3.0363999999999995","346","OK",""
"4009837__Fernando_Golding4009837.xml","7","1","1","0","3","3","3","2","6","6","3.2864","3.0363999999999995","343","OK",""
"4009839__MARIA MELISA_MUNOZ4009839.xml","19","2","2","0","4","4","13","13","17","17","10.1748","8.2948","1096","OK",""
"4009840__dariosm78_dariosm784009840.xml","61","7","7","0","4","4","30","32","54","54","41.36","37.264","4498","OK",""
"4009843__gloria adriana_cortines4009843.xml","10","2","2","0","3","3","6","6","8","8","4.7896","4.6895999999999995","9553","OK",""
"4009844__Fernando_Golding4009844.xml","2","1","1","0","3","3","2","2","1","1","0.6894","0.6894","108","OK",""
"4009849__dariosm78_dariosm784009849.xml","61","7","7","0","4","4","30","32","54","54","41.36","37.264","4715","OK",""
"4009861__adrian_cuello4009861.xml","10","1","1","0","4","5","9","10","9","9","5.9751","6.0071","997","OK",""
"4009863__Fernando_Golding4009863.xml","7","1","1","0","4","3","4","2","6","6","4.5164","4.1964","288","OK",""
"4009864__gloria adriana_cortines4009864.xml","1","1","1","0","3","3","1","1","0","0","0","0","75","OK",""
"4009871__Silpamuebles_Soria4009871.xml","12","2","2","0","4","4","10","8","10","10","11.410400000000001","8.1178","713","OK",""
"4009875__Fernando_Golding4009875.xml","7","1","1","0","4","3","3","3","6","6","4.2014","3.5764","326","OK",""
"4009889__FANY_PUENTE4009889.xml","10","1","","","","","","","","","","","0","ERROR","La pieza ""P1"" (2440×90 mm) no entra en una placa útil de 2435×1215 mm."
"4009897__Fernando_Golding4009897.xml","7","1","1","0","4","4","4","4","6","6","4.6874","3.6514","315","OK",""
"4009901__Maximiliano_Santoro4009901.xml","17","1","1","0","4","4","13","14","16","16","6.884399999999998","5.877399999999998","926","OK",""
"4009912__Maximiliano_Santoro4009912.xml","17","1","1","0","4","4","13","14","16","16","6.872400000000002","5.864600000000002","1024","OK",""
"4009914__Fernando_Golding4009914.xml","5","1","1","0","4","4","3","3","4","4","2.4326","2.4326","184","OK",""
"4009915__gloria adriana_cortines4009915.xml","8","3","3","0","4","4","8","8","5","5","5.8925","3.1425","8215","OK",""
"4009929__fernando javier_cattaneo4009929.xml","65","5","5","0","4","4","49","37","60","60","31.792999999999992","30.509999999999994","8695","ERROR","multiset piezas; "
"4009931__Fernando_Golding4009931.xml","4","1","1","0","3","3","4","4","3","3","1.6332","1.6332","135","OK",""
"4009960__fernando javier_cattaneo4009960.xml","37","2","2","0","4","4","24","14","35","35","13.628999999999996","12.672999999999998","1675","ERROR","multiset piezas; "
"4009968__Nelly_Araujo4009968.xml","27","3","3","0","4","4","20","19","24","24","15.243","13.618","2299","OK",""
"4009999__gloria adriana_cortines4009999.xml","9","2","2","0","4","4","7","5","7","7","4.4053","4.0553","474","OK",""
"4010007__Cesar_Carpintero4010007.xml","2","1","1","0","3","2","2","0","1","1","0.5044","0.5044","106","ERROR","multiset piezas; "
"4010008__alexandra_de la fuente hernandez4010008.xml","25","7","6","-1","4","4","16","17","18","19","10.419","18.3635","2062","OK",""
"4010009__Fabian_Alvarez Kordi4010009.xml","16","1","1","0","7","4","11","12","15","15","7.5324","8.501","928","OK",""
"4010031__Fernando_Golding4010031.xml","9","1","1","0","4","3","9","8","8","8","3.7202000000000006","0.7306999999999999","556","OK",""
"4010044__LUCAS_dom4010044.xml","20","1","1","0","4","4","5","6","19","19","6.718","6.718","869","OK",""
"4010051__Dinorah_Contreras4010051.xml","2","1","","","","","","","","","","","0","ERROR","La pieza ""P1"" (2440×300 mm) no entra en una placa útil de 2435×1215 mm."
"4010053__Dinorah_Contreras4010053.xml","1","1","","","","","","","","","","","0","ERROR","La pieza ""P1"" (2440×950 mm) no entra en una placa útil de 2435×1215 mm."
"4010082__Matias_Arraygada4010082.xml","","","","","","","","","","","","","","SKIP","formato excluido: raíz distinta de <project>"
"4010099__Fernando_Golding4010099.xml","7","1","1","0","3","3","3","2","6","6","3.2864","3.0363999999999995","411","OK",""
"4010102__Fernando_Golding4010102.xml","7","1","1","0","3","3","3","2","6","6","3.2864","3.0363999999999995","498","OK",""
"4010103__ARQUIMAX MOSTRADOR_RESISTENCIA4010103.xml","3","1","1","0","3","3","1","1","2","2","1.668","1.668","179","OK",""
"4010107__Fernando_Golding4010107.xml","7","1","1","0","4","3","5","2","6","6","3.1264000000000003","2.8364000000000003","424","OK",""
"4010127__VENTAS_EGGER RG4010127.xml","62","4","4","0","4","4","19","36","58","58","25.249","27.571799999999996","4238","OK",""
"4010129__Karen_Crespo4010129.xml","19","1","1","0","3","3","8","8","18","18","10.601199999999997","10.237199999999998","1020","OK",""
"4010134__Karen_Crespo4010134.xml","26","1","1","0","4","4","15","13","25","25","9.983999999999995","8.472999999999999","1890","OK",""
"4010136__Franco_Ojeda4010136.xml","94","4","4","0","5","4","37","35","90","90","53.64799999999998","47.71899999999999","4266","OK",""
"4010139__adrian_cuello4010139.xml","15","2","2","0","4","3","8","7","13","13","11.999199999999998","9.2257","702","OK",""
"4010147__VENTAS_EGGER RG4010147.xml","5","1","1","0","3","4","3","4","4","4","2.5594","1.3594000000000002","286","OK",""
"4010153__BRENDA MEDINA_medina4010153.xml","15","7","7","0","4","4","15","13","8","8","7.1648","8.464799999999999","28062","OK",""
"4010157__MARIA LILIANA_MEZA PADILLA4010157.xml","31","3","3","0","4","4","17","14","28","28","20.679199999999998","19.491199999999996","1872","OK",""
"4010184__Nelly_Araujo4010184.xml","2","1","1","0","3","3","1","1","1","1","0.6045","0.6045","149","OK",""
"4010189__Mega_Maderas4010189.xml","12","2","2","0","4","4","10","8","10","10","7.708799999999999","5.891","732","OK",""
"4010211__VENTAS_EGGER RG4010211.xml","14","4","","","","","","","","","","","0","ERROR","La pieza ""P3"" (2600×780 mm) no entra en una placa útil de 2595×1825 mm."
"4010237__alexandra_de la fuente hernandez4010237.xml","10","1","1","0","4","4","7","8","9","9","5.4355","5.3305","636","OK",""
"4010238__Leonel_Carrillo Rodriguez4010238.xml","17","2","2","0","4","4","12","12","15","15","9.0925","9.6105","2002","OK",""
"4010239__Leonel_Carrillo Rodriguez4010239.xml","10","2","2","0","4","4","7","7","8","8","5.783200000000001","5.5856","528","OK",""
"4010249__BRENDA MEDINA_medina4010249.xml","23","7","7","0","4","4","16","16","16","16","10.794199999999998","10.5926","7932","OK",""
"4010265__Ramon_Mata4010265.xml","2","1","2","1","2","3","0","2","1","0","0.8045","0","1553","OK",""
"4010267__ROBERTO SOTERO_FLORES DE LA GARZA4010267.xml","15","2","2","0","4","4","11","8","13","13","6.7741999999999996","6.615399999999999","858","OK",""
"4010281__Eduardo Horacio_Moras4010281.xml","95","6","6","0","4","4","52","51","89","89","47.133599999999994","54.30959999999999","24549","OK",""
"4010295__Adrian_Maru4010295.xml","7","1","1","0","3","4","5","5","6","6","3.5264","1.7264000000000002","356","OK",""
"4010313__BRENDA MEDINA_medina4010313.xml","26","5","5","0","4","3","16","17","21","21","13.5045","16.7645","30784","OK",""
"4010315__Nelly_Araujo4010315.xml","31","3","3","0","4","4","17","12","28","28","20.724","17.662","1885","OK",""
"4010332__Mega_Maderas4010332.xml","31","1","1","0","4","4","17","17","30","30","11.112999999999998","9.054999999999996","1792","OK",""
"4010343__Ruben_Peix4010343.xml","18","1","1","0","4","4","14","16","17","17","8.0858","5.6494","1334","OK",""
"4010344__Luis_Mendez4010344.xml","19","3","3","0","4","4","18","17","16","16","12.148","7.39","2629","OK",""
"4010398__Dinorah_Contreras4010398.xml","1","1","1","0","3","3","1","1","0","0","0","0","95","OK",""
"4010407__Marcelo_Gauna4010407.xml","45","3","3","0","7","4","31","33","42","42","26.247199999999992","24.0898","3776","OK",""
"4010416__Ruben_Peix4010416.xml","62","6","6","0","4","4","41","47","56","56","41.880199999999995","42.38199999999999","7624","OK",""
"4010417__gloria adriana_cortines4010417.xml","8","2","2","0","3","4","4","5","6","6","4.0102","3.8872","471","OK",""
"4010418__Ruben_Peix4010418.xml","6","2","2","0","4","4","4","4","4","4","2.9236","2.5756","253","OK",""
"4010432__alexandra_de la fuente hernandez4010432.xml","94","18","18","0","4","4","61","77","76","76","62.315","69.765","17259","OK",""
"4010433__Ruben_Peix4010433.xml","50","2","2","0","4","4","23","20","48","48","15.010799999999996","17.064799999999995","3337","OK",""
"4010455__alexandra_de la fuente hernandez4010455.xml","79","11","11","0","4","4","51","56","68","68","49.9662","52.3404","15741","OK",""
"4010474__Mega_Maderas4010474.xml","35","4","4","0","4","4","17","23","31","31","15.1414","16.961399999999998","1908","OK",""
"4010476__Mega_Maderas4010476.xml","99","8","8","0","4","4","47","50","91","91","51.30799999999999","55.50039999999999","6947","OK",""
"4010492__Diego_Castro4010492.xml","","","","","","","","","","","","","","SKIP","formato excluido: raíz distinta de <project>"
"4010504__alexandra_de la fuente hernandez4010504.xml","134","23","22","-1","4","4","97","102","111","112","84.8725","75.83460000000002","11086","OK",""
"4010505__ruth_medina4010505.xml","44","1","1","0","5","4","21","27","43","43","18.231199999999994","15.020199999999992","5222","OK",""
"4010519__alexandra_de la fuente hernandez4010519.xml","52","8","8","0","4","4","40","39","44","44","28.7516","28.1246","6996","OK",""
"4010526__jose_di giorgio4010526.xml","","","","","","","","","","","","","","SKIP","formato excluido: raíz distinta de <project>"
"4010527__alexandra_de la fuente hernandez4010527.xml","52","8","8","0","4","4","40","39","44","44","28.7516","28.1246","5705","OK",""
"4010535__jose_di giorgio4010535.xml","","","","","","","","","","","","","","SKIP","formato excluido: raíz distinta de <project>"
"4010547__Dinorah_Contreras4010547.xml","70","10","9","-1","4","4","57","48","60","61","37.97909999999999","36.824","9853","OK",""
"4010555__Dinorah_Contreras4010555.xml","31","4","4","0","4","4","26","25","27","27","18.4055","17.3645","2626","OK",""
"4010556__Gustavo_Piaggio4010556.xml","5","1","1","0","3","3","3","3","4","4","2.7616","2.3866","230","OK",""
"4010557__franco_rios4010557.xml","15","2","2","0","5","4","10","9","13","13","11.9916","10.3772","1455","OK",""
"4010578__alexandra_de la fuente hernandez4010578.xml","94","18","18","0","4","4","61","77","76","76","62.33059999999999","69.7836","18739","OK",""
"4010583__Steve_Castano4010583.xml","51","4","4","0","4","4","33","28","47","47","32.804","31.222","10711","OK",""
"4010585__Steve_Castano4010585.xml","51","4","4","0","4","4","33","28","47","47","32.804","31.222","11469","OK",""
"4010590__PABLO PATRICIO_PIRITO CAVALLARO4010590.xml","7","1","1","0","3","3","7","7","6","6","1.6032","1.4664000000000001","433","OK",""
"4010593__goboconstrucciones_goboconstrucciones4010593.xml","11","1","1","0","4","5","8","13","10","10","6.817","6.543","1232","OK",""
"4010596__Dinorah_Contreras4010596.xml","147","13","13","0","4","4","90","103","134","134","75.858","81.005","13102","OK",""
"4010602__Dinorah_Contreras4010602.xml","11","1","1","0","4","3","6","8","10","10","6.226","3.73","751","OK",""
"4010611__PABLO PATRICIO_PIRITO CAVALLARO4010611.xml","14","1","1","0","4","4","6","6","13","13","4.217200000000001","3.4272000000000005","975","OK",""
"4010618__Ariel_Puyol4010618.xml","32","2","2","0","4","4","23","28","30","30","14.747999999999996","11.456","2860","OK",""
"4010625__goboconstrucciones_goboconstrucciones4010625.xml","11","1","1","0","4","5","8","13","10","10","6.817","6.543","1134","OK",""
"4010628__ruth_medina4010628.xml","68","3","3","0","7","4","43","46","65","65","34.79339999999999","34.66899999999999","4876","OK",""
"4010634__MIGUEL ANGEL_QUIROZ4010634.xml","34","2","2","0","4","4","19","25","32","32","16.516","11.851","2492","OK",""
"4010646__Santiago_Vitale4010646.xml","143","9","8","-1","4","5","62","69","134","135","73.88359999999997","75.06899999999999","5427","OK",""
"4010658__Santiago_Vitale4010658.xml","28","5","5","0","4","4","11","13","23","23","15.808200000000001","15.671199999999997","23169","OK",""
"4010673__EGGER_USH4010673.xml","20","2","2","0","4","4","11","12","18","18","11.179199999999998","11.269200000000001","630","OK",""
"4010712__EGGER_USH4010712.xml","1","1","1","0","3","3","1","1","0","0","0","0","25","OK",""
"4010713__gustavodg70_gustavodg704010713.xml","12","1","1","0","4","4","10","10","11","11","6.573","4.685","187","OK",""
"4010720__PABLO_LEGAL4010720.xml","10","1","1","0","4","4","8","8","9","9","4.2896","3.7296000000000005","93","OK",""
"4010722__franco_rios4010722.xml","4","1","1","0","5","4","5","3","3","3","4.0036","1.7131999999999998","30","OK",""
"4010732__ruth_medina4010732.xml","96","5","5","0","7","4","68","56","91","91","49.27539999999998","42.09339999999999","1538","OK",""
"4010738__ruth_medina4010738.xml","8","1","1","0","4","4","4","8","7","7","4.9098000000000015","3.6477999999999997","56","OK",""
"4010745__Gustavo_Piaggio4010745.xml","40","2","2","0","4","4","25","25","38","38","22.995199999999997","22.387199999999993","938","OK",""
"4010764__Juan_Giacosa4010764.xml","","","","","","","","","","","","","","SKIP","formato excluido: raíz distinta de <project>"
"4010771__Marcelo Dario_Carrera4010771.xml","6","1","1","0","3","3","2","2","5","5","4.622","3.292","40","OK",""
"4010782__Cristian_Quinteros4010782.xml","11","2","2","0","4","4","7","7","9","9","7.4651","6.6446000000000005","87","OK",""
"4010796__Cristian_Quinteros4010796.xml","19","2","2","0","4","4","13","14","17","17","13.890799999999999","13.3118","189","OK",""
"4010799__Steve_Castano4010799.xml","51","4","4","0","4","4","33","28","47","47","32.804","31.222","2043","OK",""
"4010800__Steve_Castano4010800.xml","51","4","4","0","4","4","33","28","47","47","32.804","31.222","1813","OK",""
"4010806__Cristian_Quinteros4010806.xml","5","1","1","0","3","3","3","3","4","4","2.9591","1.3491","43","OK",""
"4010812__Cristian_Quinteros4010812.xml","11","2","2","0","4","4","7","7","9","9","7.4651","6.6446000000000005","82","OK",""
"4010815__Cristian_Quinteros4010815.xml","11","2","1","-1","3","3","8","6","10","10","5.9910000000000005","5.307","69","OK",""
"4010819__Steve_Castano4010819.xml","24","2","2","0","4","4","13","13","22","22","15.076","10.52","198","OK",""
"4010820__Steve_Castano4010820.xml","51","4","4","0","4","4","33","28","47","47","32.804","31.222","2258","OK",""
"4010822__Steve_Castano4010822.xml","24","2","2","0","4","4","13","13","22","22","15.076","10.52","237","OK",""
"4010825__Steve_Castano4010825.xml","24","2","2","0","4","4","13","13","22","22","15.076","10.52","189","OK",""
"4010827__Emiliano Martin_Fernandez4010827.xml","11","1","1","0","4","4","7","8","10","10","8.640999999999998","4.143","85","OK",""
"4010828__Rodrigo_Marcos4010828.xml","14","4","4","0","4","4","10","11","10","10","8.692","10.982","3526","OK",""
"4010830__Emiliano Martin_Fernandez4010830.xml","152","5","5","0","4","4","82","92","147","147","70.38879999999997","66.1538","1423","OK",""
"4010834__Emiliano Martin_Fernandez4010834.xml","3","1","1","0","3","3","1","1","2","2","1.0188","0.8837999999999999","36","OK",""
"4010835__Rodrigo_Marcos4010835.xml","8","1","1","0","4","4","6","7","7","7","5.729799999999999","2.8388","75","OK",""
"4010839__Emiliano Martin_Fernandez4010839.xml","43","1","1","0","4","4","17","36","42","42","16.95679999999999","8.227799999999995","407","OK",""
"4010840__Rodrigo_Marcos4010840.xml","6","2","2","0","4","3","5","4","5","4","3.4365","2.1341","1388","OK",""
"4010844__Steve_Castano4010844.xml","24","2","2","0","4","4","13","13","22","22","15.076","10.52","180","OK",""
"4010849__damian_iglesias4010849.xml","2","1","1","0","4","3","2","2","1","1","0.5464","0.3444","35","OK",""
"4010865__Mauro Leandro Bernardino_Torres4010865.xml","77","4","4","0","5","4","31","25","73","73","28.161799999999985","27.530199999999983","798","OK",""
"4010869__Mauro Leandro Bernardino_Torres4010869.xml","6","1","1","0","4","3","3","3","5","5","3.8220000000000005","3.8220000000000005","45","OK",""
"4010873__Gaston_Marrone4010873.xml","","","","","","","","","","","","","","SKIP","formato excluido: raíz distinta de <project>"
"4010875__Mauro Leandro Bernardino_Torres4010875.xml","7","1","1","0","6","4","4","5","6","6","2.2514","2.2514","57","OK",""
"4010877__Marcelo Dario_Carrera4010877.xml","5","1","1","0","3","4","5","3","4","4","1.5675999999999999","1.1476","49","OK",""
"4010891__Alfredo_Lentijo4010891.xml","65","4","","","","","","","","","","","0","ERROR","La pieza ""P8"" (2600×49.6 mm) no entra en una placa útil de 2595×1825 mm."
"4010897__Jesica_Helmbold4010897.xml","19","2","2","0","4","4","13","10","17","17","7.2728","7.060799999999999","187","OK",""
"4010942__omar_cussi4010942.xml","12","1","1","0","4","4","10","9","11","11","9.043","6.77","113","OK",""
"4010952__MARIA LILIANA_MEZA PADILLA4010952.xml","31","3","3","0","4","4","14","12","28","28","20.77","17.662","316","OK",""
"4010954__omar_cussi4010954.xml","3","1","1","0","3","3","1","1","2","2","1.49","1.49","23","OK",""
"4010960__Felipe_Rodriguez Garcia4010960.xml","13","1","1","0","4","3","7","2","12","12","5.429","4.174","115","OK",""
"4011025__Milton Gabriel_Suarez Chavez4011025.xml","","","","","","","","","","","","","","SKIP","formato excluido: raíz distinta de <project>"
"4011052__Rene D._Martinez4011052.xml","85","5","4","-1","6","4","51","45","80","81","41.64619999999999","43.997399999999985","1493","OK",""
"4011061__Sergio_Benitez4011061.xml","3","2","2","0","3","3","3","3","1","1","0.6794","0.5344","38","OK",""
"4011068__adriel_marioni4011068.xml","55","4","4","0","4","4","26","32","51","51","38.07039999999999","32.578399999999995","698","OK",""
"4011069__adriel_marioni4011069.xml","16","2","2","0","4","3","10","8","14","14","5.2236","5.6486","129","ERROR","multiset piezas; "
"4011074__Nicolas_Martinez4011074.xml","115","7","7","0","3","4","7","10","108","108","24.425199999999997","26.851599999999998","462","OK",""
"4011077__ruth_medina4011077.xml","11","1","1","0","4","3","6","5","10","10","5.1974","2.627","93","OK",""
"4011079__Lisi_Machuca4011079.xml","","","","","","","","","","","","","","SKIP","formato excluido: raíz distinta de <project>"
"4011080__ADRIAN MARCELO_RETA4011080.xml","","","","","","","","","","","","","","SKIP","formato excluido: raíz distinta de <project>"
"4011083__Juan_Olmos4011083.xml","49","2","2","0","4","4","34","33","47","47","22.10979999999999","18.428799999999992","1175","OK",""
"4011085__Walter_Monzon4011085.xml","36","3","","","","","","","","","","","0","ERROR","La pieza ""P18"" (2800×250 mm) no entra en una placa útil de 2795×2065 mm."
"4011087__Juan_Olmos4011087.xml","7","1","1","0","4","4","5","4","6","6","3.9903999999999997","3.1064000000000003","75","OK",""
"4011092__agustin aj amoblamientos_juri4011092.xml","71","6","","","","","","","","","","","0","ERROR","La pieza ""P28"" (2600×700 mm) no entra en una placa útil de 2595×1825 mm."
"4011110__Ariel_Puyol4011110.xml","73","7","7","0","4","4","59","61","66","66","56.331399999999995","54.46939999999999","1151","OK",""
"4011118__MAURICIO_GALLARDO4011118.xml","","","","","","","","","","","","","","SKIP","formato excluido: raíz distinta de <project>"
"4011143__carlos_ithuralde4011143.xml","1","1","1","0","3","3","1","1","0","0","0","0","15","OK",""
"4011151__Miriam_Dominguez4011151.xml","22","1","1","0","3","2","22","0","21","21","1.1424","1.1424","77","ERROR","multiset piezas; "
"4011157__Cristian_Bustos4011157.xml","71","5","5","0","4","4","37","39","66","66","39.1404","39.752399999999994","1015","OK",""
"4011159__Cristian_Bustos4011159.xml","3","2","2","0","3","3","2","3","1","1","0.7764","0.7764","26","OK",""
"4011161__Cristian_Bustos4011161.xml","8","2","2","0","4","4","4","6","6","6","4.6364","4.7464","88","OK",""
"4011163__Dario_Speziale4011163.xml","69","8","8","0","4","4","39","44","61","61","39.632400000000004","44.15239999999999","3905","OK",""
"4011169__HUGO ARIEL_CANCINOS4011169.xml","","","","","","","","","","","","","","SKIP","formato excluido: raíz distinta de <project>"
"4011175__LUCIANO_RUSCINO4011175.xml","41","4","4","0","4","4","22","17","37","37","25.574299999999997","17.5603","538","OK",""
"4011191__ruth_medina4011191.xml","11","1","1","0","4","4","4","6","10","10","4.718","4.471","102","OK",""
"4011194__Martin_Sarchione4011194.xml","10","1","1","0","3","3","2","7","9","9","3.7796000000000007","2.0696000000000003","85","OK",""
"4011208__emporio_madera4011208.xml","","","","","","","","","","","","","","SKIP","formato excluido: raíz distinta de <project>"
"4011213__ruth_medina4011213.xml","11","1","1","0","4","3","6","5","10","10","5.1654","2.619","68","OK",""
"4011229__Yanina_Silva4011229.xml","","","","","","","","","","","","","","SKIP","formato excluido: raíz distinta de <project>"
"4011232__Lionel_Amicheti4011232.xml","","","","","","","","","","","","","","SKIP","formato excluido: raíz distinta de <project>"
"4011241__Ramiro _Leites4011241.xml","","","","","","","","","","","","","","SKIP","formato excluido: raíz distinta de <project>"
"4011256__Leonardo_Hansen4011256.xml","","","","","","","","","","","","","","SKIP","formato excluido: raíz distinta de <project>"
"4011258__Ramiro _Leites4011258.xml","","","","","","","","","","","","","","SKIP","formato excluido: raíz distinta de <project>"
"4011260__Luis alberto_Meza4011260.xml","","","","","","","","","","","","","","SKIP","formato excluido: raíz distinta de <project>"
"4011264__emporio_madera4011264.xml","","","","","","","","","","","","","","SKIP","formato excluido: raíz distinta de <project>"
"4011266__Ramiro _Leites4011266.xml","","","","","","","","","","","","","","SKIP","formato excluido: raíz distinta de <project>"
"4011269__Leonardo_Hansen4011269.xml","","","","","","","","","","","","","","SKIP","formato excluido: raíz distinta de <project>"
"4011273__Gisela_Garbarini4011273.xml","15","1","1","0","4","4","8","9","14","14","9.189599999999999","6.495099999999999","120","OK",""
"4011280__MAURICIO_GALLARDO4011280.xml","","","","","","","","","","","","","","SKIP","formato excluido: raíz distinta de <project>"
"4011286__Franco_Zampar4011286.xml","33","2","2","0","7","4","21","20","31","31","10.480799999999995","14.501399999999995","269","OK",""
"4011305__Mariano _Rojas 4011305.xml","","","","","","","","","","","","","","SKIP","formato excluido: raíz distinta de <project>"
"4011324__lujan agustin_encinas4011324.xml","","","","","","","","","","","","","","SKIP","formato excluido: raíz distinta de <project>"
"4011336__Guillermo Oscar_Galimberti4011336.xml","","","","","","","","","","","","","","SKIP","formato excluido: raíz distinta de <project>"
"4011338__Mauricio_Di Massa4011338.xml","37","6","6","0","4","4","25","30","31","31","22.064400000000003","18.424400000000006","9152","OK",""
"4011350__Leonardo_Hansen4011350.xml","","","","","","","","","","","","","","SKIP","formato excluido: raíz distinta de <project>"
"4011352__Dalmasio_Rossetti4011352.xml","46","4","4","0","4","4","28","32","42","42","31.455299999999994","28.393299999999996","757","OK",""
"4011356__Mauricio_Di Massa4011356.xml","33","6","5","-1","4","4","25","28","27","28","18.5364","19.5096","312","OK",""
"4011357__Dalmasio_Rossetti4011357.xml","3","1","1","0","3","3","2","2","2","2","1.9448","1.0118","69","OK",""
"4011364__Leticia_Olazagarre4011364.xml","","","","","","","","","","","","","","SKIP","formato excluido: raíz distinta de <project>"
"4011367__Leticia_Olazagarre4011367.xml","","","","","","","","","","","","","","SKIP","formato excluido: raíz distinta de <project>"
"4011368__carlos_ithuralde4011368.xml","2","1","1","0","3","3","2","2","1","1","0.4774","0.4774","26","OK",""
"4011371__Leticia_Olazagarre4011371.xml","","","","","","","","","","","","","","SKIP","formato excluido: raíz distinta de <project>"
"4011378__Joel _Verber4011378.xml","","","","","","","","","","","","","","SKIP","formato excluido: raíz distinta de <project>"
"4011381__Joel _Verber4011381.xml","","","","","","","","","","","","","","SKIP","formato excluido: raíz distinta de <project>"
"4011386__Lionel_Amicheti4011386.xml","","","","","","","","","","","","","","SKIP","formato excluido: raíz distinta de <project>"
"4011393__Leonardo_Hansen4011393.xml","","","","","","","","","","","","","","SKIP","formato excluido: raíz distinta de <project>"
"4011405__Alfredo_Lentijo4011405.xml","20","2","2","0","4","4","13","13","18","18","12.482","11.274799999999999","263","OK",""
"4011406__Luis alberto_Meza4011406.xml","","","","","","","","","","","","","","SKIP","formato excluido: raíz distinta de <project>"
"4011407__Lionel_Amicheti4011407.xml","","","","","","","","","","","","","","SKIP","formato excluido: raíz distinta de <project>"
"4011408__Joel _Verber4011408.xml","","","","","","","","","","","","","","SKIP","formato excluido: raíz distinta de <project>"
"4011417__Lionel_Amicheti4011417.xml","","","","","","","","","","","","","","SKIP","formato excluido: raíz distinta de <project>"
"4011422__Ruben Raineri_Ruben Raineri4011422.xml","94","1","1","0","3","3","6","7","93","93","13.009199999999971","8.719199999999976","408","OK",""
"4011432__Leonel_Vignatti4011432.xml","","","","","","","","","","","","","","SKIP","formato excluido: raíz distinta de <project>"
"4011447__MilimetroCero_MilimetroCero4011447.xml","246","19","19","0","4","4","106","147","227","227","127.03279999999997","166.58379999999997","2274","OK",""
"4011451__Mauricio_Di Massa4011451.xml","12","3","3","0","3","3","5","8","9","9","5.5036000000000005","7.703600000000001","1624","OK",""
"4011453__leandro_feldman4011453.xml","","","","","","","","","","","","","","SKIP","formato excluido: raíz distinta de <project>"
"4011466__lujan agustin_encinas4011466.xml","","","","","","","","","","","","","","SKIP","formato excluido: raíz distinta de <project>"
"4011469__Sabrina_Scopetta4011469.xml","","","","","","","","","","","","","","SKIP","formato excluido: raíz distinta de <project>"
"4011476__Sabrina_Scopetta4011476.xml","","","","","","","","","","","","","","SKIP","formato excluido: raíz distinta de <project>"
"4011482__Mauricio_Di Massa4011482.xml","20","2","2","0","4","4","13","12","18","18","14.761199999999999","11.461199999999998","195","OK",""
"4011489__Sabrina_Scopetta4011489.xml","","","","","","","","","","","","","","SKIP","formato excluido: raíz distinta de <project>"
"4011491__Mauricio_Di Massa4011491.xml","17","1","1","0","4","4","7","8","16","16","10.370399999999997","5.970399999999998","143","OK",""
"4011495__Ruben Raineri_Ruben Raineri4011495.xml","6","1","1","0","3","3","2","2","5","5","4.432","3.9030000000000005","34","OK",""
"4011496__alex_viteri4011496.xml","","","","","","","","","","","","","","SKIP","formato excluido: raíz distinta de <project>"
"4011497__jjosem.2016_jjosem.20164011497.xml","10","2","","","","","","","","","","","0","ERROR","La pieza ""P5"" (2750×250 mm) no entra en una placa útil de 2740×1820 mm."
"4011511__jjosem.2016_jjosem.20164011511.xml","10","1","","","","","","","","","","","0","ERROR","La pieza ""P6"" (2750×100 mm) no entra en una placa útil de 2740×1820 mm."
"4011513__santiago_bonacorsi4011513.xml","","","","","","","","","","","","","","SKIP","formato excluido: raíz distinta de <project>"
"4011519__jjosem.2016_jjosem.20164011519.xml","27","2","","","","","","","","","","","0","ERROR","La pieza ""P4"" (2750×60 mm) no entra en una placa útil de 2740×1820 mm."
"4011521__Juan pablo_Demargherita4011521.xml","24","1","1","0","3","3","1","24","23","23","1.7112","1.7112","141","OK",""
"4011522__santiago_bonacorsi4011522.xml","","","","","","","","","","","","","","SKIP","formato excluido: raíz distinta de <project>"
"4011525__jjosem.2016_jjosem.20164011525.xml","27","2","","","","","","","","","","","0","ERROR","La pieza ""P4"" (2750×60 mm) no entra en una placa útil de 2740×1820 mm."
"4011526__santiago_bonacorsi4011526.xml","","","","","","","","","","","","","","SKIP","formato excluido: raíz distinta de <project>"
"4011531__santiago_bonacorsi4011531.xml","","","","","","","","","","","","","","SKIP","formato excluido: raíz distinta de <project>"
"4011535__santiago_bonacorsi4011535.xml","","","","","","","","","","","","","","SKIP","formato excluido: raíz distinta de <project>"
"4011537__Alejandro_Castro4011537.xml","43","5","5","0","4","4","34","31","38","38","21.825","20.817","2615","OK",""
"4011539__santiago_bonacorsi4011539.xml","","","","","","","","","","","","","","SKIP","formato excluido: raíz distinta de <project>"
"4011552__gustavo _juhasz4011552.xml","","","","","","","","","","","","","","SKIP","formato excluido: raíz distinta de <project>"
"4011558__Juan pablo_Demargherita4011558.xml","14","1","1","0","3","3","14","14","13","13","1.7042","0.9672000000000001","77","OK",""
"4011588__TYRONE_VILLAMAR4011588.xml","","","","","","","","","","","","","","SKIP","formato excluido: raíz distinta de <project>"
"4011590__Cesar Norberto_Molina 4011590.xml","","","","","","","","","","","","","","SKIP","formato excluido: raíz distinta de <project>"
"4011591__paolo_leonardi4011591.xml","104","5","5","0","4","4","50","54","99","99","45.197599999999994","40.21459999999999","1177","OK",""
"4011598__TYRONE_VILLAMAR4011598.xml","","","","","","","","","","","","","","SKIP","formato excluido: raíz distinta de <project>"
"4011612__gustavo _juhasz4011612.xml","","","","","","","","","","","","","","SKIP","formato excluido: raíz distinta de <project>"
"4011630__TYRONE_VILLAMAR4011630.xml","","","","","","","","","","","","","","SKIP","formato excluido: raíz distinta de <project>"
"4011633__CARLOS_BENITEZ4011633.xml","129","13","12","-1","7","4","67","70","116","117","68.20919999999998","69.0528","1266","OK",""
"4011662__AUSTER ESTUDIOS SAS_GIECO PEIRETTI4011662.xml","153","9","9","0","4","4","120","103","144","144","91.87359999999997","86.20259999999998","2835","OK",""
"4011670__Diego_Manavella4011670.xml","33","3","3","0","7","4","24","24","30","30","22.396799999999995","19.885999999999996","317","OK",""
"4011675__AUSTER ESTUDIOS SAS_GIECO PEIRETTI4011675.xml","153","9","9","0","4","4","120","103","144","144","91.87359999999997","86.20259999999998","2892","OK",""
"4011689__Miriam_Dominguez4011689.xml","86","4","4","0","4","4","22","22","82","82","31.235799999999987","28.260799999999985","7490","OK",""
"4011697__Daniel_Caballero4011697.xml","31","2","2","0","4","4","19","20","29","29","13.872599999999998","11.552599999999998","386","OK",""
"4011698__Daniel_Caballero4011698.xml","31","2","2","0","4","4","19","20","29","29","13.872599999999998","11.552599999999998","426","OK",""
"4011741__Leonardo_Hansen4011741.xml","","","","","","","","","","","","","","SKIP","formato excluido: raíz distinta de <project>"
"4011746__Luciano Roman_Cortez4011746.xml","21","2","2","0","4","4","17","14","19","19","12.419599999999999","11.337599999999998","258","OK",""
"4011754__Diego_Manavella4011754.xml","3","1","1","0","3","3","1","1","2","2","1.6818","1.4627999999999999","75","OK",""
"4011757__Pablo_Rivoira4011757.xml","25","2","2","0","4","4","14","14","23","23","13.334199999999997","12.0672","311","OK",""
"4011785__Rogelio_Morales ramirez4011785.xml","13","2","2","0","4","4","9","8","11","11","8.0573","6.2179","110","OK",""
"4011795__Guillermina_Maglio4011795.xml","23","1","1","0","4","4","16","9","22","22","6.696799999999999","5.706799999999998","196","OK",""
"4011796__paolo_leonardi4011796.xml","72","5","5","0","4","4","42","45","67","67","39.96079999999999","37.7908","1192","OK",""
"4011801__gloria adriana_cortines4011801.xml","14","1","1","0","4","3","8","7","13","13","5.145300000000001","3.5557","149","OK",""
"4011806__emporio_madera4011806.xml","","","","","","","","","","","","","","SKIP","formato excluido: raíz distinta de <project>"
"4011808__Gabriel_Gava4011808.xml","50","3","3","0","4","4","40","25","47","47","23.373299999999997","20.7033","650","OK",""
"4011810__Hector_Ruben Diaz4011810.xml","126","6","6","0","4","4","71","73","120","120","65.4388","69.15559999999999","1761","OK",""
"4011815__emporio_madera4011815.xml","","","","","","","","","","","","","","SKIP","formato excluido: raíz distinta de <project>"
"4011821__guillermo.janecki_guillermo.janecki4011821.xml","19","1","1","0","4","4","5","8","18","18","6.576","5.676","245","OK",""
"4011824__Hector_Ruben Diaz4011824.xml","2","1","1","0","3","3","2","2","1","1","0.7014","0.7014","24","OK",""
"4011831__guillermo.janecki_guillermo.janecki4011831.xml","19","1","1","0","4","4","5","8","18","18","6.576","5.676","229","OK",""
"4011836__Dario_Speziale4011836.xml","69","4","4","0","4","4","35","35","65","65","38.51999999999999","35.352999999999994","1004","OK",""
"4011838__emporio_madera4011838.xml","","","","","","","","","","","","","","SKIP","formato excluido: raíz distinta de <project>"
"4011840__Hector_Ruben Diaz4011840.xml","2","1","1","0","3","3","1","1","1","1","0.8543999999999999","0.8543999999999999","20","OK",""
"4011846__guillermo.janecki_guillermo.janecki4011846.xml","19","1","1","0","4","4","5","8","18","18","6.576","5.676","241","OK",""
"4011851__Daniel_Caballero4011851.xml","36","1","1","0","4","4","18","26","35","35","11.041999999999994","6.740999999999994","398","OK",""
"4011860__guillermo.janecki_guillermo.janecki4011860.xml","19","1","1","0","4","4","5","8","18","18","6.576","5.676","224","OK",""
"4011867__SANDRA ELIZABETH_Alvarez4011867.xml","4","1","1","0","4","4","4","3","3","3","2.6361999999999997","2.1732","54","OK",""
"4011869__Eliseo_Colacilli4011869.xml","56","2","2","0","4","4","31","37","54","54","26.251599999999993","24.129599999999996","841","OK",""
"4011872__Gonzalo_Irisarri4011872.xml","26","4","4","0","4","5","19","22","22","22","24.21","13.185","598","OK",""
"4011875__Nicolas_De luca4011875.xml","","","","","","","","","","","","","","SKIP","formato excluido: raíz distinta de <project>"
"4011877__Eliseo_Colacilli4011877.xml","15","1","1","0","4","4","9","7","14","14","9.626599999999998","6.438599999999998","129","OK",""
"4011883__mxd_mxd4011883.xml","21","2","2","0","4","4","10","12","19","19","11.735","11.235","164","OK",""
"4011884__Nicolas_De luca4011884.xml","","","","","","","","","","","","","","SKIP","formato excluido: raíz distinta de <project>"
"4011888__Javier Patricio_Campoverde Zambrano4011888.xml","","","","","","","","","","","","","","SKIP","formato excluido: raíz distinta de <project>"
"4011894__Andres_Silva4011894.xml","40","4","4","0","4","4","25","17","36","36","21.098","21.871800000000004","404","OK",""
"4011899__Gabriel_Echeverria4011899.xml","27","1","1","0","4","4","13","15","26","26","9.991","10.936","217","OK",""
"4011911__Luciano Roman_Cortez4011911.xml","131","5","5","0","4","4","90","101","126","126","71.2734","55.94039999999998","2491","OK",""
"4011914__Eliseo_Colacilli4011914.xml","8","1","1","0","4","4","8","9","7","7","4.905799999999999","2.9757999999999996","71","OK",""
"4011915__Maximiliano_Santoro4011915.xml","2","1","1","0","3","4","2","2","1","1","1.8644","0.7343999999999999","35","OK",""
"4011918__paolo_leonardi4011918.xml","112","3","3","0","4","4","30","23","109","109","40.44959999999999","39.5166","2922","OK",""
"4011924__Lionel_Amicheti4011924.xml","","","","","","","","","","","","","","SKIP","formato excluido: raíz distinta de <project>"
"4011926__CARLOS_BENITEZ4011926.xml","217","10","10","0","6","4","87","107","207","207","100.66119999999998","97.00879999999997","1569","OK",""
"4011932__Kevin_Tumbaco4011932.xml","","","","","","","","","","","","","","SKIP","formato excluido: raíz distinta de <project>"
"4011934__Lionel_Amicheti4011934.xml","","","","","","","","","","","","","","SKIP","formato excluido: raíz distinta de <project>"
"4011943__Gabriel_Echeverria4011943.xml","6","1","1","0","4","4","4","4","5","5","1.525","1.525","71","OK",""
"4011946__lujan agustin_encinas4011946.xml","","","","","","","","","","","","","","SKIP","formato excluido: raíz distinta de <project>"
"4011952__Luciano Roman_Cortez4011952.xml","43","3","3","0","4","4","34","27","40","40","23.729999999999993","22.81299999999999","917","OK",""
"4011953__Yuri_Mielnikowicz4011953.xml","36","2","2","0","4","4","19","19","34","34","21.15","20.256","605","OK",""
"4011955__paolo_leonardi4011955.xml","9","2","2","0","4","4","9","8","7","7","4.6908","5.0408","98","OK",""
"4011957__Maximiliano_Santoro4011957.xml","","","","","","","","","","","","","","SKIP","stock mixto: dimensiones de panel diferentes"
"4011967__Joel _Verber4011967.xml","","","","","","","","","","","","","","SKIP","formato excluido: raíz distinta de <project>"
"4011976__VENTAS_EGGER RG4011976.xml","1","1","1","0","3","3","1","1","0","0","0","0","18","OK",""
"4011978__Joel _Verber4011978.xml","","","","","","","","","","","","","","SKIP","formato excluido: raíz distinta de <project>"
"4011984__Yuri_Mielnikowicz4011984.xml","17","1","1","0","4","4","14","13","16","16","8.309","6.61","192","OK",""
"4011987__Joel _Verber4011987.xml","","","","","","","","","","","","","","SKIP","formato excluido: raíz distinta de <project>"
"4012000__Rogelio_Morales ramirez4012000.xml","13","2","2","0","4","4","9","10","11","11","6.7165","5.4745","138","OK",""
"4012036__paolo_leonardi4012036.xml","28","1","1","0","4","4","8","15","27","27","12.548799999999996","8.931799999999994","320","OK",""
"4012045__paolo_leonardi4012045.xml","28","1","1","0","4","4","8","15","27","27","12.548799999999996","8.931799999999994","264","OK",""
"4012047__Gustavo_Alvarez4012047.xml","31","3","3","0","4","4","14","21","29","28","14.532599999999999","12.327699999999998","323","OK",""
"4012049__paolo_leonardi4012049.xml","112","3","3","0","4","4","30","23","109","109","40.44959999999999","39.5166","2995","OK",""
"4012050__Ricardo_Lopez Taliente4012050.xml","14","2","2","0","4","4","10","11","12","12","7.868799999999999","8.5069","175","OK",""
"4012054__Ezequiel_Gomez4012054.xml","","","","","","","","","","","","","","SKIP","formato excluido: raíz distinta de <project>"
"4012055__lupita_lopez4012055.xml","10","3","3","0","4","4","6","9","7","7","3.9745","3.9595","100","OK",""
"4012058__paolo_leonardi4012058.xml","72","5","5","0","4","4","42","45","67","67","39.96079999999999","37.7908","1181","OK",""
"4012065__Joel _Verber4012065.xml","","","","","","","","","","","","","","SKIP","formato excluido: raíz distinta de <project>"
"4012067__Nelly_Araujo4012067.xml","6","1","1","0","3","3","6","6","5","5","2.3945","2.1135","46","OK",""
"4012068__Ricardo_Lopez Taliente4012068.xml","14","2","2","0","4","4","10","11","12","12","7.868799999999999","8.5069","159","OK",""
"4012074__Ezequiel_Gomez4012074.xml","","","","","","","","","","","","","","SKIP","formato excluido: raíz distinta de <project>"
"4012075__emporio_madera4012075.xml","","","","","","","","","","","","","","SKIP","formato excluido: raíz distinta de <project>"
"4012083__Enrique_Tourn4012083.xml","24","2","2","0","4","4","16","13","22","22","12.663200000000002","12.9264","449","OK",""
"4012084__Ricardo_Lopez Taliente4012084.xml","135","8","8","0","4","4","82","77","127","127","65.343","67.8926","2037","OK",""
"4012093__Mariano_Camacho4012093.xml","","","","","","","","","","","","","","SKIP","formato excluido: raíz distinta de <project>"
"4012095__emporio_madera4012095.xml","","","","","","","","","","","","","","SKIP","formato excluido: raíz distinta de <project>"
"4012103__Nelson_Maldonado4012103.xml","11","1","1","0","4","4","5","6","10","10","6.985","4.237","128","OK",""
"4012104__Hector_Ruben Diaz4012104.xml","31","2","2","0","4","4","19","27","29","29","14.6768","12.894799999999998","390","OK",""
"4012115__Mega_Maderas4012115.xml","24","3","3","0","4","4","13","18","21","21","10.5174","12.097400000000002","208","OK",""
"4012117__Mega_Maderas4012117.xml","22","4","3","-1","4","4","17","22","18","19","10.1192","11.7136","696","OK",""
"4012119__Mega_Maderas4012119.xml","49","5","5","0","4","4","29","33","44","44","27.7336","29.1486","1255","OK",""
"4012122__Mega_Maderas4012122.xml","6","1","1","0","4","4","6","2","5","5","2.895","0.985","57","ERROR","multiset piezas; "
"4012124__Mega_Maderas4012124.xml","3","2","2","0","3","3","3","1","1","1","0.6043999999999999","0.6043999999999999","31","ERROR","multiset piezas; "
"4012132__Mega_Maderas4012132.xml","273","20","20","0","4","4","147","114","253","253","118.5982","125.82019999999999","3144","ERROR","multiset piezas; "
"4012134__Cesar Norberto_Molina 4012134.xml","","","","","","","","","","","","","","SKIP","formato excluido: raíz distinta de <project>"
"4012144__SANDRA ELIZABETH_Alvarez4012144.xml","4","1","1","0","4","4","4","3","3","3","2.6361999999999997","2.1732","78","OK",""
"4012154__Nelson_Maldonado4012154.xml","8","1","1","0","4","4","5","5","7","7","2.6748000000000003","2.4588","94","OK",""
"4012164__Adrian_Peiti4012164.xml","","","","","","","","","","","","","","SKIP","formato excluido: raíz distinta de <project>"
"4012168__Gabriel_Echeverria4012168.xml","28","1","1","0","4","4","10","12","27","27","9.886","9.79","233","OK",""
"4012169__Nelly_Araujo4012169.xml","13","2","2","0","4","4","10","10","11","11","6.9245","5.891","142","OK",""
"4012178__Ramiro_Hernandez4012178.xml","86","4","4","0","4","4","41","40","82","82","41.51679999999999","38.44679999999999","1667","OK",""
"4012197__Oziel_Reyes4012197.xml","13","1","1","0","4","4","8","8","12","12","5.048399999999999","5.3198","103","OK",""
"4012199__Cesar Norberto_Molina 4012199.xml","","","","","","","","","","","","","","SKIP","formato excluido: raíz distinta de <project>"
"4012204__Oziel_Reyes4012204.xml","13","1","1","0","4","4","8","8","12","12","5.048399999999999","5.3198","104","OK",""
"4012212__Ricardo_Lopez Taliente4012212.xml","135","8","7","-1","4","4","85","82","127","128","70.449","68.86760000000001","1889","OK",""
"4012219__nicolas_quiroga4012219.xml","67","4","4","0","4","4","25","28","63","63","35.111","33.4675","665","OK",""
"4012227__VENTAS_EGGER RG4012227.xml","2","1","1","0","3","3","1","2","1","1","0.9086000000000001","0.9086000000000001","13","OK",""
"4012260__Mega_Maderas4012260.xml","72","6","6","0","4","4","33","38","66","66","34.07339999999999","32.88439999999999","2940","OK",""
"4012284__GRUPO ALEGRO_GRUPO ALEGRO4012284.xml","12","4","4","0","3","3","10","12","8","8","5.8292","5.324199999999999","2280","OK",""
"4012288__GRUPO ALEGRO_GRUPO ALEGRO4012288.xml","14","1","1","0","4","4","7","7","13","13","7.1991999999999985","5.821199999999999","96","OK",""
"4012291__GRUPO ALEGRO_GRUPO ALEGRO4012291.xml","6","2","2","0","4","4","6","5","4","4","3.6566","4.3296","52","OK",""
"4012293__Diego_Manavella4012293.xml","3","1","1","0","3","3","1","1","2","2","1.6818","1.4627999999999999","28","OK",""
"4012294__GRUPO ALEGRO_GRUPO ALEGRO4012294.xml","104","5","5","0","4","4","51","56","99","99","54.86359999999999","51.98859999999999","967","OK",""
"4012297__GRUPO ALEGRO_GRUPO ALEGRO4012297.xml","66","5","5","0","4","4","42","50","61","61","41.51739999999999","43.654399999999995","1749","OK",""
"4012304__Mega_Maderas4012304.xml","17","2","2","0","4","4","10","12","15","15","6.8514","7.7318","656","OK",""
"4012316__ELSA_M4012316.xml","26","3","3","0","3","3","8","7","23","23","15.1335","10.7035","176","ERROR","multiset piezas; "
"4012322__ESEICA_NEA4012322.xml","65","4","4","0","6","4","36","40","61","61","27.796399999999995","34.429399999999994","711","OK",""
"4012335__Kevin_Tumbaco4012335.xml","","","","","","","","","","","","","","SKIP","formato excluido: raíz distinta de <project>"
"4012339__Mega_Maderas4012339.xml","35","5","5","0","4","4","24","29","30","30","16.684600000000003","16.5048","564","OK",""
"4012342__ELSA_M4012342.xml","27","3","3","0","4","4","17","15","24","24","15.503","15.043","370","OK",""
"4012344__lupita_lopez4012344.xml","59","8","8","0","4","4","37","35","51","51","30.3245","29.5745","15622","OK",""
"4012350__FANY_PUENTE4012350.xml","24","4","4","0","4","4","12","10","20","20","14.034","13.964000000000002","205","OK",""
"4012360__lupita_lopez4012360.xml","40","3","3","0","4","3","12","10","37","37","14.5985","14.7795","5091","OK",""
"4012364__carlos_Zavatti4012364.xml","","","","","","","","","","","","","","SKIP","formato excluido: raíz distinta de <project>"
"4012366__lupita_lopez4012366.xml","59","8","8","0","4","4","37","35","51","51","30.3245","29.5745","15217","OK",""
"4012371__Micaela_Di Genno4012371.xml","112","15","13","-2","4","4","86","85","97","99","75.98179999999998","84.0186","8223","ERROR","multiset piezas; "
"4012376__FANY_PUENTE4012376.xml","11","3","3","0","4","4","6","8","8","8","4.719","5.125","169","OK",""
"4012379__nicolas_quiroga4012379.xml","41","3","3","0","4","4","17","28","38","38","20.3715","16.5275","501","OK",""
"4012394__NELSON_MONTENEGRO4012394.xml","66","2","2","0","4","4","21","38","64","64","22.52359999999999","17.681599999999992","701","OK",""
"4012405__Andres_Branda4012405.xml","28","5","5","0","4","4","21","15","23","23","18.725199999999997","17.128200000000003","8288","OK",""
"4012410__Carlos_Garza4012410.xml","8","1","1","0","4","3","4","4","7","7","4.1728000000000005","2.5548","70","OK",""
"4012412__ELSA_M4012412.xml","1","1","1","0","3","3","1","1","0","0","0","0","14","OK",""
"4012425__Juan_Farsky4012425.xml","5","2","2","0","3","2","5","0","3","3","1.1682000000000001","1.1682000000000001","27","ERROR","multiset piezas; "
"4012437__Dario_Speziale4012437.xml","82","4","4","0","4","4","40","34","78","78","42.57019999999999","28.386199999999985","836","OK",""
"4012444__FANY_PUENTE4012444.xml","55","7","6","-1","4","4","35","26","48","49","27.544","27.2065","1883","OK",""
"4012446__Juan_Farsky4012446.xml","9","1","1","0","3","2","9","0","8","8","0.8752000000000001","0.8752000000000001","37","ERROR","multiset piezas; "
"4012455__FANY_PUENTE4012455.xml","9","2","2","0","3","3","3","4","7","7","5.3609","4.0809","69","OK",""
"4012479__FANY_PUENTE4012479.xml","18","2","2","0","4","3","8","9","16","16","11.306799999999999","10.056000000000001","148","OK",""
"4012486__gloria adriana_cortines4012486.xml","21","2","2","0","4","4","14","12","19","19","11.9805","10.6255","227","OK",""
"4012489__lujan agustin_encinas4012489.xml","","","","","","","","","","","","","","SKIP","formato excluido: raíz distinta de <project>"
"4012490__FANY_PUENTE4012490.xml","2","1","","","","","","","","","","","0","ERROR","La pieza ""P1"" (2440×600 mm) no entra en una placa útil de 2435×1215 mm."
"4012499__Mega_Maderas4012499.xml","16","3","3","0","4","4","16","18","13","13","5.5322","5.3522","186","OK",""
"4012505__TYRONE_VILLAMAR4012505.xml","","","","","","","","","","","","","","SKIP","formato excluido: raíz distinta de <project>"
"4012508__FANY_PUENTE4012508.xml","13","2","2","0","4","4","12","11","11","11","6.9855","6.005499999999999","122","OK",""
"4012518__Marcos _Cumini Londero4012518.xml","","","","","","","","","","","","","","SKIP","formato excluido: raíz distinta de <project>"
"4012524__BRENDA MEDINA_medina4012524.xml","14","3","3","0","4","4","8","10","11","11","8.0767","7.3575","2232","OK",""
"4012525__Marcos _Cumini Londero4012525.xml","","","","","","","","","","","","","","SKIP","formato excluido: raíz distinta de <project>"
"4012527__Marcos _Cumini Londero4012527.xml","","","","","","","","","","","","","","SKIP","formato excluido: raíz distinta de <project>"
"4012529__Yuri_Mielnikowicz4012529.xml","33","2","2","0","4","4","19","21","31","31","19.782","18.838","444","OK",""
"4012539__Dario_Speziale4012539.xml","13","2","2","0","4","3","8","8","11","11","8.4514","7.7894","135","OK",""
"4012542__Yuri_Mielnikowicz4012542.xml","13","1","1","0","4","4","8","10","12","12","6.249","5.309","159","OK",""
"4012545__Nicolas_Quintana4012545.xml","20","2","2","0","4","4","8","8","18","18","10.236199999999998","10.701199999999996","182","OK",""
"4012548__lupita_lopez4012548.xml","106","13","13","0","4","4","39","48","93","93","51.09449999999999","50.92129999999999","5089","OK",""
"4012550__Yuri_Mielnikowicz4012550.xml","5","1","1","0","4","4","4","4","4","4","4.614","3.065","37","OK",""
"4012554__FANY_PUENTE4012554.xml","4","1","1","0","4","3","3","2","3","3","1.6431000000000002","1.1331000000000002","52","OK",""
"4012557__Leonel_Vignatti4012557.xml","","","","","","","","","","","","","","SKIP","formato excluido: raíz distinta de <project>"
"4012564__gloria adriana_cortines4012564.xml","31","4","4","0","4","5","15","35","27","27","15.539699999999998","18.5705","1002","OK",""
"4012567__lupita_lopez4012567.xml","23","4","4","0","3","3","12","12","19","19","8.9203","8.9203","3733","OK",""
"4012568__HUGO ARIEL_CANCINOS4012568.xml","","","","","","","","","","","","","","SKIP","formato excluido: raíz distinta de <project>"
"4012569__FANY_PUENTE4012569.xml","10","2","1","-1","4","4","8","7","8","9","5.7185999999999995","4.153299999999999","80","OK",""
"4012578__emanuel alejandro_capdevila4012578.xml","","","","","","","","","","","","","","SKIP","formato excluido: raíz distinta de <project>"
"4012580__lupita_lopez4012580.xml","106","13","13","0","4","4","39","47","93","93","51.092899999999986","50.862100000000005","5026","OK",""
"4012582__FANY_PUENTE4012582.xml","8","3","","","","","","","","","","","0","ERROR","La pieza ""P5"" (2440×699.2 mm) no entra en una placa útil de 2435×1215 mm."
"4012587__Diego_Manavella4012587.xml","33","3","3","0","7","4","24","24","30","30","22.396799999999995","19.885999999999996","331","OK",""
"4012595__FANY_PUENTE4012595.xml","76","8","8","0","3","4","25","32","68","68","32.23","32.6516","22682","OK",""
"4012600__Marcos _Cumini Londero4012600.xml","","","","","","","","","","","","","","SKIP","formato excluido: raíz distinta de <project>"
"4012601__Joel _Verber4012601.xml","","","","","","","","","","","","","","SKIP","formato excluido: raíz distinta de <project>"
"4012608__gloria adriana_cortines4012608.xml","35","3","3","0","4","4","13","11","32","32","14.364","14.434","787","OK",""
"4012611__FANY_PUENTE4012611.xml","27","2","2","0","4","4","15","17","25","25","13.8705","12.3805","244","OK",""
"4012614__Edgar_Andaverde4012614.xml","33","4","4","0","4","4","27","24","29","29","15.877600000000003","14.108600000000001","607","OK",""
"4012617__Mega_Maderas4012617.xml","3","3","3","0","3","3","3","3","0","0","0","0","546","OK",""
"4012624__lujan agustin_encinas4012624.xml","","","","","","","","","","","","","","SKIP","formato excluido: raíz distinta de <project>"
"4012637__Nelly_Araujo4012637.xml","7","1","1","0","4","3","4","2","6","6","3.297","1.877","54","OK",""
"4012641__Marcos _Cumini Londero4012641.xml","","","","","","","","","","","","","","SKIP","formato excluido: raíz distinta de <project>"
"4012644__Jose_Carlos4012644.xml","16","3","3","0","4","4","11","17","13","13","9.4515","9.7835","2601","OK",""
"4012645__Nelly_Araujo4012645.xml","6","1","1","0","3","3","4","4","5","5","2.6425","2.6425","42","OK",""
"4012647__Jose_Carlos4012647.xml","16","3","3","0","4","4","11","17","13","13","9.455699999999998","9.7865","2563","OK",""
"4012649__Marcos _Cumini Londero4012649.xml","","","","","","","","","","","","","","SKIP","formato excluido: raíz distinta de <project>"
"4012652__Nelly_Araujo4012652.xml","5","1","","","","","","","","","","","0","ERROR","La pieza ""P2"" (2440×50 mm) no entra en una placa útil de 2435×1215 mm."
"4012653__Jose_Carlos4012653.xml","16","3","3","0","4","4","11","17","13","13","9.455699999999998","9.7865","2652","OK",""
"4012661__Mauricio Alejandro_Saracho4012661.xml","14","1","1","0","4","4","7","9","13","13","5.840799999999999","2.9707999999999997","140","OK",""
"4012663__ELSA_M4012663.xml","2","1","1","0","2","3","0","1","1","1","0.6045","0.6045","24","OK",""
"4012668__Mauricio Alejandro_Saracho4012668.xml","14","1","1","0","3","4","7","9","13","13","6.4155999999999995","3.740599999999999","125","OK",""
"4012675__Mega_Maderas4012675.xml","40","2","2","0","4","3","11","7","38","38","13.098399999999996","13.801199999999998","301","OK",""
"4012676__Mauricio Alejandro_Saracho4012676.xml","25","2","2","0","4","4","16","19","23","23","15.8492","9.428000000000003","318","OK",""
"4012684__Nelly_Araujo4012684.xml","6","1","1","0","3","3","6","6","5","5","2.4045","2.1235","51","OK",""
"4012695__Marcos _Cumini Londero4012695.xml","","","","","","","","","","","","","","SKIP","formato excluido: raíz distinta de <project>"
"4012696__gloria adriana_cortines4012696.xml","144","10","10","0","4","5","64","137","134","134","62.079","55.5135","1366","OK",""
"4012701__FANY_PUENTE4012701.xml","3","2","2","0","3","3","2","3","1","1","0.7545","0.6637000000000001","566","OK",""
"4012702__Ramiro_Hernandez4012702.xml","44","4","4","0","4","4","31","30","40","40","28.487999999999996","27.081999999999994","783","OK",""
"4012703__Facundo_Fleischer4012703.xml","","","","","","","","","","","","","","SKIP","formato excluido: raíz distinta de <project>"
"4012712__ELSA_M4012712.xml","19","1","","","","","","","","","","","0","ERROR","La pieza ""P1"" (2795×100 mm) no entra en una placa útil de 2790×2055 mm."
"4012717__Dinorah_Contreras4012717.xml","8","2","2","0","3","4","8","6","6","6","2.103","1.731","58","OK",""
"4012719__Ramiro_Hernandez4012719.xml","6","1","1","0","4","3","4","2","5","5","4.162","3.058","54","OK",""
"4012721__emporio_madera4012721.xml","","","","","","","","","","","","","","SKIP","formato excluido: raíz distinta de <project>"
"4012723__HUGO ARIEL_CANCINOS4012723.xml","","","","","","","","","","","","","","SKIP","formato excluido: raíz distinta de <project>"
"4012724__Edd_Oyervides4012724.xml","8","1","1","0","4","4","8","8","7","7","4.7775","4.0115","71","OK",""
"4012727__Jose_Carlos4012727.xml","25","2","2","0","4","4","16","13","23","23","9.2475","11.9565","198","OK",""
"4012732__Marcos _Cumini Londero4012732.xml","","","","","","","","","","","","","","SKIP","formato excluido: raíz distinta de <project>"
"4012741__Jose_Carlos4012741.xml","25","2","2","0","4","4","16","13","23","23","9.272099999999998","11.978699999999996","213","OK",""
"4012744__Gustavo Fernando_Ferraris4012744.xml","","","","","","","","","","","","","","SKIP","formato excluido: raíz distinta de <project>"
"4012753__jeremias manuel_sidoti4012753.xml","","","","","","","","","","","","","","SKIP","formato excluido: raíz distinta de <project>"
"4012755__Dario_Speziale4012755.xml","25","2","2","0","4","4","18","19","23","23","14.777199999999997","14.646199999999997","282","OK",""
"4012761__Juan Ignacio_Locati4012761.xml","","","","","","","","","","","","","","SKIP","formato excluido: raíz distinta de <project>"
"4012767__Cristofer_Arnolfo4012767.xml","","","","","","","","","","","","","","SKIP","formato excluido: raíz distinta de <project>"
"4012770__jeremias manuel_sidoti4012770.xml","","","","","","","","","","","","","","SKIP","formato excluido: raíz distinta de <project>"
"4012780__Yanina_Silva4012780.xml","","","","","","","","","","","","","","SKIP","formato excluido: raíz distinta de <project>"
"4012788__FACUNDO_ROMERA4012788.xml","274","17","16","-1","4","5","97","125","257","258","152.99879999999996","160.26319999999998","1884","OK",""
"4012791__Nelly_Araujo4012791.xml","12","2","2","0","4","3","5","9","10","10","5.541","4.497","102","OK",""
"4012797__FACUNDO_ROMERA4012797.xml","473","17","17","0","4","4","116","104","456","456","201.0363999999999","196.75039999999993","3195","OK",""
"4012798__Juan_Farsky4012798.xml","12","3","3","0","3","3","12","3","9","9","3.1396","1.9746000000000001","51","ERROR","multiset piezas; "
"4012825__Luciano_Torti4012825.xml","","","","","","","","","","","","","","SKIP","formato excluido: raíz distinta de <project>"
"4012835__Luciano_Torti4012835.xml","","","","","","","","","","","","","","SKIP","formato excluido: raíz distinta de <project>"
"4012851__Joaquin Ignacio_Escalante4012851.xml","66","7","7","0","7","4","55","52","59","59","46.28279999999999","41.608599999999996","1262","OK",""
"4012860__ELSA_M4012860.xml","2","1","1","0","3","3","2","2","1","1","0.2975","0.2875","30","OK",""
"4012862__Andres_Branda4012862.xml","28","5","4","-1","4","4","18","18","23","24","18.7692","16.302599999999998","283","OK",""
"4012863__Miriam_Dominguez4012863.xml","82","5","5","0","3","4","22","26","77","77","51.93879999999999","46.53879999999999","448","OK",""
"4012869__Joaquin Ignacio_Escalante4012869.xml","9","3","3","0","5","4","6","7","6","6","3.1664","2.8533999999999997","1476","OK",""
"4012884__Miriam_Dominguez4012884.xml","68","4","4","0","4","3","18","23","64","64","41.53159999999999","40.18159999999999","427","OK",""
"4012886__Nelly_Araujo4012886.xml","12","2","2","0","3","4","11","11","10","10","4.263","3.433","123","OK",""
"4012889__VENTAS_EGGER RG4012889.xml","2","1","1","0","3","3","1","2","1","1","0.9086000000000001","0.9086000000000001","17","OK",""
"4012891__DAMIAN ANTONIO_GIORDANO4012891.xml","26","3","2","-1","4","4","15","12","23","24","14.755199999999999","13.250599999999997","672","OK",""
"4012895__AIDEE_MEJIA4012895.xml","33","1","1","0","4","4","14","34","32","32","11.5402","14.024800000000004","265","OK",""
"4012899__Jose_Nava4012899.xml","29","2","2","0","4","4","17","17","27","27","12.9015","12.9015","649","OK",""
"4012902__Cesar Norberto_Molina 4012902.xml","","","","","","","","","","","","","","SKIP","formato excluido: raíz distinta de <project>"
"4012905__ELSA_M4012905.xml","1","1","","","","","","","","","","","0","ERROR","La pieza ""P1"" (2500×505 mm) no entra en una placa útil de 2495×1825 mm."
"4012908__ELSA_M4012908.xml","1","1","","","","","","","","","","","0","ERROR","La pieza ""P1"" (2500×602 mm) no entra en una placa útil de 2495×1825 mm."
"4012913__Dirleu_de Cristo4012913.xml","","","","","","","","","","","","","","SKIP","formato excluido: raíz distinta de <project>"
"4012928__izar.estudioarquitectura_izar.estudioarquitectura4012928.xml","14","3","3","0","4","4","10","10","11","11","10.275","9.895","139","OK",""
"4012929__Marcos_Palmiero4012929.xml","68","6","6","0","4","4","36","40","62","62","43.66179999999999","41.89479999999999","1028","OK",""
"4012931__Cesar Norberto_Molina 4012931.xml","","","","","","","","","","","","","","SKIP","formato excluido: raíz distinta de <project>"
"4012933__Christian_Lerin4012933.xml","16","2","2","0","4","4","12","8","14","14","12.3806","8.8636","150","OK",""
"4012944__-_STARCK4012944.xml","11","3","3","0","3","3","4","7","8","8","3.6892000000000005","3.5322000000000005","89","OK",""
"4012955__Christian_Lerin4012955.xml","10","1","1","0","4","4","8","8","9","9","3.2156000000000002","2.5536","142","OK",""
"4012996__gloria adriana_cortines4012996.xml","12","1","1","0","4","5","8","8","11","11","5.6895","5.3395","181","OK",""
"4013014__Nelly_Araujo4013014.xml","12","3","3","0","4","4","7","7","9","9","9.2965","7.9435","107","OK",""
"4013016__paolo_leonardi4013016.xml","37","2","2","0","4","4","24","25","35","35","18.98999999999999","15.594999999999997","570","OK",""
"4013035__Gabriel_Echeverria4013035.xml","14","1","1","0","4","4","9","7","13","13","6.888","7.616","144","OK",""
"4013041__VENTAS_EGGER RG4013041.xml","31","2","2","0","4","4","17","22","29","29","15.056","15.025","353","OK",""
"4013045__CAOBA_CAOBA4013045.xml","22","5","","","","","","","","","","","0","ERROR","La pieza ""P3"" (2600×530 mm) no entra en una placa útil de 2595×1825 mm."
"4013051__Adrian_SEIF4013051.xml","75","4","4","0","8","4","66","35","71","71","36.47359999999998","37.1444","1113","OK",""
"4013070__VENTAS_EGGER RG4013070.xml","3","1","1","0","3","3","2","2","2","2","1.8088","1.8088","19","OK",""
"4013075__Gabriel_Echeverria4013075.xml","17","2","2","0","4","4","12","11","15","15","9.38","8.166","159","OK",""
"4013090__Adrian_SEIF4013090.xml","6","1","1","0","4","4","6","6","5","5","4.362","2.962","58","OK",""
"4013097__Marcos_Palmiero4013097.xml","175","17","17","0","4","4","102","99","158","158","97.03119999999997","126.83419999999997","1927","OK",""
"4013101__Adrian_SEIF4013101.xml","75","4","4","0","7","4","50","44","71","71","39.49159999999999","38.84439999999999","1054","OK",""
"4013105__Gabriel_Echeverria4013105.xml","6","1","1","0","4","4","6","4","5","5","1.527","1.525","56","OK",""
"4013115__Leticia_Olazagarre4013115.xml","","","","","","","","","","","","","","SKIP","formato excluido: raíz distinta de <project>"
"4013119__Leticia_Olazagarre4013119.xml","","","","","","","","","","","","","","SKIP","formato excluido: raíz distinta de <project>"
"4013147__Marcos_Palmiero4013147.xml","19","3","3","0","4","4","13","14","16","16","9.800400000000002","10.4904","203","OK",""
"4013148__Nelly_Araujo4013148.xml","5","1","1","0","4","4","5","4","4","4","1.16","1.21","36","OK",""
"4013196__damian_iglesias4013196.xml","3","1","1","0","3","3","3","3","2","2","1.4578","0.8907999999999999","25","OK",""
"4013242__Joel _Verber4013242.xml","","","","","","","","","","","","","","SKIP","formato excluido: raíz distinta de <project>"
"4013243__VICTOR_PRIETO4013243.xml","","","","","","","","","","","","","","SKIP","formato excluido: raíz distinta de <project>"
"4013251__Dinorah_Contreras4013251.xml","2","1","1","0","4","3","2","2","1","1","0.8835","0.4095","29","OK",""
"4013255__Joaquin Ignacio_Escalante4013255.xml","77","8","8","0","8","4","55","53","69","69","48.2818","34.92859999999999","2453","OK",""
"4013257__ESEICA_NEA4013257.xml","2","1","1","0","3","3","2","2","1","1","0.5893999999999999","0.5893999999999999","23","OK",""
"4013273__Joaquin Ignacio_Escalante4013273.xml","4","1","1","0","3","3","2","2","3","3","2.4212","2.2891999999999997","30","OK",""
"4013290__Karen_Crespo4013290.xml","26","1","1","0","4","4","15","13","25","25","9.983999999999995","8.472999999999999","273","OK",""
"4013301__Hector_Ruben Diaz4013301.xml","126","6","6","0","4","4","72","87","120","120","65.475","64.8008","1674","OK",""
"4013305__Karen_Crespo4013305.xml","19","1","1","0","3","3","8","8","18","18","10.601199999999997","10.237199999999998","149","OK",""
"4013309__Joaquin Ignacio_Escalante4013309.xml","9","2","2","0","5","3","4","3","7","7","4.7188","3.9688000000000003","86","OK",""
"4013352__Gustavo Antonio_Soda4013352.xml","34","5","5","0","4","4","25","34","29","29","18.3591","18.8041","709","OK",""
"4013364__Alfredo_Soto4013364.xml","35","3","3","0","4","4","24","24","32","32","16.8332","15.739600000000001","776","OK",""
"4013365__ELSA_M4013365.xml","2","1","1","0","2","3","0","1","1","1","0.8045","0.8045","25","OK",""
"4013374__Alfredo_Soto4013374.xml","36","4","4","0","4","4","32","27","32","32","17.184199999999997","16.429199999999998","770","OK",""
"4013379__Alejandro_Monzon4013379.xml","7","1","1","0","4","3","5","5","6","6","4.660399999999999","2.1424000000000003","81","OK",""
"4013388__Adrian_Maru4013388.xml","7","1","1","0","4","4","3","5","6","6","2.9264","0.6264","53","OK",""
"4013390__Gustavo Antonio_Soda4013390.xml","7","1","1","0","4","3","4","4","6","6","4.522399999999999","2.9139","56","OK",""
"4013391__Diego_Villalba4013391.xml","4","1","1","0","3","3","4","4","3","3","0.7632000000000001","0.7632000000000001","34","OK",""
"4013424__emporio_madera4013424.xml","","","","","","","","","","","","","","SKIP","formato excluido: raíz distinta de <project>"
"4013429__gloria adriana_cortines4013429.xml","7","1","1","0","3","3","3","3","6","6","2.927","2.927","43","OK",""
"4013432__Luciano Roman_Cortez4013432.xml","54","2","2","0","4","4","36","40","52","52","25.169799999999988","23.116799999999987","1014","OK",""
"4013443__Alejandro_Monzon4013443.xml","9","1","1","0","4","4","9","9","8","8","3.3057000000000003","2.0382000000000002","124","OK",""
"4013445__FANY_PUENTE4013445.xml","4","2","","","","","","","","","","","0","ERROR","La pieza ""P2"" (2440×460 mm) no entra en una placa útil de 2435×1215 mm."
"4013449__Gabriel_Gava4013449.xml","20","2","2","0","4","4","16","15","18","18","7.929199999999999","7.586199999999997","2107","OK",""
"4013461__Marcelo David_Alperin4013461.xml","12","1","1","0","3","3","3","2","11","11","5.2984","5.1484","104","OK",""
"4013469__Agustin_Picco4013469.xml","13","1","1","0","4","4","6","9","12","12","6.490799999999999","4.3846","129","OK",""
"4013482__FANY_PUENTE4013482.xml","13","1","1","0","3","3","3","3","12","12","4.845","4.544","67","OK",""
"4013495__Mariano_Centeno Crowley4013495.xml","22","1","1","0","4","4","7","8","21","21","10.076899999999997","9.150899999999996","146","OK",""
"4013514__ARQUIMAX MOSTRADOR_RESISTENCIA4013514.xml","9","1","1","0","4","4","6","6","8","8","5.672","3.332","48","OK",""
"4013525__Hugo_Quezada4013525.xml","41","3","3","0","4","4","28","30","38","38","25.400399999999994","22.410400000000003","718","OK",""
"4013535__Hugo_Quezada4013535.xml","4","1","1","0","4","3","2","2","3","3","2.3312","1.3921999999999999","41","OK",""
"4013541__alexandra_de la fuente hernandez4013541.xml","14","2","","","","","","","","","","","0","ERROR","La pieza ""P6"" (2440×300 mm) no entra en una placa útil de 2435×1215 mm."
"4013547__Alfredo_Silva4013547.xml","26","2","1","-1","4","5","12","10","24","25","13.080599999999997","14.814999999999996","506","OK",""
"4013552__FANY_PUENTE4013552.xml","12","2","","","","","","","","","","","0","ERROR","La pieza ""P1"" (2440×700 mm) no entra en una placa útil de 2435×1215 mm."
"4013554__Matias_Mariangeli4013554.xml","","","","","","","","","","","","","","SKIP","formato excluido: raíz distinta de <project>"
"4013560__ESEICA NEA_NEA4013560.xml","31","2","2","0","6","4","26","18","29","29","15.103199999999996","18.037599999999994","357","OK",""
"4013572__KAHNS_TECNICO4013572.xml","85","7","7","0","4","4","58","70","78","78","56.24219999999999","52.28019999999999","6679","OK",""
"4013573__Mariano_Centeno Crowley4013573.xml","22","1","1","0","4","4","7","8","21","21","10.076899999999997","9.150899999999996","189","OK",""
"4013579__KAHNS_TECNICO4013579.xml","8","2","2","0","4","4","7","8","6","6","6.2214","3.9233999999999996","99","OK",""
"4013581__Matias_Mariangeli4013581.xml","","","","","","","","","","","","","","SKIP","formato excluido: raíz distinta de <project>"
"4013584__Ramiro_Montes4013584.xml","28","1","1","0","4","4","9","11","27","27","11.2215","8.9715","219","OK",""
"4013605__Leonardo_smoglie4013605.xml","2","1","1","0","3","3","3","2","2","1","0.8288","0.4144","15","OK",""
"4013632__alexandra_de la fuente hernandez4013632.xml","10","1","1","0","3","4","5","3","9","9","4.5205","3.9005","101","OK",""
"4013653__Fabrizio_Leiva4013653.xml","50","1","1","0","4","4","22","29","49","49","17.759599999999992","11.50959999999999","641","OK",""
"4013656__ARQUIMAX MOSTRADOR_RESISTENCIA4013656.xml","12","1","1","0","4","5","7","11","11","11","6.286","7.41","675","OK",""
"4013666__jonathan_cardozo4013666.xml","27","2","2","0","4","4","17","20","25","25","12.129","13.339","355","OK",""
"4013669__ARQUIMAX MOSTRADOR_RESISTENCIA4013669.xml","8","1","1","0","4","4","3","4","7","7","4.399","3.044","61","OK",""
"4013683__Matias Guillermo_Mattus Fernandez Cendoya4013683.xml","5","2","2","0","3","2","5","0","3","3","1.9521999999999997","1.9362","27","ERROR","multiset piezas; "
"4013686__Mega_Maderas4013686.xml","12","2","2","0","4","4","7","7","10","10","7.0760000000000005","5.037","107","OK",""
"4013697__Dinorah_Contreras4013697.xml","68","7","7","0","4","4","40","48","61","61","31.6005","33.2945","2787","OK",""
"4013703__fernando_oyola4013703.xml","52","3","3","0","4","4","36","33","49","49","31.956599999999995","25.13159999999999","773","ERROR","multiset piezas; "
"4013707__fernando_oyola4013707.xml","44","3","3","0","4","4","28","28","41","41","25.606399999999994","28.912399999999995","499","ERROR","multiset piezas; "
"4013708__Mega_Maderas4013708.xml","55","5","5","0","4","4","30","31","50","50","24.22","26.529999999999998","697","OK",""
"4013716__Andres_Silva4013716.xml","53","4","4","0","4","4","32","41","49","49","27.443399999999993","29.4638","658","OK",""
"4013739__Ricardo_Salomon4013739.xml","29","5","4","-1","3","4","13","15","24","25","19.0106","18.575","228","OK",""
"4013752__LUCILA_PEREZ4013752.xml","14","2","2","0","4","3","7","7","12","12","9.4528","8.952800000000002","109","OK",""
"4013759__Ricardo_Salomon4013759.xml","10","1","1","0","4","4","5","5","9","9","3.2396","3.0396000000000005","69","OK",""
"4013769__Ramon_Mata4013769.xml","2","1","","","","","","","","","","","0","ERROR","La pieza ""P1"" (2440×605 mm) no entra en una placa útil de 2435×1215 mm."
"4013786__lucas_iribarren4013786.xml","","","","","","","","","","","","","","SKIP","formato excluido: raíz distinta de <project>"
"4013787__VENTAS_EGGER RG4013787.xml","1","1","1","0","3","3","1","1","0","0","0","0","25","OK",""
"4013792__dariosm78_dariosm784013792.xml","79","8","8","0","4","4","45","44","71","71","58.367","46.367","4180","OK",""
"4013794__dariosm78_dariosm784013794.xml","79","8","8","0","4","4","45","44","71","71","58.367","46.367","4202","OK",""
"4013822__Miriam_Dominguez4013822.xml","41","4","4","0","4","4","16","19","37","37","21.940799999999996","22.140799999999995","416","OK",""
"4013834__Nelly_Araujo4013834.xml","12","2","2","0","3","3","4","9","10","10","4.271","4.497","104","OK",""
"4013845__Nelly_Araujo4013845.xml","13","2","2","0","4","4","10","10","11","11","6.9245","5.891","144","OK",""
"4013847__Miriam_Dominguez4013847.xml","20","2","2","0","4","4","10","8","18","18","7.4162","7.476199999999998","196","ERROR","multiset piezas; "
"4013854__Maximiliano_Santoro4013854.xml","8","1","1","0","4","3","5","4","7","7","3.9708000000000006","3.2758000000000003","90","OK",""
"4013875__dariosm78_dariosm784013875.xml","73","7","7","0","4","4","42","38","66","66","54.158","45.352","1077","OK",""
"4013880__dariosm78_dariosm784013880.xml","73","7","7","0","4","4","42","38","66","66","54.158","45.352","1080","OK",""
"4013916__alexandra_de la fuente hernandez4013916.xml","22","6","6","0","4","3","12","9","16","16","12.392","12.212","5254","OK",""
"4013919__Nelly_Araujo4013919.xml","13","2","2","0","4","4","10","10","11","11","6.9245","5.891","137","OK",""
"4013924__Pablo_Arias4013924.xml","6","2","2","0","4","3","6","6","4","4","3.2165","1.0915","94","OK",""
"4013925__alexandra_de la fuente hernandez4013925.xml","22","6","6","0","4","3","12","9","16","16","12.392","12.212","5250","OK",""
"4013932__Analia_Pinter4013932.xml","13","1","1","0","4","4","9","10","12","12","8.615799999999997","7.236299999999999","209","OK",""
"4013952__alexandra_de la fuente hernandez4013952.xml","140","9","9","0","4","4","70","62","131","131","57.2095","55.3445","1111","OK",""
"4013969__alexandra_de la fuente hernandez4013969.xml","43","10","9","-1","4","4","27","35","33","34","30.8355","31.292","2542","OK",""
"4013977__Pedro_Perez4013977.xml","3","2","2","0","3","3","3","3","1","1","0.6045","0.6045","28","OK",""
"4013979__alexandra_de la fuente hernandez4013979.xml","2","1","1","0","4","3","2","2","1","1","1.4645","0.5745","30","OK",""
"4013981__Dinorah_Contreras4013981.xml","8","1","1","0","3","3","4","4","7","7","3.8395","3.5915","56","OK",""
"4013982__Javier_Alaniz4013982.xml","","","","","","","","","","","","","","SKIP","formato excluido: raíz distinta de <project>"
"4013990__Dinorah_Contreras4013990.xml","6","1","1","0","3","3","3","2","5","5","2.2425","2.1825","61","OK",""
"4013994__alexandra_de la fuente hernandez4013994.xml","140","9","9","0","4","4","70","62","131","131","57.2095","55.3445","1070","OK",""
"4014001__gomez german_GOMEZ4014001.xml","1","1","1","0","2","2","0","0","0","0","0","0","5","OK",""
"4014004__EDWIN_MOLINA4014004.xml","","","","","","","","","","","","","","SKIP","formato excluido: raíz distinta de <project>"
"4014010__EDWIN_MOLINA4014010.xml","","","","","","","","","","","","","","SKIP","formato excluido: raíz distinta de <project>"
"4014011__Nelly_Araujo4014011.xml","11","3","3","0","3","3","5","8","8","8","3.026","3.026","95","OK",""
"4014016__Nelly_Araujo4014016.xml","11","3","3","0","3","3","5","8","8","8","3.15","3.15","104","OK",""
"4014017__Pedro_Perez4014017.xml","15","3","3","0","4","4","10","10","12","12","7.319","6.98","415","OK",""
"4014019__Juan_Olmos4014019.xml","61","2","2","0","4","4","38","47","59","59","25.13459999999999","21.70659999999999","1107","OK",""
"4014043__Oziel_Reyes4014043.xml","14","1","1","0","4","4","8","10","13","13","5.812300000000001","5.812300000000001","220","OK",""
"4014053__Oziel_Reyes4014053.xml","13","1","1","0","4","4","8","8","12","12","5.048399999999999","5.3198","99","OK",""
"4014058__Fernando _VICINI4014058.xml","","","","","","","","","","","","","","SKIP","formato excluido: raíz distinta de <project>"
"4014071__Oziel_Reyes4014071.xml","13","1","1","0","4","4","8","8","12","12","5.047999999999999","5.319400000000001","113","OK",""
"4014073__Fernando _VICINI4014073.xml","","","","","","","","","","","","","","SKIP","formato excluido: raíz distinta de <project>"
"4014077__Diana_Rodriguez4014077.xml","45","4","4","0","4","4","15","15","41","41","18.011699999999998","17.2869","501","OK",""
"4014094__VENTAS_EGGER RG4014094.xml","5","1","1","0","4","4","4","5","4","4","2.5676000000000005","1.1276","52","OK",""
"4014100__Diana_Rodriguez4014100.xml","8","1","1","0","4","4","5","8","7","7","4.5459","2.8975","67","OK",""
"4014104__Mega_Maderas4014104.xml","26","2","2","0","4","4","19","13","24","24","15.587599999999998","9.597599999999998","376","OK",""
"4014112__Mega_Maderas4014112.xml","5","1","1","0","4","4","3","3","4","4","3.3343999999999996","1.9544000000000001","75","OK",""
"4014118__Diana_Rodriguez4014118.xml","8","1","1","0","4","3","4","5","7","7","2.5095","1.9725","77","OK",""
"4014127__Fernando _VICINI4014127.xml","","","","","","","","","","","","","","SKIP","formato excluido: raíz distinta de <project>"
"4014145__Oziel_Reyes4014145.xml","13","1","1","0","4","4","8","8","12","12","5.047999999999999","5.319400000000001","107","OK",""
"4014170__MAGDA_ESPINOZA4014170.xml","70","10","10","0","4","4","46","52","60","60","36.6244","39.2095","5261","OK",""
"4014197__MAGDA_ESPINOZA4014197.xml","7","2","2","0","3","4","3","5","5","5","4.648899999999999","4.1097","73","OK",""
"4014199__Luis_Mendez4014199.xml","2","1","1","0","3","3","2","2","1","1","0.3645","0.3645","29","OK",""
"4014208__Matias_Sotomayor4014208.xml","56","3","3","0","4","4","24","29","53","53","26.668199999999988","23.656199999999995","774","OK",""
"4014215__MAGDA_ESPINOZA4014215.xml","7","1","1","0","3","4","4","7","6","6","4.2021999999999995","0.9222","81","OK",""
"4014224__BRAIAN_MEDINA4014224.xml","48","3","3","0","6","4","32","29","45","45","20.596399999999996","19.575999999999993","556","OK",""
"4014245__gloria adriana_cortines4014245.xml","4","1","1","0","3","2","2","0","3","3","2.4385","1.8285","29","ERROR","multiset piezas; "
"4014269__gaston_rostro4014269.xml","29","3","3","0","4","4","19","26","26","26","17.757399999999997","14.3414","346","OK",""
"4014277__DIANA_DIAZ4014277.xml","73","12","12","0","4","4","48","47","61","61","44.875299999999996","44.6795","5785","OK",""
"4014291__Emmanuel Gaston_Acuna4014291.xml","12","1","1","0","4","4","9","9","11","11","7.795899999999998","5.546399999999999","164","OK",""
"4014299__DIANA_DIAZ4014299.xml","66","12","12","0","4","4","38","35","54","54","42.6054","41.691599999999994","3797","OK",""
"4014303__BRAIAN_MEDINA4014303.xml","150","8","8","0","8","4","109","102","142","142","77.20069999999998","67.66359999999997","2164","OK",""
"4014316__BRAIAN_MEDINA4014316.xml","14","2","2","0","7","3","12","9","12","12","10.4807","8.3668","142","OK",""
"4014319__Fernando_Lerena4014319.xml","","","","","","","","","","","","","","SKIP","formato excluido: raíz distinta de <project>"
"4014320__Cristian_Quinteros4014320.xml","62","5","5","0","4","4","34","43","57","57","38.23629999999999","30.352299999999996","890","OK",""
"4014329__DIANA_DIAZ4014329.xml","14","3","","","","","","","","","","","0","ERROR","La pieza ""P4"" (2440×130 mm) no entra en una placa útil de 2435×1215 mm."
"4014339__VENTAS_EGGER RG4014339.xml","6","1","1","0","4","4","5","5","5","5","3.4220000000000006","3.0020000000000007","64","OK",""
"4014347__BRAIAN_MEDINA4014347.xml","62","7","7","0","6","4","34","25","55","55","42.3854","28.49799999999999","11736","OK",""
"4014352__Maximiliano_Santoro4014352.xml","6","1","1","0","3","3","2","2","5","5","2.7220000000000004","1.522","50","OK",""
"4014368__Cristian_Quinteros4014368.xml","56","6","6","0","4","4","38","48","50","50","37.6705","41.647","1027","OK",""
"4014369__Dinorah_Contreras4014369.xml","22","3","3","0","4","4","12","16","19","19","11.3315","9.3445","222","OK",""
"4014377__Jose_Escobar4014377.xml","15","3","3","0","4","4","8","11","12","12","11.024","12.4","159","OK",""
"4014409__Dinorah_Contreras4014409.xml","12","3","2","-1","4","3","9","9","9","10","5.6955","4.98","126","OK",""
"4014410__Dinorah_Contreras4014410.xml","12","2","2","0","4","4","7","12","10","10","7.178","7.326","103","OK",""
"4014411__Dinorah_Contreras4014411.xml","12","2","2","0","4","4","8","12","10","10","5.623","7.326","95","OK",""
"4014421__Cristian_Quinteros4014421.xml","43","4","4","0","4","4","37","28","39","39","25.3416","26.2261","2397","OK",""
"4014429__Mega_Maderas4014429.xml","27","2","2","0","4","4","13","21","25","25","12.853999999999996","9.923999999999998","383","OK",""
"4014446__Cristian_Quinteros4014446.xml","4","2","2","0","4","3","3","4","2","2","1.5288","1.5288","702","OK",""
"4014462__gloria adriana_cortines4014462.xml","7","1","1","0","4","4","2","8","6","6","2.652","2.552","50","OK",""
"4014471__Nelly_Araujo4014471.xml","48","5","","","","","","","","","","","0","ERROR","La pieza ""P8"" (2440×550 mm) no entra en una placa útil de 2435×1215 mm."
"4014489__MATIAS_KEBIN4014489.xml","39","2","2","0","5","4","21","27","37","37","17.166399999999996","14.821799999999996","358","OK",""
"4014503__Mega_Maderas4014503.xml","4","1","1","0","4","4","3","3","3","3","2.0382","1.8871999999999998","30","OK",""
"4014510__sebastian_gonzalez4014510.xml","24","2","2","0","4","4","17","19","23","22","14.512199999999998","13.556799999999997","275","OK",""
"4014522__Mega_Maderas4014522.xml","4","1","1","0","4","4","3","3","3","3","2.0382","1.8871999999999998","35","OK",""
"4014562__Cesar_Carpintero4014562.xml","45","5","5","0","4","4","34","34","40","40","21.365800000000004","20.954600000000003","828","OK",""
"4014574__dario.siciliani_dario.siciliani4014574.xml","18","1","1","0","4","4","12","16","17","17","7.319","6.553","211","OK",""
"4014584__dario.siciliani_dario.siciliani4014584.xml","18","1","1","0","4","4","12","16","17","17","7.319","6.553","188","OK",""
"4014588__dario.siciliani_dario.siciliani4014588.xml","18","1","1","0","4","4","12","16","17","17","7.335","6.569","178","OK",""
"4014618__Nelly_Araujo4014618.xml","15","1","","","","","","","","","","","0","ERROR","La pieza ""P6"" (2440×50 mm) no entra en una placa útil de 2435×1215 mm."
"4014644__Nelly_Araujo4014644.xml","15","1","","","","","","","","","","","0","ERROR","La pieza ""P6"" (2440×50 mm) no entra en una placa útil de 2435×1215 mm."
"4014653__juanbogace_juanbogace4014653.xml","7","1","1","0","4","4","4","7","6","6","2.77","0.99","65","OK",""
"4014674__Pedro_Pereda4014674.xml","22","2","2","0","4","4","17","16","20","20","10.758","7.99","207","OK",""
"4014683__Cesar_Carpintero4014683.xml","27","2","2","0","4","4","11","10","25","25","11.324","10.028599999999999","302","OK",""
"4014684__Marcelo_Gauna4014684.xml","84","3","3","0","6","4","58","49","81","81","35.73239999999998","28.19339999999999","1229","OK",""
"4014688__juanbogace_juanbogace4014688.xml","11","1","1","0","4","4","7","9","10","10","5.666","3.746","126","OK",""
"4014698__Abel_puga4014698.xml","11","1","1","0","4","4","6","9","10","10","4.78","4.19","150","OK",""
"4014702__Marcelo_Gauna4014702.xml","58","1","1","0","5","4","15","24","57","57","20.967800000000008","17.289799999999993","738","OK",""
"4014705__Mega_Maderas4014705.xml","50","3","3","0","4","4","22","13","47","47","21.293799999999997","16.936799999999998","746","OK",""
"4014718__Mega_Maderas4014718.xml","50","3","3","0","4","4","22","13","47","47","21.293799999999997","16.936799999999998","702","OK",""
"4014735__ELSA_M4014735.xml","12","2","2","0","3","3","5","5","10","10","10.115","8.665","80","OK",""
"4014753__Geronimo_Porta4014753.xml","","","","","","","","","","","","","","SKIP","formato excluido: raíz distinta de <project>"
"4014761__Cesar_Carpintero4014761.xml","56","7","7","0","4","4","24","43","49","49","17.7824","18.349","705","OK",""
"4014768__mxd_mxd4014768.xml","28","2","2","0","4","4","18","20","26","26","11.353","11.907","263","OK",""
"4014788__Mega_Maderas4014788.xml","20","2","2","0","4","4","13","13","18","18","11.3286","11.3286","1309","OK",""
"4014810__Mega_Maderas4014810.xml","56","6","6","0","4","4","33","33","50","50","27.0348","29.2468","3021","OK",""
"4014823__dariosm78_dariosm784014823.xml","74","7","7","0","4","4","40","42","67","67","52.373","38.478","3289","OK",""
"4014824__dariosm78_dariosm784014824.xml","74","7","7","0","4","4","40","42","67","67","52.373","38.478","3486","OK",""
"4014826__dario.siciliani_dario.siciliani4014826.xml","15","1","1","0","3","3","1","15","14","14","0.77","0.77","91","OK",""
"4014827__dario.siciliani_dario.siciliani4014827.xml","15","1","1","0","3","3","15","15","14","14","0.77","0.77","97","OK",""
"4014842__dariosm78_dariosm784014842.xml","76","7","7","0","4","4","43","42","69","69","51.43","45.403","886","OK",""
"4014843__dariosm78_dariosm784014843.xml","76","7","7","0","4","4","43","42","69","69","51.43","45.403","878","OK",""
"4014881__GUSTAVO JAVIER_DE LEONE4014881.xml","21","2","2","0","4","4","16","18","19","19","8.212599999999998","7.0036000000000005","273","OK",""
"4014900__GUSTAVO JAVIER_DE LEONE4014900.xml","5","1","1","0","3","3","3","3","5","4","2.834999999999999","1.1165999999999998","51","OK",""
"4014930__Mariano_Eugster4014930.xml","90","5","5","0","4","4","31","30","85","85","31.883999999999993","35.803999999999995","626","OK",""
"4014931__dario.siciliani_dario.siciliani4014931.xml","62","3","3","0","4","4","32","28","59","59","32.82","33.927","981","OK",""
"4014941__dario.siciliani_dario.siciliani4014941.xml","8","1","1","0","3","3","2","2","7","7","4.805","4.295","83","OK",""
"4014949__lucas_ginestar4014949.xml","33","3","3","0","4","4","14","19","30","30","20.488499999999995","16.366","332","OK",""
"4014957__luis_vallina4014957.xml","","","","","","","","","","","","","","SKIP","formato excluido: raíz distinta de <project>"
"4014963__luis_vallina4014963.xml","","","","","","","","","","","","","","SKIP","formato excluido: raíz distinta de <project>"
"4014965__florencia_hernandez4014965.xml","81","4","4","0","4","4","51","59","77","77","48.92629999999999","46.90479999999999","1244","OK",""
"4014973__Omar_Ast4014973.xml","19","1","1","0","6","5","18","16","18","18","8.624999999999998","9.276599999999997","434","OK",""
"4014990__Ramiro_Hernandez4014990.xml","17","1","1","0","4","4","8","13","16","16","7.044399999999998","4.110400000000001","155","OK",""
"4014991__MIGUEL ANGEL_QUIROZ4014991.xml","41","5","5","0","4","4","21","20","36","36","23.99","22.423","1823","OK",""
"4014994__Felipe_Aranda4014994.xml","","","","","","","","","","","","","","SKIP","formato excluido: raíz distinta de <project>"
"4015012__Roberto_Martinez4015012.xml","","","","","","","","","","","","","","SKIP","formato excluido: raíz distinta de <project>"
"4015016__Roberto_Martinez4015016.xml","","","","","","","","","","","","","","SKIP","formato excluido: raíz distinta de <project>"
"4015019__Felipe_Aranda4015019.xml","","","","","","","","","","","","","","SKIP","formato excluido: raíz distinta de <project>"
"4015023__Felipe_Aranda4015023.xml","","","","","","","","","","","","","","SKIP","formato excluido: raíz distinta de <project>"
"4015028__Javier_Carignano4015028.xml","49","4","4","0","4","4","29","28","45","45","31.411999999999992","30.784999999999997","1625","ERROR","multiset piezas; "
"4015037__Sergio_Garcia Martinez4015037.xml","30","2","","","","","","","","","","","0","ERROR","La pieza ""P1"" (2440×620 mm) no entra en una placa útil de 2435×1215 mm."
"4015052__Sergio_Garcia Martinez4015052.xml","36","3","","","","","","","","","","","0","ERROR","La pieza ""P1"" (2440×620 mm) no entra en una placa útil de 2435×1215 mm."
"4015055__Javier_Carignano4015055.xml","2","1","1","0","4","4","2","2","1","1","2.1744","0.4044","28","OK",""
"4015057__Roberto_Martinez4015057.xml","","","","","","","","","","","","","","SKIP","formato excluido: raíz distinta de <project>"
"4015077__alejandro_carnevale4015077.xml","","","","","","","","","","","","","","SKIP","formato excluido: raíz distinta de <project>"
"4015087__alejandro_carnevale4015087.xml","","","","","","","","","","","","","","SKIP","formato excluido: raíz distinta de <project>"
"4015093__Francisco_Calderon4015093.xml","","","","","","","","","","","","","","SKIP","formato excluido: raíz distinta de <project>"
"4015109__MAGDA_ESPINOZA4015109.xml","70","9","9","0","4","4","50","44","61","61","35.2671","39.6151","4599","OK",""
"4015110__Pablo_Gomez4015110.xml","","","","","","","","","","","","","","SKIP","formato excluido: raíz distinta de <project>"
"4015114__MAGDA_ESPINOZA4015114.xml","7","2","2","0","3","3","3","4","5","5","4.6189","3.7943","90","OK",""
"4015125__Martin_Tissera4015125.xml","124","4","4","0","4","4","69","82","120","120","54.225","56.47399999999998","1244","OK",""
"4015132__Juan Pablo_Tonini4015132.xml","","","","","","","","","","","","","","SKIP","formato excluido: raíz distinta de <project>"
"4015133__Juan Pablo_Tonini4015133.xml","","","","","","","","","","","","","","SKIP","formato excluido: raíz distinta de <project>"
"4015134__Juan Pablo_Tonini4015134.xml","","","","","","","","","","","","","","SKIP","formato excluido: raíz distinta de <project>"
"4015135__Juan Pablo_Tonini4015135.xml","","","","","","","","","","","","","","SKIP","formato excluido: raíz distinta de <project>"
"4015136__Juan Pablo_Tonini4015136.xml","","","","","","","","","","","","","","SKIP","formato excluido: raíz distinta de <project>"
"4015138__MAGDA_ESPINOZA4015138.xml","7","1","1","0","3","4","4","7","6","6","4.1122","0.9222","77","OK",""
"4015144__BRENDA MEDINA_medina4015144.xml","14","3","3","0","4","4","8","10","11","11","8.0767","7.3575","2182","OK",""
"4015145__BRENDA MEDINA_medina4015145.xml","26","5","5","0","4","3","16","17","21","21","13.5045","16.7645","6375","OK",""
"4015183__Agustin_Aliaga4015183.xml","31","4","4","0","4","4","19","19","27","27","20.311799999999995","19.792799999999996","562","ERROR","multiset piezas; "
"4015191__Agustin_Aliaga4015191.xml","17","2","2","0","4","4","14","15","15","15","8.338","9.854","181","OK",""
"4015234__Gabriel_Gava4015234.xml","55","3","3","0","4","4","34","31","52","52","27.587799999999987","24.568799999999996","667","OK",""
"4015237__Gabriel_Gava4015237.xml","29","2","2","0","4","4","16","21","28","27","12.070199999999996","10.278799999999999","399","OK",""
"4015241__diego alberto_modon4015241.xml","48","3","3","0","4","4","29","28","45","45","29.526999999999997","22.261999999999997","549","OK",""
"4015245__Pablo_Jauregui4015245.xml","11","1","1","0","3","3","3","3","10","10","5.570999999999998","5.570999999999998","59","OK",""
"4015250__Pablo_Jauregui4015250.xml","10","1","1","0","4","4","6","6","9","9","4.849600000000001","4.849600000000001","52","OK",""
"4015262__alejandro_carnevale4015262.xml","","","","","","","","","","","","","","SKIP","formato excluido: raíz distinta de <project>"
"4015265__Pablo_Jauregui4015265.xml","20","1","1","0","4","4","5","14","19","19","10.218599999999999","10.7236","287","OK",""
"4015270__Wilson_Goi4015270.xml","104","5","5","0","7","4","83","64","99","99","53.48579999999999","46.39659999999999","1588","OK",""
"4015273__Luciano_Brunelli4015273.xml","40","3","3","0","4","4","26","23","37","37","28.406799999999997","22.932799999999993","416","OK",""
"4015277__Luciano_Brunelli4015277.xml","4","1","1","0","3","3","2","2","3","3","1.8132","1.8132","30","OK",""
"4015278__Pablo_Jauregui4015278.xml","19","1","1","0","3","5","5","12","18","18","10.153199999999995","9.083599999999999","312","OK",""
"4015279__Pedro_Pliachikas4015279.xml","12","1","1","0","4","4","4","5","11","11","6.4963999999999995","4.5524000000000004","78","OK",""
"4015281__Danilo_Gonzalez4015281.xml","","","","","","","","","","","","","","SKIP","formato excluido: raíz distinta de <project>"
"4015282__Danilo_Gonzalez4015282.xml","","","","","","","","","","","","","","SKIP","formato excluido: raíz distinta de <project>"
"4015283__Pablo_Jauregui4015283.xml","10","1","1","0","4","4","8","8","9","9","7.1126000000000005","6.196599999999998","94","OK",""
"4015284__Pablo_Jauregui4015284.xml","9","1","1","0","4","4","5","5","8","8","6.276199999999999","5.0362","62","OK",""
"4015286__Pedro_Pliachikas4015286.xml","11","1","1","0","3","3","5","5","10","10","3.088","3.088","52","OK",""
"4015287__paolo_leonardi4015287.xml","89","5","5","0","4","4","37","36","84","84","29.88059999999999","28.97059999999999","3534","OK",""
"4015289__Pablo_Jauregui4015289.xml","5","1","1","0","3","3","2","2","4","4","3.9346000000000005","2.0025999999999997","79","OK",""
"4015290__MATIAS_KEBIN4015290.xml","7","1","1","0","5","3","5","3","6","6","4.7264","3.4914","61","OK",""
"4015291__Pedro_Pliachikas4015291.xml","9","1","1","0","4","4","5","5","8","8","5.2722","4.2742","74","OK",""
"4015294__Pablo_Jauregui4015294.xml","6","1","1","0","4","4","5","7","5","5","3.562","3.8490000000000006","59","OK",""
"4015297__Pablo_Jauregui4015297.xml","3","1","1","0","3","3","3","1","2","2","1.3738","0.8887999999999999","27","OK",""
"4015307__Pablo_Jauregui4015307.xml","14","1","1","0","4","4","10","10","13","13","9.803199999999999","8.303199999999999","218","OK",""
"4015309__Walter_Monzon4015309.xml","29","3","3","0","4","4","22","21","26","26","21.2142","19.4028","446","OK",""
"4015312__Walter_Monzon4015312.xml","28","1","1","0","4","4","18","16","27","27","13.228399999999999","13.655999999999999","276","OK",""
"4015315__Gonzalo_Irisarri4015315.xml","1","1","1","0","3","3","1","1","0","0","0","0","11","OK",""
"4015323__Bellos_Amoblamientos4015323.xml","24","2","2","0","4","4","20","18","22","22","13.3508","11.651799999999996","317","OK",""
"4015324__alejandro_carnevale4015324.xml","","","","","","","","","","","","","","SKIP","formato excluido: raíz distinta de <project>"
"4015325__alejandro_carnevale4015325.xml","","","","","","","","","","","","","","SKIP","formato excluido: raíz distinta de <project>"
"4015327__Walter_Monzon4015327.xml","93","6","6","0","4","4","57","67","87","87","47.09559999999999","43.0524","1558","OK",""
"4015332__Nelson_Maldonado4015332.xml","11","1","1","0","4","4","5","6","10","10","6.985","4.237","111","OK",""
"4015359__Brimau_Amoblamientos4015359.xml","29","2","2","0","4","4","17","19","27","27","13.0438","13.630799999999997","371","OK",""
"4015377__MARIA EMILIA_PEREYRA ESQUIVEL4015377.xml","93","5","5","0","4","4","33","23","88","88","38.250199999999985","31.657199999999985","14611","OK",""
"4015378__Nelson_Maldonado4015378.xml","8","1","1","0","4","3","5","3","7","7","2.6248","2.5028","78","OK",""
"4015401__ruben_gualtieri_59_ruben_gualtieri_594015401.xml","7","2","2","0","4","4","6","6","5","5","4.02","3.442","65","OK",""
"4015421__jeremias manuel_sidoti4015421.xml","","","","","","","","","","","","","","SKIP","formato excluido: raíz distinta de <project>"
"4015426__MilimetroCero_MilimetroCero4015426.xml","273","21","21","0","4","4","124","140","252","252","138.51479999999998","160.31229999999996","2927","OK",""
"4015431__Nelson_Maldonado4015431.xml","8","1","1","0","4","3","5","3","7","7","2.6248","2.5028","104","OK",""
"4015432__Roberto_Martinez4015432.xml","","","","","","","","","","","","","","SKIP","formato excluido: raíz distinta de <project>"
"4015434__raul_oviedo4015434.xml","12","1","1","0","4","4","11","12","11","11","6.289899999999998","3.6644","141","OK",""
"4015439__Nelson_Maldonado4015439.xml","11","1","1","0","4","4","5","6","10","10","6.985","4.237","108","OK",""
"4015442__Francisco_Calderon4015442.xml","","","","","","","","","","","","","","SKIP","formato excluido: raíz distinta de <project>"
"4015443__Francisco_Aranda4015443.xml","31","2","2","0","8","4","24","19","29","29","16.027999999999995","18.359599999999997","360","OK",""
"4015447__Francisco_Aranda4015447.xml","2","1","1","0","4","4","2","2","1","1","0.7544","0.7544","23","OK",""
"4015466__Francisco_Calderon4015466.xml","","","","","","","","","","","","","","SKIP","formato excluido: raíz distinta de <project>"